[2025-11-23T07:57:22.444+0000] {processor.py:186} INFO - Started process (PID=244) to work on /opt/airflow/dags/driven_data_pipeline.py
[2025-11-23T07:57:22.446+0000] {processor.py:914} INFO - Processing file /opt/airflow/dags/driven_data_pipeline.py for tasks to queue
[2025-11-23T07:57:22.469+0000] {logging_mixin.py:190} INFO - [2025-11-23T07:57:22.465+0000] {dagbag.py:588} INFO - Filling up the DagBag from /opt/airflow/dags/driven_data_pipeline.py
[2025-11-23T07:57:22.586+0000] {processor.py:925} INFO - DAG(s) 'extract_raw_data_pipeline' retrieved from /opt/airflow/dags/driven_data_pipeline.py
[2025-11-23T07:57:24.540+0000] {logging_mixin.py:190} INFO - [2025-11-23T07:57:24.536+0000] {override.py:1900} INFO - Created Permission View: can read on DAG:extract_raw_data_pipeline
[2025-11-23T07:57:24.579+0000] {logging_mixin.py:190} INFO - [2025-11-23T07:57:24.578+0000] {override.py:1900} INFO - Created Permission View: can delete on DAG:extract_raw_data_pipeline
[2025-11-23T07:57:24.623+0000] {logging_mixin.py:190} INFO - [2025-11-23T07:57:24.622+0000] {override.py:1900} INFO - Created Permission View: can edit on DAG:extract_raw_data_pipeline
[2025-11-23T07:57:24.650+0000] {logging_mixin.py:190} INFO - [2025-11-23T07:57:24.649+0000] {override.py:1900} INFO - Created Permission View: can read on DAG Run:extract_raw_data_pipeline
[2025-11-23T07:57:24.668+0000] {logging_mixin.py:190} INFO - [2025-11-23T07:57:24.667+0000] {override.py:1900} INFO - Created Permission View: can delete on DAG Run:extract_raw_data_pipeline
[2025-11-23T07:57:24.685+0000] {logging_mixin.py:190} INFO - [2025-11-23T07:57:24.684+0000] {override.py:1900} INFO - Created Permission View: can create on DAG Run:extract_raw_data_pipeline
[2025-11-23T07:57:24.704+0000] {logging_mixin.py:190} INFO - [2025-11-23T07:57:24.704+0000] {override.py:1900} INFO - Created Permission View: menu access on DAG Run:extract_raw_data_pipeline
[2025-11-23T07:57:24.705+0000] {logging_mixin.py:190} INFO - [2025-11-23T07:57:24.705+0000] {dag.py:3239} INFO - Sync 1 DAGs
[2025-11-23T07:57:24.752+0000] {logging_mixin.py:190} INFO - [2025-11-23T07:57:24.751+0000] {dag.py:3262} INFO - Creating ORM DAG for extract_raw_data_pipeline
[2025-11-23T07:57:24.793+0000] {logging_mixin.py:190} INFO - [2025-11-23T07:57:24.792+0000] {dag.py:4180} INFO - Setting next_dagrun for extract_raw_data_pipeline to 2025-11-22 07:00:00+00:00, run_after=2025-11-23 07:00:00+00:00
[2025-11-23T07:57:24.886+0000] {processor.py:208} INFO - Processing /opt/airflow/dags/driven_data_pipeline.py took 2.481 seconds
[2025-11-23T07:57:55.246+0000] {processor.py:186} INFO - Started process (PID=251) to work on /opt/airflow/dags/driven_data_pipeline.py
[2025-11-23T07:57:55.249+0000] {processor.py:914} INFO - Processing file /opt/airflow/dags/driven_data_pipeline.py for tasks to queue
[2025-11-23T07:57:55.253+0000] {logging_mixin.py:190} INFO - [2025-11-23T07:57:55.252+0000] {dagbag.py:588} INFO - Filling up the DagBag from /opt/airflow/dags/driven_data_pipeline.py
[2025-11-23T07:57:55.278+0000] {processor.py:925} INFO - DAG(s) 'extract_raw_data_pipeline' retrieved from /opt/airflow/dags/driven_data_pipeline.py
[2025-11-23T07:57:55.327+0000] {logging_mixin.py:190} INFO - [2025-11-23T07:57:55.326+0000] {dag.py:3239} INFO - Sync 1 DAGs
[2025-11-23T07:57:55.375+0000] {logging_mixin.py:190} INFO - [2025-11-23T07:57:55.375+0000] {dag.py:4180} INFO - Setting next_dagrun for extract_raw_data_pipeline to 2025-11-22 07:00:00+00:00, run_after=2025-11-23 07:00:00+00:00
[2025-11-23T07:57:55.603+0000] {processor.py:208} INFO - Processing /opt/airflow/dags/driven_data_pipeline.py took 0.367 seconds
[2025-11-23T07:58:25.918+0000] {processor.py:186} INFO - Started process (PID=258) to work on /opt/airflow/dags/driven_data_pipeline.py
[2025-11-23T07:58:25.920+0000] {processor.py:914} INFO - Processing file /opt/airflow/dags/driven_data_pipeline.py for tasks to queue
[2025-11-23T07:58:25.924+0000] {logging_mixin.py:190} INFO - [2025-11-23T07:58:25.923+0000] {dagbag.py:588} INFO - Filling up the DagBag from /opt/airflow/dags/driven_data_pipeline.py
[2025-11-23T07:58:25.954+0000] {processor.py:925} INFO - DAG(s) 'extract_raw_data_pipeline' retrieved from /opt/airflow/dags/driven_data_pipeline.py
[2025-11-23T07:58:26.000+0000] {logging_mixin.py:190} INFO - [2025-11-23T07:58:25.999+0000] {dag.py:3239} INFO - Sync 1 DAGs
[2025-11-23T07:58:26.257+0000] {logging_mixin.py:190} INFO - [2025-11-23T07:58:26.257+0000] {dag.py:4180} INFO - Setting next_dagrun for extract_raw_data_pipeline to 2025-11-22 07:00:00+00:00, run_after=2025-11-23 07:00:00+00:00
[2025-11-23T07:58:26.289+0000] {processor.py:208} INFO - Processing /opt/airflow/dags/driven_data_pipeline.py took 0.382 seconds
[2025-11-23T07:58:56.621+0000] {processor.py:186} INFO - Started process (PID=265) to work on /opt/airflow/dags/driven_data_pipeline.py
[2025-11-23T07:58:56.623+0000] {processor.py:914} INFO - Processing file /opt/airflow/dags/driven_data_pipeline.py for tasks to queue
[2025-11-23T07:58:56.627+0000] {logging_mixin.py:190} INFO - [2025-11-23T07:58:56.627+0000] {dagbag.py:588} INFO - Filling up the DagBag from /opt/airflow/dags/driven_data_pipeline.py
[2025-11-23T07:58:56.655+0000] {processor.py:925} INFO - DAG(s) 'extract_raw_data_pipeline' retrieved from /opt/airflow/dags/driven_data_pipeline.py
[2025-11-23T07:58:56.950+0000] {logging_mixin.py:190} INFO - [2025-11-23T07:58:56.950+0000] {dag.py:3239} INFO - Sync 1 DAGs
[2025-11-23T07:58:56.988+0000] {logging_mixin.py:190} INFO - [2025-11-23T07:58:56.988+0000] {dag.py:4180} INFO - Setting next_dagrun for extract_raw_data_pipeline to 2025-11-22 07:00:00+00:00, run_after=2025-11-23 07:00:00+00:00
[2025-11-23T07:58:57.015+0000] {processor.py:208} INFO - Processing /opt/airflow/dags/driven_data_pipeline.py took 0.406 seconds
[2025-11-23T07:59:27.343+0000] {processor.py:186} INFO - Started process (PID=272) to work on /opt/airflow/dags/driven_data_pipeline.py
[2025-11-23T07:59:27.344+0000] {processor.py:914} INFO - Processing file /opt/airflow/dags/driven_data_pipeline.py for tasks to queue
[2025-11-23T07:59:27.348+0000] {logging_mixin.py:190} INFO - [2025-11-23T07:59:27.347+0000] {dagbag.py:588} INFO - Filling up the DagBag from /opt/airflow/dags/driven_data_pipeline.py
[2025-11-23T07:59:27.371+0000] {processor.py:925} INFO - DAG(s) 'extract_raw_data_pipeline' retrieved from /opt/airflow/dags/driven_data_pipeline.py
[2025-11-23T07:59:27.647+0000] {logging_mixin.py:190} INFO - [2025-11-23T07:59:27.647+0000] {dag.py:3239} INFO - Sync 1 DAGs
[2025-11-23T07:59:27.677+0000] {logging_mixin.py:190} INFO - [2025-11-23T07:59:27.676+0000] {dag.py:4180} INFO - Setting next_dagrun for extract_raw_data_pipeline to 2025-11-22 07:00:00+00:00, run_after=2025-11-23 07:00:00+00:00
[2025-11-23T07:59:27.702+0000] {processor.py:208} INFO - Processing /opt/airflow/dags/driven_data_pipeline.py took 0.367 seconds
[2025-11-23T07:59:58.265+0000] {processor.py:186} INFO - Started process (PID=279) to work on /opt/airflow/dags/driven_data_pipeline.py
[2025-11-23T07:59:58.268+0000] {processor.py:914} INFO - Processing file /opt/airflow/dags/driven_data_pipeline.py for tasks to queue
[2025-11-23T07:59:58.274+0000] {logging_mixin.py:190} INFO - [2025-11-23T07:59:58.273+0000] {dagbag.py:588} INFO - Filling up the DagBag from /opt/airflow/dags/driven_data_pipeline.py
[2025-11-23T07:59:58.407+0000] {processor.py:925} INFO - DAG(s) 'extract_raw_data_pipeline' retrieved from /opt/airflow/dags/driven_data_pipeline.py
[2025-11-23T07:59:58.509+0000] {logging_mixin.py:190} INFO - [2025-11-23T07:59:58.509+0000] {dag.py:3239} INFO - Sync 1 DAGs
[2025-11-23T07:59:58.551+0000] {logging_mixin.py:190} INFO - [2025-11-23T07:59:58.551+0000] {dag.py:4180} INFO - Setting next_dagrun for extract_raw_data_pipeline to 2025-11-22 07:00:00+00:00, run_after=2025-11-23 07:00:00+00:00
[2025-11-23T07:59:58.579+0000] {processor.py:208} INFO - Processing /opt/airflow/dags/driven_data_pipeline.py took 0.331 seconds
[2025-11-23T08:00:28.927+0000] {processor.py:186} INFO - Started process (PID=286) to work on /opt/airflow/dags/driven_data_pipeline.py
[2025-11-23T08:00:28.930+0000] {processor.py:914} INFO - Processing file /opt/airflow/dags/driven_data_pipeline.py for tasks to queue
[2025-11-23T08:00:28.934+0000] {logging_mixin.py:190} INFO - [2025-11-23T08:00:28.933+0000] {dagbag.py:588} INFO - Filling up the DagBag from /opt/airflow/dags/driven_data_pipeline.py
[2025-11-23T08:00:28.966+0000] {processor.py:925} INFO - DAG(s) 'extract_raw_data_pipeline' retrieved from /opt/airflow/dags/driven_data_pipeline.py
[2025-11-23T08:00:29.011+0000] {logging_mixin.py:190} INFO - [2025-11-23T08:00:29.010+0000] {dag.py:3239} INFO - Sync 1 DAGs
[2025-11-23T08:00:29.047+0000] {logging_mixin.py:190} INFO - [2025-11-23T08:00:29.047+0000] {dag.py:4180} INFO - Setting next_dagrun for extract_raw_data_pipeline to 2025-11-22 07:00:00+00:00, run_after=2025-11-23 07:00:00+00:00
[2025-11-23T08:00:29.073+0000] {processor.py:208} INFO - Processing /opt/airflow/dags/driven_data_pipeline.py took 0.157 seconds
[2025-11-23T08:00:59.260+0000] {processor.py:186} INFO - Started process (PID=293) to work on /opt/airflow/dags/driven_data_pipeline.py
[2025-11-23T08:00:59.264+0000] {processor.py:914} INFO - Processing file /opt/airflow/dags/driven_data_pipeline.py for tasks to queue
[2025-11-23T08:00:59.269+0000] {logging_mixin.py:190} INFO - [2025-11-23T08:00:59.269+0000] {dagbag.py:588} INFO - Filling up the DagBag from /opt/airflow/dags/driven_data_pipeline.py
[2025-11-23T08:00:59.312+0000] {processor.py:925} INFO - DAG(s) 'extract_raw_data_pipeline' retrieved from /opt/airflow/dags/driven_data_pipeline.py
[2025-11-23T08:00:59.365+0000] {logging_mixin.py:190} INFO - [2025-11-23T08:00:59.364+0000] {dag.py:3239} INFO - Sync 1 DAGs
[2025-11-23T08:00:59.406+0000] {logging_mixin.py:190} INFO - [2025-11-23T08:00:59.406+0000] {dag.py:4180} INFO - Setting next_dagrun for extract_raw_data_pipeline to 2025-11-22 07:00:00+00:00, run_after=2025-11-23 07:00:00+00:00
[2025-11-23T08:00:59.440+0000] {processor.py:208} INFO - Processing /opt/airflow/dags/driven_data_pipeline.py took 0.192 seconds
[2025-11-23T08:01:29.737+0000] {processor.py:186} INFO - Started process (PID=300) to work on /opt/airflow/dags/driven_data_pipeline.py
[2025-11-23T08:01:29.740+0000] {processor.py:914} INFO - Processing file /opt/airflow/dags/driven_data_pipeline.py for tasks to queue
[2025-11-23T08:01:29.745+0000] {logging_mixin.py:190} INFO - [2025-11-23T08:01:29.743+0000] {dagbag.py:588} INFO - Filling up the DagBag from /opt/airflow/dags/driven_data_pipeline.py
[2025-11-23T08:01:29.777+0000] {processor.py:925} INFO - DAG(s) 'extract_raw_data_pipeline' retrieved from /opt/airflow/dags/driven_data_pipeline.py
[2025-11-23T08:01:29.824+0000] {logging_mixin.py:190} INFO - [2025-11-23T08:01:29.824+0000] {dag.py:3239} INFO - Sync 1 DAGs
[2025-11-23T08:01:29.857+0000] {logging_mixin.py:190} INFO - [2025-11-23T08:01:29.857+0000] {dag.py:4180} INFO - Setting next_dagrun for extract_raw_data_pipeline to 2025-11-22 07:00:00+00:00, run_after=2025-11-23 07:00:00+00:00
[2025-11-23T08:01:29.882+0000] {processor.py:208} INFO - Processing /opt/airflow/dags/driven_data_pipeline.py took 0.165 seconds
[2025-11-23T08:01:52.987+0000] {processor.py:186} INFO - Started process (PID=307) to work on /opt/airflow/dags/driven_data_pipeline.py
[2025-11-23T08:01:52.989+0000] {processor.py:914} INFO - Processing file /opt/airflow/dags/driven_data_pipeline.py for tasks to queue
[2025-11-23T08:01:52.994+0000] {logging_mixin.py:190} INFO - [2025-11-23T08:01:52.992+0000] {dagbag.py:588} INFO - Filling up the DagBag from /opt/airflow/dags/driven_data_pipeline.py
[2025-11-23T08:01:53.032+0000] {processor.py:925} INFO - DAG(s) 'extract_raw_data_pipeline' retrieved from /opt/airflow/dags/driven_data_pipeline.py
[2025-11-23T08:01:53.344+0000] {logging_mixin.py:190} INFO - [2025-11-23T08:01:53.341+0000] {dag.py:3239} INFO - Sync 1 DAGs
[2025-11-23T08:01:53.415+0000] {logging_mixin.py:190} INFO - [2025-11-23T08:01:53.415+0000] {dag.py:4180} INFO - Setting next_dagrun for extract_raw_data_pipeline to 2025-11-22 07:00:00+00:00, run_after=2025-11-23 07:00:00+00:00
[2025-11-23T08:01:53.461+0000] {processor.py:208} INFO - Processing /opt/airflow/dags/driven_data_pipeline.py took 0.486 seconds
[2025-11-23T08:02:13.499+0000] {processor.py:186} INFO - Started process (PID=308) to work on /opt/airflow/dags/driven_data_pipeline.py
[2025-11-23T08:02:13.503+0000] {processor.py:914} INFO - Processing file /opt/airflow/dags/driven_data_pipeline.py for tasks to queue
[2025-11-23T08:02:13.511+0000] {logging_mixin.py:190} INFO - [2025-11-23T08:02:13.510+0000] {dagbag.py:588} INFO - Filling up the DagBag from /opt/airflow/dags/driven_data_pipeline.py
[2025-11-23T08:02:13.568+0000] {processor.py:925} INFO - DAG(s) 'extract_raw_data_pipeline' retrieved from /opt/airflow/dags/driven_data_pipeline.py
[2025-11-23T08:02:13.596+0000] {logging_mixin.py:190} INFO - [2025-11-23T08:02:13.596+0000] {dag.py:3239} INFO - Sync 1 DAGs
[2025-11-23T08:02:13.647+0000] {logging_mixin.py:190} INFO - [2025-11-23T08:02:13.647+0000] {dag.py:4180} INFO - Setting next_dagrun for extract_raw_data_pipeline to 2025-11-22 07:00:00+00:00, run_after=2025-11-23 07:00:00+00:00
[2025-11-23T08:02:13.715+0000] {processor.py:208} INFO - Processing /opt/airflow/dags/driven_data_pipeline.py took 0.241 seconds
[2025-11-23T08:02:28.857+0000] {processor.py:186} INFO - Started process (PID=315) to work on /opt/airflow/dags/driven_data_pipeline.py
[2025-11-23T08:02:28.859+0000] {processor.py:914} INFO - Processing file /opt/airflow/dags/driven_data_pipeline.py for tasks to queue
[2025-11-23T08:02:28.863+0000] {logging_mixin.py:190} INFO - [2025-11-23T08:02:28.862+0000] {dagbag.py:588} INFO - Filling up the DagBag from /opt/airflow/dags/driven_data_pipeline.py
[2025-11-23T08:02:28.894+0000] {processor.py:925} INFO - DAG(s) 'extract_raw_data_pipeline' retrieved from /opt/airflow/dags/driven_data_pipeline.py
[2025-11-23T08:02:29.129+0000] {logging_mixin.py:190} INFO - [2025-11-23T08:02:29.129+0000] {dag.py:3239} INFO - Sync 1 DAGs
[2025-11-23T08:02:29.165+0000] {logging_mixin.py:190} INFO - [2025-11-23T08:02:29.165+0000] {dag.py:4180} INFO - Setting next_dagrun for extract_raw_data_pipeline to 2025-11-22 07:00:00+00:00, run_after=2025-11-23 07:00:00+00:00
[2025-11-23T08:02:29.195+0000] {processor.py:208} INFO - Processing /opt/airflow/dags/driven_data_pipeline.py took 0.347 seconds
[2025-11-23T08:02:59.495+0000] {processor.py:186} INFO - Started process (PID=322) to work on /opt/airflow/dags/driven_data_pipeline.py
[2025-11-23T08:02:59.497+0000] {processor.py:914} INFO - Processing file /opt/airflow/dags/driven_data_pipeline.py for tasks to queue
[2025-11-23T08:02:59.501+0000] {logging_mixin.py:190} INFO - [2025-11-23T08:02:59.501+0000] {dagbag.py:588} INFO - Filling up the DagBag from /opt/airflow/dags/driven_data_pipeline.py
[2025-11-23T08:02:59.536+0000] {processor.py:925} INFO - DAG(s) 'extract_raw_data_pipeline' retrieved from /opt/airflow/dags/driven_data_pipeline.py
[2025-11-23T08:02:59.605+0000] {logging_mixin.py:190} INFO - [2025-11-23T08:02:59.605+0000] {dag.py:3239} INFO - Sync 1 DAGs
[2025-11-23T08:02:59.644+0000] {logging_mixin.py:190} INFO - [2025-11-23T08:02:59.644+0000] {dag.py:4180} INFO - Setting next_dagrun for extract_raw_data_pipeline to 2025-11-22 07:00:00+00:00, run_after=2025-11-23 07:00:00+00:00
[2025-11-23T08:02:59.674+0000] {processor.py:208} INFO - Processing /opt/airflow/dags/driven_data_pipeline.py took 0.189 seconds
[2025-11-23T08:03:29.813+0000] {processor.py:186} INFO - Started process (PID=329) to work on /opt/airflow/dags/driven_data_pipeline.py
[2025-11-23T08:03:29.815+0000] {processor.py:914} INFO - Processing file /opt/airflow/dags/driven_data_pipeline.py for tasks to queue
[2025-11-23T08:03:29.820+0000] {logging_mixin.py:190} INFO - [2025-11-23T08:03:29.819+0000] {dagbag.py:588} INFO - Filling up the DagBag from /opt/airflow/dags/driven_data_pipeline.py
[2025-11-23T08:03:29.850+0000] {processor.py:925} INFO - DAG(s) 'extract_raw_data_pipeline' retrieved from /opt/airflow/dags/driven_data_pipeline.py
[2025-11-23T08:03:29.893+0000] {logging_mixin.py:190} INFO - [2025-11-23T08:03:29.893+0000] {dag.py:3239} INFO - Sync 1 DAGs
[2025-11-23T08:03:29.944+0000] {logging_mixin.py:190} INFO - [2025-11-23T08:03:29.943+0000] {dag.py:4180} INFO - Setting next_dagrun for extract_raw_data_pipeline to 2025-11-22 07:00:00+00:00, run_after=2025-11-23 07:00:00+00:00
[2025-11-23T08:03:29.974+0000] {processor.py:208} INFO - Processing /opt/airflow/dags/driven_data_pipeline.py took 0.172 seconds
[2025-11-23T08:04:00.470+0000] {processor.py:186} INFO - Started process (PID=335) to work on /opt/airflow/dags/driven_data_pipeline.py
[2025-11-23T08:04:00.472+0000] {processor.py:914} INFO - Processing file /opt/airflow/dags/driven_data_pipeline.py for tasks to queue
[2025-11-23T08:04:00.476+0000] {logging_mixin.py:190} INFO - [2025-11-23T08:04:00.476+0000] {dagbag.py:588} INFO - Filling up the DagBag from /opt/airflow/dags/driven_data_pipeline.py
[2025-11-23T08:04:00.502+0000] {processor.py:925} INFO - DAG(s) 'extract_raw_data_pipeline' retrieved from /opt/airflow/dags/driven_data_pipeline.py
[2025-11-23T08:04:00.544+0000] {logging_mixin.py:190} INFO - [2025-11-23T08:04:00.544+0000] {dag.py:3239} INFO - Sync 1 DAGs
[2025-11-23T08:04:00.579+0000] {logging_mixin.py:190} INFO - [2025-11-23T08:04:00.578+0000] {dag.py:4180} INFO - Setting next_dagrun for extract_raw_data_pipeline to 2025-11-22 07:00:00+00:00, run_after=2025-11-23 07:00:00+00:00
[2025-11-23T08:04:00.603+0000] {processor.py:208} INFO - Processing /opt/airflow/dags/driven_data_pipeline.py took 0.141 seconds
[2025-11-23T08:04:30.831+0000] {processor.py:186} INFO - Started process (PID=342) to work on /opt/airflow/dags/driven_data_pipeline.py
[2025-11-23T08:04:30.835+0000] {processor.py:914} INFO - Processing file /opt/airflow/dags/driven_data_pipeline.py for tasks to queue
[2025-11-23T08:04:30.844+0000] {logging_mixin.py:190} INFO - [2025-11-23T08:04:30.843+0000] {dagbag.py:588} INFO - Filling up the DagBag from /opt/airflow/dags/driven_data_pipeline.py
[2025-11-23T08:04:30.914+0000] {processor.py:925} INFO - DAG(s) 'extract_raw_data_pipeline' retrieved from /opt/airflow/dags/driven_data_pipeline.py
[2025-11-23T08:04:31.032+0000] {logging_mixin.py:190} INFO - [2025-11-23T08:04:31.032+0000] {dag.py:3239} INFO - Sync 1 DAGs
[2025-11-23T08:04:31.082+0000] {logging_mixin.py:190} INFO - [2025-11-23T08:04:31.082+0000] {dag.py:4180} INFO - Setting next_dagrun for extract_raw_data_pipeline to 2025-11-22 07:00:00+00:00, run_after=2025-11-23 07:00:00+00:00
[2025-11-23T08:04:31.119+0000] {processor.py:208} INFO - Processing /opt/airflow/dags/driven_data_pipeline.py took 0.322 seconds
[2025-11-23T08:05:01.289+0000] {processor.py:186} INFO - Started process (PID=349) to work on /opt/airflow/dags/driven_data_pipeline.py
[2025-11-23T08:05:01.291+0000] {processor.py:914} INFO - Processing file /opt/airflow/dags/driven_data_pipeline.py for tasks to queue
[2025-11-23T08:05:01.297+0000] {logging_mixin.py:190} INFO - [2025-11-23T08:05:01.296+0000] {dagbag.py:588} INFO - Filling up the DagBag from /opt/airflow/dags/driven_data_pipeline.py
[2025-11-23T08:05:01.330+0000] {processor.py:925} INFO - DAG(s) 'extract_raw_data_pipeline' retrieved from /opt/airflow/dags/driven_data_pipeline.py
[2025-11-23T08:05:01.398+0000] {logging_mixin.py:190} INFO - [2025-11-23T08:05:01.397+0000] {dag.py:3239} INFO - Sync 1 DAGs
[2025-11-23T08:05:01.449+0000] {logging_mixin.py:190} INFO - [2025-11-23T08:05:01.448+0000] {dag.py:4180} INFO - Setting next_dagrun for extract_raw_data_pipeline to 2025-11-22 07:00:00+00:00, run_after=2025-11-23 07:00:00+00:00
[2025-11-23T08:05:01.486+0000] {processor.py:208} INFO - Processing /opt/airflow/dags/driven_data_pipeline.py took 0.212 seconds
[2025-11-23T08:05:31.774+0000] {processor.py:186} INFO - Started process (PID=356) to work on /opt/airflow/dags/driven_data_pipeline.py
[2025-11-23T08:05:31.777+0000] {processor.py:914} INFO - Processing file /opt/airflow/dags/driven_data_pipeline.py for tasks to queue
[2025-11-23T08:05:31.783+0000] {logging_mixin.py:190} INFO - [2025-11-23T08:05:31.782+0000] {dagbag.py:588} INFO - Filling up the DagBag from /opt/airflow/dags/driven_data_pipeline.py
[2025-11-23T08:05:31.830+0000] {processor.py:925} INFO - DAG(s) 'extract_raw_data_pipeline' retrieved from /opt/airflow/dags/driven_data_pipeline.py
[2025-11-23T08:05:31.900+0000] {logging_mixin.py:190} INFO - [2025-11-23T08:05:31.899+0000] {dag.py:3239} INFO - Sync 1 DAGs
[2025-11-23T08:05:31.973+0000] {logging_mixin.py:190} INFO - [2025-11-23T08:05:31.972+0000] {dag.py:4180} INFO - Setting next_dagrun for extract_raw_data_pipeline to 2025-11-22 07:00:00+00:00, run_after=2025-11-23 07:00:00+00:00
[2025-11-23T08:05:32.029+0000] {processor.py:208} INFO - Processing /opt/airflow/dags/driven_data_pipeline.py took 0.271 seconds
[2025-11-23T08:06:02.167+0000] {processor.py:186} INFO - Started process (PID=363) to work on /opt/airflow/dags/driven_data_pipeline.py
[2025-11-23T08:06:02.170+0000] {processor.py:914} INFO - Processing file /opt/airflow/dags/driven_data_pipeline.py for tasks to queue
[2025-11-23T08:06:02.178+0000] {logging_mixin.py:190} INFO - [2025-11-23T08:06:02.177+0000] {dagbag.py:588} INFO - Filling up the DagBag from /opt/airflow/dags/driven_data_pipeline.py
[2025-11-23T08:06:02.233+0000] {processor.py:925} INFO - DAG(s) 'extract_raw_data_pipeline' retrieved from /opt/airflow/dags/driven_data_pipeline.py
[2025-11-23T08:06:02.314+0000] {logging_mixin.py:190} INFO - [2025-11-23T08:06:02.314+0000] {dag.py:3239} INFO - Sync 1 DAGs
[2025-11-23T08:06:02.397+0000] {logging_mixin.py:190} INFO - [2025-11-23T08:06:02.396+0000] {dag.py:4180} INFO - Setting next_dagrun for extract_raw_data_pipeline to 2025-11-22 07:00:00+00:00, run_after=2025-11-23 07:00:00+00:00
[2025-11-23T08:06:02.464+0000] {processor.py:208} INFO - Processing /opt/airflow/dags/driven_data_pipeline.py took 0.315 seconds
[2025-11-23T08:06:26.725+0000] {processor.py:186} INFO - Started process (PID=370) to work on /opt/airflow/dags/driven_data_pipeline.py
[2025-11-23T08:06:26.727+0000] {processor.py:914} INFO - Processing file /opt/airflow/dags/driven_data_pipeline.py for tasks to queue
[2025-11-23T08:06:26.734+0000] {logging_mixin.py:190} INFO - [2025-11-23T08:06:26.733+0000] {dagbag.py:588} INFO - Filling up the DagBag from /opt/airflow/dags/driven_data_pipeline.py
[2025-11-23T08:06:26.780+0000] {processor.py:925} INFO - DAG(s) 'extract_raw_data_pipeline' retrieved from /opt/airflow/dags/driven_data_pipeline.py
[2025-11-23T08:06:26.857+0000] {logging_mixin.py:190} INFO - [2025-11-23T08:06:26.856+0000] {dag.py:3239} INFO - Sync 1 DAGs
[2025-11-23T08:06:26.930+0000] {logging_mixin.py:190} INFO - [2025-11-23T08:06:26.930+0000] {dag.py:4180} INFO - Setting next_dagrun for extract_raw_data_pipeline to 2025-11-22 07:00:00+00:00, run_after=2025-11-23 07:00:00+00:00
[2025-11-23T08:06:26.981+0000] {processor.py:208} INFO - Processing /opt/airflow/dags/driven_data_pipeline.py took 0.278 seconds
[2025-11-23T08:06:57.273+0000] {processor.py:186} INFO - Started process (PID=377) to work on /opt/airflow/dags/driven_data_pipeline.py
[2025-11-23T08:06:57.275+0000] {processor.py:914} INFO - Processing file /opt/airflow/dags/driven_data_pipeline.py for tasks to queue
[2025-11-23T08:06:57.278+0000] {logging_mixin.py:190} INFO - [2025-11-23T08:06:57.278+0000] {dagbag.py:588} INFO - Filling up the DagBag from /opt/airflow/dags/driven_data_pipeline.py
[2025-11-23T08:06:57.306+0000] {processor.py:925} INFO - DAG(s) 'extract_raw_data_pipeline' retrieved from /opt/airflow/dags/driven_data_pipeline.py
[2025-11-23T08:06:57.353+0000] {logging_mixin.py:190} INFO - [2025-11-23T08:06:57.353+0000] {dag.py:3239} INFO - Sync 1 DAGs
[2025-11-23T08:06:57.388+0000] {logging_mixin.py:190} INFO - [2025-11-23T08:06:57.387+0000] {dag.py:4180} INFO - Setting next_dagrun for extract_raw_data_pipeline to 2025-11-22 07:00:00+00:00, run_after=2025-11-23 07:00:00+00:00
[2025-11-23T08:06:57.415+0000] {processor.py:208} INFO - Processing /opt/airflow/dags/driven_data_pipeline.py took 0.150 seconds
[2025-11-23T08:07:27.738+0000] {processor.py:186} INFO - Started process (PID=384) to work on /opt/airflow/dags/driven_data_pipeline.py
[2025-11-23T08:07:27.739+0000] {processor.py:914} INFO - Processing file /opt/airflow/dags/driven_data_pipeline.py for tasks to queue
[2025-11-23T08:07:27.744+0000] {logging_mixin.py:190} INFO - [2025-11-23T08:07:27.743+0000] {dagbag.py:588} INFO - Filling up the DagBag from /opt/airflow/dags/driven_data_pipeline.py
[2025-11-23T08:07:27.771+0000] {processor.py:925} INFO - DAG(s) 'extract_raw_data_pipeline' retrieved from /opt/airflow/dags/driven_data_pipeline.py
[2025-11-23T08:07:27.820+0000] {logging_mixin.py:190} INFO - [2025-11-23T08:07:27.820+0000] {dag.py:3239} INFO - Sync 1 DAGs
[2025-11-23T08:07:27.858+0000] {logging_mixin.py:190} INFO - [2025-11-23T08:07:27.857+0000] {dag.py:4180} INFO - Setting next_dagrun for extract_raw_data_pipeline to 2025-11-22 07:00:00+00:00, run_after=2025-11-23 07:00:00+00:00
[2025-11-23T08:07:27.887+0000] {processor.py:208} INFO - Processing /opt/airflow/dags/driven_data_pipeline.py took 0.158 seconds
[2025-11-23T08:07:58.023+0000] {processor.py:186} INFO - Started process (PID=391) to work on /opt/airflow/dags/driven_data_pipeline.py
[2025-11-23T08:07:58.024+0000] {processor.py:914} INFO - Processing file /opt/airflow/dags/driven_data_pipeline.py for tasks to queue
[2025-11-23T08:07:58.028+0000] {logging_mixin.py:190} INFO - [2025-11-23T08:07:58.028+0000] {dagbag.py:588} INFO - Filling up the DagBag from /opt/airflow/dags/driven_data_pipeline.py
[2025-11-23T08:07:58.053+0000] {processor.py:925} INFO - DAG(s) 'extract_raw_data_pipeline' retrieved from /opt/airflow/dags/driven_data_pipeline.py
[2025-11-23T08:07:58.097+0000] {logging_mixin.py:190} INFO - [2025-11-23T08:07:58.096+0000] {dag.py:3239} INFO - Sync 1 DAGs
[2025-11-23T08:07:58.133+0000] {logging_mixin.py:190} INFO - [2025-11-23T08:07:58.133+0000] {dag.py:4180} INFO - Setting next_dagrun for extract_raw_data_pipeline to 2025-11-22 07:00:00+00:00, run_after=2025-11-23 07:00:00+00:00
[2025-11-23T08:07:58.164+0000] {processor.py:208} INFO - Processing /opt/airflow/dags/driven_data_pipeline.py took 0.150 seconds
[2025-11-23T08:08:28.444+0000] {processor.py:186} INFO - Started process (PID=398) to work on /opt/airflow/dags/driven_data_pipeline.py
[2025-11-23T08:08:28.447+0000] {processor.py:914} INFO - Processing file /opt/airflow/dags/driven_data_pipeline.py for tasks to queue
[2025-11-23T08:08:28.459+0000] {logging_mixin.py:190} INFO - [2025-11-23T08:08:28.454+0000] {dagbag.py:588} INFO - Filling up the DagBag from /opt/airflow/dags/driven_data_pipeline.py
[2025-11-23T08:08:28.520+0000] {processor.py:925} INFO - DAG(s) 'extract_raw_data_pipeline' retrieved from /opt/airflow/dags/driven_data_pipeline.py
[2025-11-23T08:08:28.621+0000] {logging_mixin.py:190} INFO - [2025-11-23T08:08:28.620+0000] {dag.py:3239} INFO - Sync 1 DAGs
[2025-11-23T08:08:28.728+0000] {logging_mixin.py:190} INFO - [2025-11-23T08:08:28.727+0000] {dag.py:4180} INFO - Setting next_dagrun for extract_raw_data_pipeline to 2025-11-22 07:00:00+00:00, run_after=2025-11-23 07:00:00+00:00
[2025-11-23T08:08:28.781+0000] {processor.py:208} INFO - Processing /opt/airflow/dags/driven_data_pipeline.py took 0.354 seconds
[2025-11-23T08:08:59.139+0000] {processor.py:186} INFO - Started process (PID=404) to work on /opt/airflow/dags/driven_data_pipeline.py
[2025-11-23T08:08:59.141+0000] {processor.py:914} INFO - Processing file /opt/airflow/dags/driven_data_pipeline.py for tasks to queue
[2025-11-23T08:08:59.144+0000] {logging_mixin.py:190} INFO - [2025-11-23T08:08:59.144+0000] {dagbag.py:588} INFO - Filling up the DagBag from /opt/airflow/dags/driven_data_pipeline.py
[2025-11-23T08:08:59.175+0000] {processor.py:925} INFO - DAG(s) 'extract_raw_data_pipeline' retrieved from /opt/airflow/dags/driven_data_pipeline.py
[2025-11-23T08:08:59.233+0000] {logging_mixin.py:190} INFO - [2025-11-23T08:08:59.233+0000] {dag.py:3239} INFO - Sync 1 DAGs
[2025-11-23T08:08:59.286+0000] {logging_mixin.py:190} INFO - [2025-11-23T08:08:59.286+0000] {dag.py:4180} INFO - Setting next_dagrun for extract_raw_data_pipeline to 2025-11-22 07:00:00+00:00, run_after=2025-11-23 07:00:00+00:00
[2025-11-23T08:08:59.317+0000] {processor.py:208} INFO - Processing /opt/airflow/dags/driven_data_pipeline.py took 0.187 seconds
[2025-11-23T08:09:29.470+0000] {processor.py:186} INFO - Started process (PID=411) to work on /opt/airflow/dags/driven_data_pipeline.py
[2025-11-23T08:09:29.473+0000] {processor.py:914} INFO - Processing file /opt/airflow/dags/driven_data_pipeline.py for tasks to queue
[2025-11-23T08:09:29.480+0000] {logging_mixin.py:190} INFO - [2025-11-23T08:09:29.479+0000] {dagbag.py:588} INFO - Filling up the DagBag from /opt/airflow/dags/driven_data_pipeline.py
[2025-11-23T08:09:29.533+0000] {processor.py:925} INFO - DAG(s) 'extract_raw_data_pipeline' retrieved from /opt/airflow/dags/driven_data_pipeline.py
[2025-11-23T08:09:29.644+0000] {logging_mixin.py:190} INFO - [2025-11-23T08:09:29.644+0000] {dag.py:3239} INFO - Sync 1 DAGs
[2025-11-23T08:09:29.733+0000] {logging_mixin.py:190} INFO - [2025-11-23T08:09:29.733+0000] {dag.py:4180} INFO - Setting next_dagrun for extract_raw_data_pipeline to 2025-11-22 07:00:00+00:00, run_after=2025-11-23 07:00:00+00:00
[2025-11-23T08:09:29.777+0000] {processor.py:208} INFO - Processing /opt/airflow/dags/driven_data_pipeline.py took 0.324 seconds
[2025-11-23T08:10:00.020+0000] {processor.py:186} INFO - Started process (PID=418) to work on /opt/airflow/dags/driven_data_pipeline.py
[2025-11-23T08:10:00.021+0000] {processor.py:914} INFO - Processing file /opt/airflow/dags/driven_data_pipeline.py for tasks to queue
[2025-11-23T08:10:00.025+0000] {logging_mixin.py:190} INFO - [2025-11-23T08:10:00.025+0000] {dagbag.py:588} INFO - Filling up the DagBag from /opt/airflow/dags/driven_data_pipeline.py
[2025-11-23T08:10:00.053+0000] {processor.py:925} INFO - DAG(s) 'extract_raw_data_pipeline' retrieved from /opt/airflow/dags/driven_data_pipeline.py
[2025-11-23T08:10:00.103+0000] {logging_mixin.py:190} INFO - [2025-11-23T08:10:00.103+0000] {dag.py:3239} INFO - Sync 1 DAGs
[2025-11-23T08:10:00.142+0000] {logging_mixin.py:190} INFO - [2025-11-23T08:10:00.142+0000] {dag.py:4180} INFO - Setting next_dagrun for extract_raw_data_pipeline to 2025-11-22 07:00:00+00:00, run_after=2025-11-23 07:00:00+00:00
[2025-11-23T08:10:00.176+0000] {processor.py:208} INFO - Processing /opt/airflow/dags/driven_data_pipeline.py took 0.167 seconds
[2025-11-23T08:10:30.507+0000] {processor.py:186} INFO - Started process (PID=425) to work on /opt/airflow/dags/driven_data_pipeline.py
[2025-11-23T08:10:30.509+0000] {processor.py:914} INFO - Processing file /opt/airflow/dags/driven_data_pipeline.py for tasks to queue
[2025-11-23T08:10:30.518+0000] {logging_mixin.py:190} INFO - [2025-11-23T08:10:30.517+0000] {dagbag.py:588} INFO - Filling up the DagBag from /opt/airflow/dags/driven_data_pipeline.py
[2025-11-23T08:10:30.566+0000] {processor.py:925} INFO - DAG(s) 'extract_raw_data_pipeline' retrieved from /opt/airflow/dags/driven_data_pipeline.py
[2025-11-23T08:10:30.645+0000] {logging_mixin.py:190} INFO - [2025-11-23T08:10:30.644+0000] {dag.py:3239} INFO - Sync 1 DAGs
[2025-11-23T08:10:30.702+0000] {logging_mixin.py:190} INFO - [2025-11-23T08:10:30.701+0000] {dag.py:4180} INFO - Setting next_dagrun for extract_raw_data_pipeline to 2025-11-22 07:00:00+00:00, run_after=2025-11-23 07:00:00+00:00
[2025-11-23T08:10:30.735+0000] {processor.py:208} INFO - Processing /opt/airflow/dags/driven_data_pipeline.py took 0.244 seconds
[2025-11-23T08:11:00.838+0000] {processor.py:186} INFO - Started process (PID=431) to work on /opt/airflow/dags/driven_data_pipeline.py
[2025-11-23T08:11:00.841+0000] {processor.py:914} INFO - Processing file /opt/airflow/dags/driven_data_pipeline.py for tasks to queue
[2025-11-23T08:11:00.848+0000] {logging_mixin.py:190} INFO - [2025-11-23T08:11:00.847+0000] {dagbag.py:588} INFO - Filling up the DagBag from /opt/airflow/dags/driven_data_pipeline.py
[2025-11-23T08:11:00.891+0000] {processor.py:925} INFO - DAG(s) 'extract_raw_data_pipeline' retrieved from /opt/airflow/dags/driven_data_pipeline.py
[2025-11-23T08:11:01.076+0000] {logging_mixin.py:190} INFO - [2025-11-23T08:11:01.075+0000] {dag.py:3239} INFO - Sync 1 DAGs
[2025-11-23T08:11:01.186+0000] {logging_mixin.py:190} INFO - [2025-11-23T08:11:01.185+0000] {dag.py:4180} INFO - Setting next_dagrun for extract_raw_data_pipeline to 2025-11-22 07:00:00+00:00, run_after=2025-11-23 07:00:00+00:00
[2025-11-23T08:11:01.261+0000] {processor.py:208} INFO - Processing /opt/airflow/dags/driven_data_pipeline.py took 0.439 seconds
[2025-11-23T08:11:31.639+0000] {processor.py:186} INFO - Started process (PID=438) to work on /opt/airflow/dags/driven_data_pipeline.py
[2025-11-23T08:11:31.641+0000] {processor.py:914} INFO - Processing file /opt/airflow/dags/driven_data_pipeline.py for tasks to queue
[2025-11-23T08:11:31.646+0000] {logging_mixin.py:190} INFO - [2025-11-23T08:11:31.646+0000] {dagbag.py:588} INFO - Filling up the DagBag from /opt/airflow/dags/driven_data_pipeline.py
[2025-11-23T08:11:31.686+0000] {processor.py:925} INFO - DAG(s) 'extract_raw_data_pipeline' retrieved from /opt/airflow/dags/driven_data_pipeline.py
[2025-11-23T08:11:31.742+0000] {logging_mixin.py:190} INFO - [2025-11-23T08:11:31.742+0000] {dag.py:3239} INFO - Sync 1 DAGs
[2025-11-23T08:11:31.788+0000] {logging_mixin.py:190} INFO - [2025-11-23T08:11:31.788+0000] {dag.py:4180} INFO - Setting next_dagrun for extract_raw_data_pipeline to 2025-11-22 07:00:00+00:00, run_after=2025-11-23 07:00:00+00:00
[2025-11-23T08:11:31.823+0000] {processor.py:208} INFO - Processing /opt/airflow/dags/driven_data_pipeline.py took 0.194 seconds
[2025-11-23T08:12:01.986+0000] {processor.py:186} INFO - Started process (PID=444) to work on /opt/airflow/dags/driven_data_pipeline.py
[2025-11-23T08:12:01.987+0000] {processor.py:914} INFO - Processing file /opt/airflow/dags/driven_data_pipeline.py for tasks to queue
[2025-11-23T08:12:01.993+0000] {logging_mixin.py:190} INFO - [2025-11-23T08:12:01.992+0000] {dagbag.py:588} INFO - Filling up the DagBag from /opt/airflow/dags/driven_data_pipeline.py
[2025-11-23T08:12:02.027+0000] {processor.py:925} INFO - DAG(s) 'extract_raw_data_pipeline' retrieved from /opt/airflow/dags/driven_data_pipeline.py
[2025-11-23T08:12:02.082+0000] {logging_mixin.py:190} INFO - [2025-11-23T08:12:02.081+0000] {dag.py:3239} INFO - Sync 1 DAGs
[2025-11-23T08:12:02.128+0000] {logging_mixin.py:190} INFO - [2025-11-23T08:12:02.128+0000] {dag.py:4180} INFO - Setting next_dagrun for extract_raw_data_pipeline to 2025-11-22 07:00:00+00:00, run_after=2025-11-23 07:00:00+00:00
[2025-11-23T08:12:02.158+0000] {processor.py:208} INFO - Processing /opt/airflow/dags/driven_data_pipeline.py took 0.182 seconds
[2025-11-23T08:12:32.510+0000] {processor.py:186} INFO - Started process (PID=451) to work on /opt/airflow/dags/driven_data_pipeline.py
[2025-11-23T08:12:32.511+0000] {processor.py:914} INFO - Processing file /opt/airflow/dags/driven_data_pipeline.py for tasks to queue
[2025-11-23T08:12:32.517+0000] {logging_mixin.py:190} INFO - [2025-11-23T08:12:32.516+0000] {dagbag.py:588} INFO - Filling up the DagBag from /opt/airflow/dags/driven_data_pipeline.py
[2025-11-23T08:12:32.560+0000] {processor.py:925} INFO - DAG(s) 'extract_raw_data_pipeline' retrieved from /opt/airflow/dags/driven_data_pipeline.py
[2025-11-23T08:12:32.636+0000] {logging_mixin.py:190} INFO - [2025-11-23T08:12:32.636+0000] {dag.py:3239} INFO - Sync 1 DAGs
[2025-11-23T08:12:32.691+0000] {logging_mixin.py:190} INFO - [2025-11-23T08:12:32.690+0000] {dag.py:4180} INFO - Setting next_dagrun for extract_raw_data_pipeline to 2025-11-22 07:00:00+00:00, run_after=2025-11-23 07:00:00+00:00
[2025-11-23T08:12:32.727+0000] {processor.py:208} INFO - Processing /opt/airflow/dags/driven_data_pipeline.py took 0.232 seconds
[2025-11-23T08:13:02.804+0000] {processor.py:186} INFO - Started process (PID=458) to work on /opt/airflow/dags/driven_data_pipeline.py
[2025-11-23T08:13:02.806+0000] {processor.py:914} INFO - Processing file /opt/airflow/dags/driven_data_pipeline.py for tasks to queue
[2025-11-23T08:13:02.811+0000] {logging_mixin.py:190} INFO - [2025-11-23T08:13:02.810+0000] {dagbag.py:588} INFO - Filling up the DagBag from /opt/airflow/dags/driven_data_pipeline.py
[2025-11-23T08:13:02.848+0000] {processor.py:925} INFO - DAG(s) 'extract_raw_data_pipeline' retrieved from /opt/airflow/dags/driven_data_pipeline.py
[2025-11-23T08:13:02.900+0000] {logging_mixin.py:190} INFO - [2025-11-23T08:13:02.900+0000] {dag.py:3239} INFO - Sync 1 DAGs
[2025-11-23T08:13:02.951+0000] {logging_mixin.py:190} INFO - [2025-11-23T08:13:02.950+0000] {dag.py:4180} INFO - Setting next_dagrun for extract_raw_data_pipeline to 2025-11-22 07:00:00+00:00, run_after=2025-11-23 07:00:00+00:00
[2025-11-23T08:13:02.988+0000] {processor.py:208} INFO - Processing /opt/airflow/dags/driven_data_pipeline.py took 0.198 seconds
[2025-11-23T08:13:33.327+0000] {processor.py:186} INFO - Started process (PID=465) to work on /opt/airflow/dags/driven_data_pipeline.py
[2025-11-23T08:13:33.332+0000] {processor.py:914} INFO - Processing file /opt/airflow/dags/driven_data_pipeline.py for tasks to queue
[2025-11-23T08:13:33.343+0000] {logging_mixin.py:190} INFO - [2025-11-23T08:13:33.342+0000] {dagbag.py:588} INFO - Filling up the DagBag from /opt/airflow/dags/driven_data_pipeline.py
[2025-11-23T08:13:33.424+0000] {processor.py:925} INFO - DAG(s) 'extract_raw_data_pipeline' retrieved from /opt/airflow/dags/driven_data_pipeline.py
[2025-11-23T08:13:33.506+0000] {logging_mixin.py:190} INFO - [2025-11-23T08:13:33.505+0000] {dag.py:3239} INFO - Sync 1 DAGs
[2025-11-23T08:13:33.578+0000] {logging_mixin.py:190} INFO - [2025-11-23T08:13:33.578+0000] {dag.py:4180} INFO - Setting next_dagrun for extract_raw_data_pipeline to 2025-11-22 07:00:00+00:00, run_after=2025-11-23 07:00:00+00:00
[2025-11-23T08:13:33.631+0000] {processor.py:208} INFO - Processing /opt/airflow/dags/driven_data_pipeline.py took 0.322 seconds
[2025-11-23T08:14:03.958+0000] {processor.py:186} INFO - Started process (PID=472) to work on /opt/airflow/dags/driven_data_pipeline.py
[2025-11-23T08:14:03.960+0000] {processor.py:914} INFO - Processing file /opt/airflow/dags/driven_data_pipeline.py for tasks to queue
[2025-11-23T08:14:03.965+0000] {logging_mixin.py:190} INFO - [2025-11-23T08:14:03.963+0000] {dagbag.py:588} INFO - Filling up the DagBag from /opt/airflow/dags/driven_data_pipeline.py
[2025-11-23T08:14:03.995+0000] {processor.py:925} INFO - DAG(s) 'extract_raw_data_pipeline' retrieved from /opt/airflow/dags/driven_data_pipeline.py
[2025-11-23T08:14:04.051+0000] {logging_mixin.py:190} INFO - [2025-11-23T08:14:04.050+0000] {dag.py:3239} INFO - Sync 1 DAGs
[2025-11-23T08:14:04.090+0000] {logging_mixin.py:190} INFO - [2025-11-23T08:14:04.089+0000] {dag.py:4180} INFO - Setting next_dagrun for extract_raw_data_pipeline to 2025-11-22 07:00:00+00:00, run_after=2025-11-23 07:00:00+00:00
[2025-11-23T08:14:04.125+0000] {processor.py:208} INFO - Processing /opt/airflow/dags/driven_data_pipeline.py took 0.184 seconds
[2025-11-23T08:14:34.268+0000] {processor.py:186} INFO - Started process (PID=479) to work on /opt/airflow/dags/driven_data_pipeline.py
[2025-11-23T08:14:34.271+0000] {processor.py:914} INFO - Processing file /opt/airflow/dags/driven_data_pipeline.py for tasks to queue
[2025-11-23T08:14:34.277+0000] {logging_mixin.py:190} INFO - [2025-11-23T08:14:34.276+0000] {dagbag.py:588} INFO - Filling up the DagBag from /opt/airflow/dags/driven_data_pipeline.py
[2025-11-23T08:14:34.319+0000] {processor.py:925} INFO - DAG(s) 'extract_raw_data_pipeline' retrieved from /opt/airflow/dags/driven_data_pipeline.py
[2025-11-23T08:14:34.393+0000] {logging_mixin.py:190} INFO - [2025-11-23T08:14:34.392+0000] {dag.py:3239} INFO - Sync 1 DAGs
[2025-11-23T08:14:34.454+0000] {logging_mixin.py:190} INFO - [2025-11-23T08:14:34.454+0000] {dag.py:4180} INFO - Setting next_dagrun for extract_raw_data_pipeline to 2025-11-22 07:00:00+00:00, run_after=2025-11-23 07:00:00+00:00
[2025-11-23T08:14:34.492+0000] {processor.py:208} INFO - Processing /opt/airflow/dags/driven_data_pipeline.py took 0.238 seconds
[2025-11-23T08:15:04.797+0000] {processor.py:186} INFO - Started process (PID=486) to work on /opt/airflow/dags/driven_data_pipeline.py
[2025-11-23T08:15:04.800+0000] {processor.py:914} INFO - Processing file /opt/airflow/dags/driven_data_pipeline.py for tasks to queue
[2025-11-23T08:15:04.811+0000] {logging_mixin.py:190} INFO - [2025-11-23T08:15:04.811+0000] {dagbag.py:588} INFO - Filling up the DagBag from /opt/airflow/dags/driven_data_pipeline.py
[2025-11-23T08:15:04.843+0000] {processor.py:925} INFO - DAG(s) 'extract_raw_data_pipeline' retrieved from /opt/airflow/dags/driven_data_pipeline.py
[2025-11-23T08:15:04.909+0000] {logging_mixin.py:190} INFO - [2025-11-23T08:15:04.909+0000] {dag.py:3239} INFO - Sync 1 DAGs
[2025-11-23T08:15:04.964+0000] {logging_mixin.py:190} INFO - [2025-11-23T08:15:04.963+0000] {dag.py:4180} INFO - Setting next_dagrun for extract_raw_data_pipeline to 2025-11-22 07:00:00+00:00, run_after=2025-11-23 07:00:00+00:00
[2025-11-23T08:15:05.007+0000] {processor.py:208} INFO - Processing /opt/airflow/dags/driven_data_pipeline.py took 0.222 seconds
[2025-11-23T08:15:35.153+0000] {processor.py:186} INFO - Started process (PID=493) to work on /opt/airflow/dags/driven_data_pipeline.py
[2025-11-23T08:15:35.154+0000] {processor.py:914} INFO - Processing file /opt/airflow/dags/driven_data_pipeline.py for tasks to queue
[2025-11-23T08:15:35.162+0000] {logging_mixin.py:190} INFO - [2025-11-23T08:15:35.161+0000] {dagbag.py:588} INFO - Filling up the DagBag from /opt/airflow/dags/driven_data_pipeline.py
[2025-11-23T08:15:35.196+0000] {processor.py:925} INFO - DAG(s) 'extract_raw_data_pipeline' retrieved from /opt/airflow/dags/driven_data_pipeline.py
[2025-11-23T08:15:35.255+0000] {logging_mixin.py:190} INFO - [2025-11-23T08:15:35.255+0000] {dag.py:3239} INFO - Sync 1 DAGs
[2025-11-23T08:15:35.295+0000] {logging_mixin.py:190} INFO - [2025-11-23T08:15:35.295+0000] {dag.py:4180} INFO - Setting next_dagrun for extract_raw_data_pipeline to 2025-11-22 07:00:00+00:00, run_after=2025-11-23 07:00:00+00:00
[2025-11-23T08:15:35.326+0000] {processor.py:208} INFO - Processing /opt/airflow/dags/driven_data_pipeline.py took 0.187 seconds
[2025-11-23T08:16:05.587+0000] {processor.py:186} INFO - Started process (PID=500) to work on /opt/airflow/dags/driven_data_pipeline.py
[2025-11-23T08:16:05.589+0000] {processor.py:914} INFO - Processing file /opt/airflow/dags/driven_data_pipeline.py for tasks to queue
[2025-11-23T08:16:05.593+0000] {logging_mixin.py:190} INFO - [2025-11-23T08:16:05.592+0000] {dagbag.py:588} INFO - Filling up the DagBag from /opt/airflow/dags/driven_data_pipeline.py
[2025-11-23T08:16:05.625+0000] {processor.py:925} INFO - DAG(s) 'extract_raw_data_pipeline' retrieved from /opt/airflow/dags/driven_data_pipeline.py
[2025-11-23T08:16:05.678+0000] {logging_mixin.py:190} INFO - [2025-11-23T08:16:05.677+0000] {dag.py:3239} INFO - Sync 1 DAGs
[2025-11-23T08:16:05.718+0000] {logging_mixin.py:190} INFO - [2025-11-23T08:16:05.718+0000] {dag.py:4180} INFO - Setting next_dagrun for extract_raw_data_pipeline to 2025-11-22 07:00:00+00:00, run_after=2025-11-23 07:00:00+00:00
[2025-11-23T08:16:05.751+0000] {processor.py:208} INFO - Processing /opt/airflow/dags/driven_data_pipeline.py took 0.175 seconds
[2025-11-23T08:16:35.875+0000] {processor.py:186} INFO - Started process (PID=507) to work on /opt/airflow/dags/driven_data_pipeline.py
[2025-11-23T08:16:35.876+0000] {processor.py:914} INFO - Processing file /opt/airflow/dags/driven_data_pipeline.py for tasks to queue
[2025-11-23T08:16:35.880+0000] {logging_mixin.py:190} INFO - [2025-11-23T08:16:35.880+0000] {dagbag.py:588} INFO - Filling up the DagBag from /opt/airflow/dags/driven_data_pipeline.py
[2025-11-23T08:16:35.904+0000] {processor.py:925} INFO - DAG(s) 'extract_raw_data_pipeline' retrieved from /opt/airflow/dags/driven_data_pipeline.py
[2025-11-23T08:16:35.966+0000] {logging_mixin.py:190} INFO - [2025-11-23T08:16:35.966+0000] {dag.py:3239} INFO - Sync 1 DAGs
[2025-11-23T08:16:36.026+0000] {logging_mixin.py:190} INFO - [2025-11-23T08:16:36.026+0000] {dag.py:4180} INFO - Setting next_dagrun for extract_raw_data_pipeline to 2025-11-22 07:00:00+00:00, run_after=2025-11-23 07:00:00+00:00
[2025-11-23T08:16:36.062+0000] {processor.py:208} INFO - Processing /opt/airflow/dags/driven_data_pipeline.py took 0.196 seconds
[2025-11-23T08:17:06.345+0000] {processor.py:186} INFO - Started process (PID=514) to work on /opt/airflow/dags/driven_data_pipeline.py
[2025-11-23T08:17:06.347+0000] {processor.py:914} INFO - Processing file /opt/airflow/dags/driven_data_pipeline.py for tasks to queue
[2025-11-23T08:17:06.351+0000] {logging_mixin.py:190} INFO - [2025-11-23T08:17:06.351+0000] {dagbag.py:588} INFO - Filling up the DagBag from /opt/airflow/dags/driven_data_pipeline.py
[2025-11-23T08:17:06.379+0000] {processor.py:925} INFO - DAG(s) 'extract_raw_data_pipeline' retrieved from /opt/airflow/dags/driven_data_pipeline.py
[2025-11-23T08:17:06.426+0000] {logging_mixin.py:190} INFO - [2025-11-23T08:17:06.426+0000] {dag.py:3239} INFO - Sync 1 DAGs
[2025-11-23T08:17:06.458+0000] {logging_mixin.py:190} INFO - [2025-11-23T08:17:06.458+0000] {dag.py:4180} INFO - Setting next_dagrun for extract_raw_data_pipeline to 2025-11-22 07:00:00+00:00, run_after=2025-11-23 07:00:00+00:00
[2025-11-23T08:17:06.481+0000] {processor.py:208} INFO - Processing /opt/airflow/dags/driven_data_pipeline.py took 0.145 seconds
[2025-11-23T08:17:36.669+0000] {processor.py:186} INFO - Started process (PID=521) to work on /opt/airflow/dags/driven_data_pipeline.py
[2025-11-23T08:17:36.671+0000] {processor.py:914} INFO - Processing file /opt/airflow/dags/driven_data_pipeline.py for tasks to queue
[2025-11-23T08:17:36.675+0000] {logging_mixin.py:190} INFO - [2025-11-23T08:17:36.675+0000] {dagbag.py:588} INFO - Filling up the DagBag from /opt/airflow/dags/driven_data_pipeline.py
[2025-11-23T08:17:36.702+0000] {processor.py:925} INFO - DAG(s) 'extract_raw_data_pipeline' retrieved from /opt/airflow/dags/driven_data_pipeline.py
[2025-11-23T08:17:36.744+0000] {logging_mixin.py:190} INFO - [2025-11-23T08:17:36.744+0000] {dag.py:3239} INFO - Sync 1 DAGs
[2025-11-23T08:17:36.778+0000] {logging_mixin.py:190} INFO - [2025-11-23T08:17:36.778+0000] {dag.py:4180} INFO - Setting next_dagrun for extract_raw_data_pipeline to 2025-11-22 07:00:00+00:00, run_after=2025-11-23 07:00:00+00:00
[2025-11-23T08:17:36.802+0000] {processor.py:208} INFO - Processing /opt/airflow/dags/driven_data_pipeline.py took 0.144 seconds
[2025-11-23T08:18:07.027+0000] {processor.py:186} INFO - Started process (PID=528) to work on /opt/airflow/dags/driven_data_pipeline.py
[2025-11-23T08:18:07.029+0000] {processor.py:914} INFO - Processing file /opt/airflow/dags/driven_data_pipeline.py for tasks to queue
[2025-11-23T08:18:07.035+0000] {logging_mixin.py:190} INFO - [2025-11-23T08:18:07.034+0000] {dagbag.py:588} INFO - Filling up the DagBag from /opt/airflow/dags/driven_data_pipeline.py
[2025-11-23T08:18:07.066+0000] {processor.py:925} INFO - DAG(s) 'extract_raw_data_pipeline' retrieved from /opt/airflow/dags/driven_data_pipeline.py
[2025-11-23T08:18:07.117+0000] {logging_mixin.py:190} INFO - [2025-11-23T08:18:07.117+0000] {dag.py:3239} INFO - Sync 1 DAGs
[2025-11-23T08:18:07.158+0000] {logging_mixin.py:190} INFO - [2025-11-23T08:18:07.157+0000] {dag.py:4180} INFO - Setting next_dagrun for extract_raw_data_pipeline to 2025-11-22 07:00:00+00:00, run_after=2025-11-23 07:00:00+00:00
[2025-11-23T08:18:07.186+0000] {processor.py:208} INFO - Processing /opt/airflow/dags/driven_data_pipeline.py took 0.168 seconds
[2025-11-23T08:18:37.333+0000] {processor.py:186} INFO - Started process (PID=535) to work on /opt/airflow/dags/driven_data_pipeline.py
[2025-11-23T08:18:37.335+0000] {processor.py:914} INFO - Processing file /opt/airflow/dags/driven_data_pipeline.py for tasks to queue
[2025-11-23T08:18:37.340+0000] {logging_mixin.py:190} INFO - [2025-11-23T08:18:37.339+0000] {dagbag.py:588} INFO - Filling up the DagBag from /opt/airflow/dags/driven_data_pipeline.py
[2025-11-23T08:18:37.371+0000] {processor.py:925} INFO - DAG(s) 'extract_raw_data_pipeline' retrieved from /opt/airflow/dags/driven_data_pipeline.py
[2025-11-23T08:18:37.422+0000] {logging_mixin.py:190} INFO - [2025-11-23T08:18:37.422+0000] {dag.py:3239} INFO - Sync 1 DAGs
[2025-11-23T08:18:37.457+0000] {logging_mixin.py:190} INFO - [2025-11-23T08:18:37.456+0000] {dag.py:4180} INFO - Setting next_dagrun for extract_raw_data_pipeline to 2025-11-22 07:00:00+00:00, run_after=2025-11-23 07:00:00+00:00
[2025-11-23T08:18:37.480+0000] {processor.py:208} INFO - Processing /opt/airflow/dags/driven_data_pipeline.py took 0.156 seconds
[2025-11-23T08:19:07.788+0000] {processor.py:186} INFO - Started process (PID=542) to work on /opt/airflow/dags/driven_data_pipeline.py
[2025-11-23T08:19:07.791+0000] {processor.py:914} INFO - Processing file /opt/airflow/dags/driven_data_pipeline.py for tasks to queue
[2025-11-23T08:19:07.797+0000] {logging_mixin.py:190} INFO - [2025-11-23T08:19:07.796+0000] {dagbag.py:588} INFO - Filling up the DagBag from /opt/airflow/dags/driven_data_pipeline.py
[2025-11-23T08:19:07.836+0000] {processor.py:925} INFO - DAG(s) 'extract_raw_data_pipeline' retrieved from /opt/airflow/dags/driven_data_pipeline.py
[2025-11-23T08:19:07.905+0000] {logging_mixin.py:190} INFO - [2025-11-23T08:19:07.904+0000] {dag.py:3239} INFO - Sync 1 DAGs
[2025-11-23T08:19:07.954+0000] {logging_mixin.py:190} INFO - [2025-11-23T08:19:07.954+0000] {dag.py:4180} INFO - Setting next_dagrun for extract_raw_data_pipeline to 2025-11-22 07:00:00+00:00, run_after=2025-11-23 07:00:00+00:00
[2025-11-23T08:19:07.989+0000] {processor.py:208} INFO - Processing /opt/airflow/dags/driven_data_pipeline.py took 0.220 seconds
[2025-11-23T08:19:38.091+0000] {processor.py:186} INFO - Started process (PID=549) to work on /opt/airflow/dags/driven_data_pipeline.py
[2025-11-23T08:19:38.092+0000] {processor.py:914} INFO - Processing file /opt/airflow/dags/driven_data_pipeline.py for tasks to queue
[2025-11-23T08:19:38.096+0000] {logging_mixin.py:190} INFO - [2025-11-23T08:19:38.095+0000] {dagbag.py:588} INFO - Filling up the DagBag from /opt/airflow/dags/driven_data_pipeline.py
[2025-11-23T08:19:38.123+0000] {processor.py:925} INFO - DAG(s) 'extract_raw_data_pipeline' retrieved from /opt/airflow/dags/driven_data_pipeline.py
[2025-11-23T08:19:38.164+0000] {logging_mixin.py:190} INFO - [2025-11-23T08:19:38.164+0000] {dag.py:3239} INFO - Sync 1 DAGs
[2025-11-23T08:19:38.196+0000] {logging_mixin.py:190} INFO - [2025-11-23T08:19:38.196+0000] {dag.py:4180} INFO - Setting next_dagrun for extract_raw_data_pipeline to 2025-11-22 07:00:00+00:00, run_after=2025-11-23 07:00:00+00:00
[2025-11-23T08:19:38.220+0000] {processor.py:208} INFO - Processing /opt/airflow/dags/driven_data_pipeline.py took 0.138 seconds
[2025-11-23T08:20:08.413+0000] {processor.py:186} INFO - Started process (PID=556) to work on /opt/airflow/dags/driven_data_pipeline.py
[2025-11-23T08:20:08.415+0000] {processor.py:914} INFO - Processing file /opt/airflow/dags/driven_data_pipeline.py for tasks to queue
[2025-11-23T08:20:08.419+0000] {logging_mixin.py:190} INFO - [2025-11-23T08:20:08.418+0000] {dagbag.py:588} INFO - Filling up the DagBag from /opt/airflow/dags/driven_data_pipeline.py
[2025-11-23T08:20:08.447+0000] {processor.py:925} INFO - DAG(s) 'extract_raw_data_pipeline' retrieved from /opt/airflow/dags/driven_data_pipeline.py
[2025-11-23T08:20:08.514+0000] {logging_mixin.py:190} INFO - [2025-11-23T08:20:08.514+0000] {dag.py:3239} INFO - Sync 1 DAGs
[2025-11-23T08:20:08.555+0000] {logging_mixin.py:190} INFO - [2025-11-23T08:20:08.555+0000] {dag.py:4180} INFO - Setting next_dagrun for extract_raw_data_pipeline to 2025-11-22 07:00:00+00:00, run_after=2025-11-23 07:00:00+00:00
[2025-11-23T08:20:08.592+0000] {processor.py:208} INFO - Processing /opt/airflow/dags/driven_data_pipeline.py took 0.187 seconds
[2025-11-23T08:20:38.847+0000] {processor.py:186} INFO - Started process (PID=563) to work on /opt/airflow/dags/driven_data_pipeline.py
[2025-11-23T08:20:38.850+0000] {processor.py:914} INFO - Processing file /opt/airflow/dags/driven_data_pipeline.py for tasks to queue
[2025-11-23T08:20:38.854+0000] {logging_mixin.py:190} INFO - [2025-11-23T08:20:38.853+0000] {dagbag.py:588} INFO - Filling up the DagBag from /opt/airflow/dags/driven_data_pipeline.py
[2025-11-23T08:20:38.879+0000] {processor.py:925} INFO - DAG(s) 'extract_raw_data_pipeline' retrieved from /opt/airflow/dags/driven_data_pipeline.py
[2025-11-23T08:20:38.929+0000] {logging_mixin.py:190} INFO - [2025-11-23T08:20:38.929+0000] {dag.py:3239} INFO - Sync 1 DAGs
[2025-11-23T08:20:38.970+0000] {logging_mixin.py:190} INFO - [2025-11-23T08:20:38.970+0000] {dag.py:4180} INFO - Setting next_dagrun for extract_raw_data_pipeline to 2025-11-22 07:00:00+00:00, run_after=2025-11-23 07:00:00+00:00
[2025-11-23T08:20:39.005+0000] {processor.py:208} INFO - Processing /opt/airflow/dags/driven_data_pipeline.py took 0.168 seconds
[2025-11-23T08:21:09.233+0000] {processor.py:186} INFO - Started process (PID=570) to work on /opt/airflow/dags/driven_data_pipeline.py
[2025-11-23T08:21:09.236+0000] {processor.py:914} INFO - Processing file /opt/airflow/dags/driven_data_pipeline.py for tasks to queue
[2025-11-23T08:21:09.240+0000] {logging_mixin.py:190} INFO - [2025-11-23T08:21:09.239+0000] {dagbag.py:588} INFO - Filling up the DagBag from /opt/airflow/dags/driven_data_pipeline.py
[2025-11-23T08:21:09.272+0000] {processor.py:925} INFO - DAG(s) 'extract_raw_data_pipeline' retrieved from /opt/airflow/dags/driven_data_pipeline.py
[2025-11-23T08:21:09.323+0000] {logging_mixin.py:190} INFO - [2025-11-23T08:21:09.322+0000] {dag.py:3239} INFO - Sync 1 DAGs
[2025-11-23T08:21:09.359+0000] {logging_mixin.py:190} INFO - [2025-11-23T08:21:09.359+0000] {dag.py:4180} INFO - Setting next_dagrun for extract_raw_data_pipeline to 2025-11-22 07:00:00+00:00, run_after=2025-11-23 07:00:00+00:00
[2025-11-23T08:21:09.391+0000] {processor.py:208} INFO - Processing /opt/airflow/dags/driven_data_pipeline.py took 0.167 seconds
[2025-11-23T08:21:39.564+0000] {processor.py:186} INFO - Started process (PID=577) to work on /opt/airflow/dags/driven_data_pipeline.py
[2025-11-23T08:21:39.566+0000] {processor.py:914} INFO - Processing file /opt/airflow/dags/driven_data_pipeline.py for tasks to queue
[2025-11-23T08:21:39.571+0000] {logging_mixin.py:190} INFO - [2025-11-23T08:21:39.571+0000] {dagbag.py:588} INFO - Filling up the DagBag from /opt/airflow/dags/driven_data_pipeline.py
[2025-11-23T08:21:39.598+0000] {processor.py:925} INFO - DAG(s) 'extract_raw_data_pipeline' retrieved from /opt/airflow/dags/driven_data_pipeline.py
[2025-11-23T08:21:39.641+0000] {logging_mixin.py:190} INFO - [2025-11-23T08:21:39.641+0000] {dag.py:3239} INFO - Sync 1 DAGs
[2025-11-23T08:21:39.676+0000] {logging_mixin.py:190} INFO - [2025-11-23T08:21:39.676+0000] {dag.py:4180} INFO - Setting next_dagrun for extract_raw_data_pipeline to 2025-11-22 07:00:00+00:00, run_after=2025-11-23 07:00:00+00:00
[2025-11-23T08:21:39.708+0000] {processor.py:208} INFO - Processing /opt/airflow/dags/driven_data_pipeline.py took 0.155 seconds
[2025-11-23T08:22:10.044+0000] {processor.py:186} INFO - Started process (PID=583) to work on /opt/airflow/dags/driven_data_pipeline.py
[2025-11-23T08:22:10.046+0000] {processor.py:914} INFO - Processing file /opt/airflow/dags/driven_data_pipeline.py for tasks to queue
[2025-11-23T08:22:10.052+0000] {logging_mixin.py:190} INFO - [2025-11-23T08:22:10.051+0000] {dagbag.py:588} INFO - Filling up the DagBag from /opt/airflow/dags/driven_data_pipeline.py
[2025-11-23T08:22:10.081+0000] {processor.py:925} INFO - DAG(s) 'extract_raw_data_pipeline' retrieved from /opt/airflow/dags/driven_data_pipeline.py
[2025-11-23T08:22:10.127+0000] {logging_mixin.py:190} INFO - [2025-11-23T08:22:10.127+0000] {dag.py:3239} INFO - Sync 1 DAGs
[2025-11-23T08:22:10.161+0000] {logging_mixin.py:190} INFO - [2025-11-23T08:22:10.161+0000] {dag.py:4180} INFO - Setting next_dagrun for extract_raw_data_pipeline to 2025-11-22 07:00:00+00:00, run_after=2025-11-23 07:00:00+00:00
[2025-11-23T08:22:10.192+0000] {processor.py:208} INFO - Processing /opt/airflow/dags/driven_data_pipeline.py took 0.161 seconds
[2025-11-23T08:22:40.436+0000] {processor.py:186} INFO - Started process (PID=590) to work on /opt/airflow/dags/driven_data_pipeline.py
[2025-11-23T08:22:40.439+0000] {processor.py:914} INFO - Processing file /opt/airflow/dags/driven_data_pipeline.py for tasks to queue
[2025-11-23T08:22:40.443+0000] {logging_mixin.py:190} INFO - [2025-11-23T08:22:40.443+0000] {dagbag.py:588} INFO - Filling up the DagBag from /opt/airflow/dags/driven_data_pipeline.py
[2025-11-23T08:22:40.469+0000] {processor.py:925} INFO - DAG(s) 'extract_raw_data_pipeline' retrieved from /opt/airflow/dags/driven_data_pipeline.py
[2025-11-23T08:22:40.518+0000] {logging_mixin.py:190} INFO - [2025-11-23T08:22:40.518+0000] {dag.py:3239} INFO - Sync 1 DAGs
[2025-11-23T08:22:40.555+0000] {logging_mixin.py:190} INFO - [2025-11-23T08:22:40.555+0000] {dag.py:4180} INFO - Setting next_dagrun for extract_raw_data_pipeline to 2025-11-22 07:00:00+00:00, run_after=2025-11-23 07:00:00+00:00
[2025-11-23T08:22:40.580+0000] {processor.py:208} INFO - Processing /opt/airflow/dags/driven_data_pipeline.py took 0.155 seconds
[2025-11-23T08:23:10.839+0000] {processor.py:186} INFO - Started process (PID=597) to work on /opt/airflow/dags/driven_data_pipeline.py
[2025-11-23T08:23:10.841+0000] {processor.py:914} INFO - Processing file /opt/airflow/dags/driven_data_pipeline.py for tasks to queue
[2025-11-23T08:23:10.847+0000] {logging_mixin.py:190} INFO - [2025-11-23T08:23:10.846+0000] {dagbag.py:588} INFO - Filling up the DagBag from /opt/airflow/dags/driven_data_pipeline.py
[2025-11-23T08:23:10.908+0000] {processor.py:925} INFO - DAG(s) 'extract_raw_data_pipeline' retrieved from /opt/airflow/dags/driven_data_pipeline.py
[2025-11-23T08:23:10.963+0000] {logging_mixin.py:190} INFO - [2025-11-23T08:23:10.962+0000] {dag.py:3239} INFO - Sync 1 DAGs
[2025-11-23T08:23:11.008+0000] {logging_mixin.py:190} INFO - [2025-11-23T08:23:11.007+0000] {dag.py:4180} INFO - Setting next_dagrun for extract_raw_data_pipeline to 2025-11-22 07:00:00+00:00, run_after=2025-11-23 07:00:00+00:00
[2025-11-23T08:23:11.039+0000] {processor.py:208} INFO - Processing /opt/airflow/dags/driven_data_pipeline.py took 0.210 seconds
[2025-11-23T08:23:41.209+0000] {processor.py:186} INFO - Started process (PID=604) to work on /opt/airflow/dags/driven_data_pipeline.py
[2025-11-23T08:23:41.211+0000] {processor.py:914} INFO - Processing file /opt/airflow/dags/driven_data_pipeline.py for tasks to queue
[2025-11-23T08:23:41.215+0000] {logging_mixin.py:190} INFO - [2025-11-23T08:23:41.214+0000] {dagbag.py:588} INFO - Filling up the DagBag from /opt/airflow/dags/driven_data_pipeline.py
[2025-11-23T08:23:41.245+0000] {processor.py:925} INFO - DAG(s) 'extract_raw_data_pipeline' retrieved from /opt/airflow/dags/driven_data_pipeline.py
[2025-11-23T08:23:41.316+0000] {logging_mixin.py:190} INFO - [2025-11-23T08:23:41.316+0000] {dag.py:3239} INFO - Sync 1 DAGs
[2025-11-23T08:23:41.392+0000] {logging_mixin.py:190} INFO - [2025-11-23T08:23:41.391+0000] {dag.py:4180} INFO - Setting next_dagrun for extract_raw_data_pipeline to 2025-11-22 07:00:00+00:00, run_after=2025-11-23 07:00:00+00:00
[2025-11-23T08:23:41.425+0000] {processor.py:208} INFO - Processing /opt/airflow/dags/driven_data_pipeline.py took 0.226 seconds
[2025-11-23T08:25:33.159+0000] {processor.py:186} INFO - Started process (PID=63) to work on /opt/airflow/dags/driven_data_pipeline.py
[2025-11-23T08:25:33.171+0000] {processor.py:914} INFO - Processing file /opt/airflow/dags/driven_data_pipeline.py for tasks to queue
[2025-11-23T08:25:33.175+0000] {logging_mixin.py:190} INFO - [2025-11-23T08:25:33.174+0000] {dagbag.py:588} INFO - Filling up the DagBag from /opt/airflow/dags/driven_data_pipeline.py
[2025-11-23T08:25:33.382+0000] {processor.py:925} INFO - DAG(s) 'extract_raw_data_pipeline' retrieved from /opt/airflow/dags/driven_data_pipeline.py
[2025-11-23T08:25:33.654+0000] {logging_mixin.py:190} INFO - [2025-11-23T08:25:33.653+0000] {dag.py:3239} INFO - Sync 1 DAGs
[2025-11-23T08:25:33.791+0000] {logging_mixin.py:190} INFO - [2025-11-23T08:25:33.790+0000] {dag.py:4180} INFO - Setting next_dagrun for extract_raw_data_pipeline to 2025-11-22 07:00:00+00:00, run_after=2025-11-23 07:00:00+00:00
[2025-11-23T08:25:33.915+0000] {processor.py:208} INFO - Processing /opt/airflow/dags/driven_data_pipeline.py took 0.808 seconds
[2025-11-23T08:26:05.521+0000] {processor.py:186} INFO - Started process (PID=70) to work on /opt/airflow/dags/driven_data_pipeline.py
[2025-11-23T08:26:05.535+0000] {processor.py:914} INFO - Processing file /opt/airflow/dags/driven_data_pipeline.py for tasks to queue
[2025-11-23T08:26:05.709+0000] {logging_mixin.py:190} INFO - [2025-11-23T08:26:05.671+0000] {dagbag.py:588} INFO - Filling up the DagBag from /opt/airflow/dags/driven_data_pipeline.py
[2025-11-23T08:26:06.607+0000] {processor.py:925} INFO - DAG(s) 'extract_raw_data_pipeline' retrieved from /opt/airflow/dags/driven_data_pipeline.py
[2025-11-23T08:26:07.460+0000] {logging_mixin.py:190} INFO - [2025-11-23T08:26:07.458+0000] {dag.py:3239} INFO - Sync 1 DAGs
[2025-11-23T08:26:07.788+0000] {logging_mixin.py:190} INFO - [2025-11-23T08:26:07.787+0000] {dag.py:4180} INFO - Setting next_dagrun for extract_raw_data_pipeline to 2025-11-22 07:00:00+00:00, run_after=2025-11-23 07:00:00+00:00
[2025-11-23T08:26:07.923+0000] {processor.py:208} INFO - Processing /opt/airflow/dags/driven_data_pipeline.py took 3.043 seconds
[2025-11-23T08:26:38.076+0000] {processor.py:186} INFO - Started process (PID=77) to work on /opt/airflow/dags/driven_data_pipeline.py
[2025-11-23T08:26:38.100+0000] {processor.py:914} INFO - Processing file /opt/airflow/dags/driven_data_pipeline.py for tasks to queue
[2025-11-23T08:26:38.171+0000] {logging_mixin.py:190} INFO - [2025-11-23T08:26:38.169+0000] {dagbag.py:588} INFO - Filling up the DagBag from /opt/airflow/dags/driven_data_pipeline.py
[2025-11-23T08:26:38.266+0000] {processor.py:925} INFO - DAG(s) 'extract_raw_data_pipeline' retrieved from /opt/airflow/dags/driven_data_pipeline.py
[2025-11-23T08:26:38.456+0000] {logging_mixin.py:190} INFO - [2025-11-23T08:26:38.456+0000] {dag.py:3239} INFO - Sync 1 DAGs
[2025-11-23T08:26:38.562+0000] {logging_mixin.py:190} INFO - [2025-11-23T08:26:38.561+0000] {dag.py:4180} INFO - Setting next_dagrun for extract_raw_data_pipeline to 2025-11-22 07:00:00+00:00, run_after=2025-11-23 07:00:00+00:00
[2025-11-23T08:26:38.620+0000] {processor.py:208} INFO - Processing /opt/airflow/dags/driven_data_pipeline.py took 0.596 seconds
[2025-11-23T08:27:08.978+0000] {processor.py:186} INFO - Started process (PID=84) to work on /opt/airflow/dags/driven_data_pipeline.py
[2025-11-23T08:27:08.979+0000] {processor.py:914} INFO - Processing file /opt/airflow/dags/driven_data_pipeline.py for tasks to queue
[2025-11-23T08:27:08.984+0000] {logging_mixin.py:190} INFO - [2025-11-23T08:27:08.983+0000] {dagbag.py:588} INFO - Filling up the DagBag from /opt/airflow/dags/driven_data_pipeline.py
[2025-11-23T08:27:09.022+0000] {processor.py:925} INFO - DAG(s) 'extract_raw_data_pipeline' retrieved from /opt/airflow/dags/driven_data_pipeline.py
[2025-11-23T08:27:09.084+0000] {logging_mixin.py:190} INFO - [2025-11-23T08:27:09.083+0000] {dag.py:3239} INFO - Sync 1 DAGs
[2025-11-23T08:27:09.133+0000] {logging_mixin.py:190} INFO - [2025-11-23T08:27:09.133+0000] {dag.py:4180} INFO - Setting next_dagrun for extract_raw_data_pipeline to 2025-11-22 07:00:00+00:00, run_after=2025-11-23 07:00:00+00:00
[2025-11-23T08:27:09.163+0000] {processor.py:208} INFO - Processing /opt/airflow/dags/driven_data_pipeline.py took 0.201 seconds
[2025-11-23T08:27:39.484+0000] {processor.py:186} INFO - Started process (PID=91) to work on /opt/airflow/dags/driven_data_pipeline.py
[2025-11-23T08:27:39.486+0000] {processor.py:914} INFO - Processing file /opt/airflow/dags/driven_data_pipeline.py for tasks to queue
[2025-11-23T08:27:39.490+0000] {logging_mixin.py:190} INFO - [2025-11-23T08:27:39.489+0000] {dagbag.py:588} INFO - Filling up the DagBag from /opt/airflow/dags/driven_data_pipeline.py
[2025-11-23T08:27:39.519+0000] {processor.py:925} INFO - DAG(s) 'extract_raw_data_pipeline' retrieved from /opt/airflow/dags/driven_data_pipeline.py
[2025-11-23T08:27:39.560+0000] {logging_mixin.py:190} INFO - [2025-11-23T08:27:39.560+0000] {dag.py:3239} INFO - Sync 1 DAGs
[2025-11-23T08:27:39.592+0000] {logging_mixin.py:190} INFO - [2025-11-23T08:27:39.591+0000] {dag.py:4180} INFO - Setting next_dagrun for extract_raw_data_pipeline to 2025-11-22 07:00:00+00:00, run_after=2025-11-23 07:00:00+00:00
[2025-11-23T08:27:39.614+0000] {processor.py:208} INFO - Processing /opt/airflow/dags/driven_data_pipeline.py took 0.141 seconds
[2025-11-23T08:28:09.779+0000] {processor.py:186} INFO - Started process (PID=98) to work on /opt/airflow/dags/driven_data_pipeline.py
[2025-11-23T08:28:09.781+0000] {processor.py:914} INFO - Processing file /opt/airflow/dags/driven_data_pipeline.py for tasks to queue
[2025-11-23T08:28:09.788+0000] {logging_mixin.py:190} INFO - [2025-11-23T08:28:09.787+0000] {dagbag.py:588} INFO - Filling up the DagBag from /opt/airflow/dags/driven_data_pipeline.py
[2025-11-23T08:28:09.824+0000] {processor.py:925} INFO - DAG(s) 'extract_raw_data_pipeline' retrieved from /opt/airflow/dags/driven_data_pipeline.py
[2025-11-23T08:28:09.873+0000] {logging_mixin.py:190} INFO - [2025-11-23T08:28:09.873+0000] {dag.py:3239} INFO - Sync 1 DAGs
[2025-11-23T08:28:09.918+0000] {logging_mixin.py:190} INFO - [2025-11-23T08:28:09.917+0000] {dag.py:4180} INFO - Setting next_dagrun for extract_raw_data_pipeline to 2025-11-22 07:00:00+00:00, run_after=2025-11-23 07:00:00+00:00
[2025-11-23T08:28:09.949+0000] {processor.py:208} INFO - Processing /opt/airflow/dags/driven_data_pipeline.py took 0.178 seconds
[2025-11-23T08:28:40.258+0000] {processor.py:186} INFO - Started process (PID=111) to work on /opt/airflow/dags/driven_data_pipeline.py
[2025-11-23T08:28:40.260+0000] {processor.py:914} INFO - Processing file /opt/airflow/dags/driven_data_pipeline.py for tasks to queue
[2025-11-23T08:28:40.265+0000] {logging_mixin.py:190} INFO - [2025-11-23T08:28:40.264+0000] {dagbag.py:588} INFO - Filling up the DagBag from /opt/airflow/dags/driven_data_pipeline.py
[2025-11-23T08:28:40.301+0000] {processor.py:925} INFO - DAG(s) 'extract_raw_data_pipeline' retrieved from /opt/airflow/dags/driven_data_pipeline.py
[2025-11-23T08:28:40.364+0000] {logging_mixin.py:190} INFO - [2025-11-23T08:28:40.364+0000] {dag.py:3239} INFO - Sync 1 DAGs
[2025-11-23T08:28:40.417+0000] {logging_mixin.py:190} INFO - [2025-11-23T08:28:40.417+0000] {dag.py:4180} INFO - Setting next_dagrun for extract_raw_data_pipeline to 2025-11-22 07:00:00+00:00, run_after=2025-11-23 07:00:00+00:00
[2025-11-23T08:28:40.467+0000] {processor.py:208} INFO - Processing /opt/airflow/dags/driven_data_pipeline.py took 0.217 seconds
[2025-11-23T08:29:10.577+0000] {processor.py:186} INFO - Started process (PID=118) to work on /opt/airflow/dags/driven_data_pipeline.py
[2025-11-23T08:29:10.580+0000] {processor.py:914} INFO - Processing file /opt/airflow/dags/driven_data_pipeline.py for tasks to queue
[2025-11-23T08:29:10.586+0000] {logging_mixin.py:190} INFO - [2025-11-23T08:29:10.584+0000] {dagbag.py:588} INFO - Filling up the DagBag from /opt/airflow/dags/driven_data_pipeline.py
[2025-11-23T08:29:10.626+0000] {processor.py:925} INFO - DAG(s) 'extract_raw_data_pipeline' retrieved from /opt/airflow/dags/driven_data_pipeline.py
[2025-11-23T08:29:10.682+0000] {logging_mixin.py:190} INFO - [2025-11-23T08:29:10.681+0000] {dag.py:3239} INFO - Sync 1 DAGs
[2025-11-23T08:29:10.723+0000] {logging_mixin.py:190} INFO - [2025-11-23T08:29:10.722+0000] {dag.py:4180} INFO - Setting next_dagrun for extract_raw_data_pipeline to 2025-11-22 07:00:00+00:00, run_after=2025-11-23 07:00:00+00:00
[2025-11-23T08:29:10.753+0000] {processor.py:208} INFO - Processing /opt/airflow/dags/driven_data_pipeline.py took 0.188 seconds
[2025-11-23T08:29:40.886+0000] {processor.py:186} INFO - Started process (PID=125) to work on /opt/airflow/dags/driven_data_pipeline.py
[2025-11-23T08:29:40.890+0000] {processor.py:914} INFO - Processing file /opt/airflow/dags/driven_data_pipeline.py for tasks to queue
[2025-11-23T08:29:40.898+0000] {logging_mixin.py:190} INFO - [2025-11-23T08:29:40.897+0000] {dagbag.py:588} INFO - Filling up the DagBag from /opt/airflow/dags/driven_data_pipeline.py
[2025-11-23T08:29:40.931+0000] {processor.py:925} INFO - DAG(s) 'extract_raw_data_pipeline' retrieved from /opt/airflow/dags/driven_data_pipeline.py
[2025-11-23T08:29:40.989+0000] {logging_mixin.py:190} INFO - [2025-11-23T08:29:40.988+0000] {dag.py:3239} INFO - Sync 1 DAGs
[2025-11-23T08:29:41.765+0000] {logging_mixin.py:190} INFO - [2025-11-23T08:29:41.764+0000] {dag.py:4180} INFO - Setting next_dagrun for extract_raw_data_pipeline to 2025-11-22 07:00:00+00:00, run_after=2025-11-23 07:00:00+00:00
[2025-11-23T08:29:41.791+0000] {processor.py:208} INFO - Processing /opt/airflow/dags/driven_data_pipeline.py took 0.918 seconds
[2025-11-23T08:30:12.133+0000] {processor.py:186} INFO - Started process (PID=132) to work on /opt/airflow/dags/driven_data_pipeline.py
[2025-11-23T08:30:12.135+0000] {processor.py:914} INFO - Processing file /opt/airflow/dags/driven_data_pipeline.py for tasks to queue
[2025-11-23T08:30:12.140+0000] {logging_mixin.py:190} INFO - [2025-11-23T08:30:12.140+0000] {dagbag.py:588} INFO - Filling up the DagBag from /opt/airflow/dags/driven_data_pipeline.py
[2025-11-23T08:30:12.165+0000] {processor.py:925} INFO - DAG(s) 'extract_raw_data_pipeline' retrieved from /opt/airflow/dags/driven_data_pipeline.py
[2025-11-23T08:30:12.205+0000] {logging_mixin.py:190} INFO - [2025-11-23T08:30:12.204+0000] {dag.py:3239} INFO - Sync 1 DAGs
[2025-11-23T08:30:12.463+0000] {logging_mixin.py:190} INFO - [2025-11-23T08:30:12.462+0000] {dag.py:4180} INFO - Setting next_dagrun for extract_raw_data_pipeline to 2025-11-22 07:00:00+00:00, run_after=2025-11-23 07:00:00+00:00
[2025-11-23T08:30:12.489+0000] {processor.py:208} INFO - Processing /opt/airflow/dags/driven_data_pipeline.py took 0.365 seconds
[2025-11-23T08:30:42.642+0000] {processor.py:186} INFO - Started process (PID=139) to work on /opt/airflow/dags/driven_data_pipeline.py
[2025-11-23T08:30:42.644+0000] {processor.py:914} INFO - Processing file /opt/airflow/dags/driven_data_pipeline.py for tasks to queue
[2025-11-23T08:30:42.649+0000] {logging_mixin.py:190} INFO - [2025-11-23T08:30:42.649+0000] {dagbag.py:588} INFO - Filling up the DagBag from /opt/airflow/dags/driven_data_pipeline.py
[2025-11-23T08:30:42.677+0000] {processor.py:925} INFO - DAG(s) 'extract_raw_data_pipeline' retrieved from /opt/airflow/dags/driven_data_pipeline.py
[2025-11-23T08:30:42.993+0000] {logging_mixin.py:190} INFO - [2025-11-23T08:30:42.992+0000] {dag.py:3239} INFO - Sync 1 DAGs
[2025-11-23T08:30:43.027+0000] {logging_mixin.py:190} INFO - [2025-11-23T08:30:43.027+0000] {dag.py:4180} INFO - Setting next_dagrun for extract_raw_data_pipeline to 2025-11-22 07:00:00+00:00, run_after=2025-11-23 07:00:00+00:00
[2025-11-23T08:30:43.049+0000] {processor.py:208} INFO - Processing /opt/airflow/dags/driven_data_pipeline.py took 0.420 seconds
[2025-11-23T08:31:13.188+0000] {processor.py:186} INFO - Started process (PID=146) to work on /opt/airflow/dags/driven_data_pipeline.py
[2025-11-23T08:31:13.190+0000] {processor.py:914} INFO - Processing file /opt/airflow/dags/driven_data_pipeline.py for tasks to queue
[2025-11-23T08:31:13.194+0000] {logging_mixin.py:190} INFO - [2025-11-23T08:31:13.193+0000] {dagbag.py:588} INFO - Filling up the DagBag from /opt/airflow/dags/driven_data_pipeline.py
[2025-11-23T08:31:13.219+0000] {processor.py:925} INFO - DAG(s) 'extract_raw_data_pipeline' retrieved from /opt/airflow/dags/driven_data_pipeline.py
[2025-11-23T08:31:13.268+0000] {logging_mixin.py:190} INFO - [2025-11-23T08:31:13.267+0000] {dag.py:3239} INFO - Sync 1 DAGs
[2025-11-23T08:31:13.303+0000] {logging_mixin.py:190} INFO - [2025-11-23T08:31:13.303+0000] {dag.py:4180} INFO - Setting next_dagrun for extract_raw_data_pipeline to 2025-11-22 07:00:00+00:00, run_after=2025-11-23 07:00:00+00:00
[2025-11-23T08:31:13.336+0000] {processor.py:208} INFO - Processing /opt/airflow/dags/driven_data_pipeline.py took 0.158 seconds
[2025-11-23T08:31:43.699+0000] {processor.py:186} INFO - Started process (PID=153) to work on /opt/airflow/dags/driven_data_pipeline.py
[2025-11-23T08:31:43.701+0000] {processor.py:914} INFO - Processing file /opt/airflow/dags/driven_data_pipeline.py for tasks to queue
[2025-11-23T08:31:43.705+0000] {logging_mixin.py:190} INFO - [2025-11-23T08:31:43.704+0000] {dagbag.py:588} INFO - Filling up the DagBag from /opt/airflow/dags/driven_data_pipeline.py
[2025-11-23T08:31:43.725+0000] {processor.py:925} INFO - DAG(s) 'extract_raw_data_pipeline' retrieved from /opt/airflow/dags/driven_data_pipeline.py
[2025-11-23T08:31:43.762+0000] {logging_mixin.py:190} INFO - [2025-11-23T08:31:43.762+0000] {dag.py:3239} INFO - Sync 1 DAGs
[2025-11-23T08:31:43.794+0000] {logging_mixin.py:190} INFO - [2025-11-23T08:31:43.793+0000] {dag.py:4180} INFO - Setting next_dagrun for extract_raw_data_pipeline to 2025-11-22 07:00:00+00:00, run_after=2025-11-23 07:00:00+00:00
[2025-11-23T08:31:43.848+0000] {processor.py:208} INFO - Processing /opt/airflow/dags/driven_data_pipeline.py took 0.157 seconds
[2025-11-23T08:32:13.960+0000] {processor.py:186} INFO - Started process (PID=160) to work on /opt/airflow/dags/driven_data_pipeline.py
[2025-11-23T08:32:13.962+0000] {processor.py:914} INFO - Processing file /opt/airflow/dags/driven_data_pipeline.py for tasks to queue
[2025-11-23T08:32:13.967+0000] {logging_mixin.py:190} INFO - [2025-11-23T08:32:13.966+0000] {dagbag.py:588} INFO - Filling up the DagBag from /opt/airflow/dags/driven_data_pipeline.py
[2025-11-23T08:32:13.991+0000] {processor.py:925} INFO - DAG(s) 'extract_raw_data_pipeline' retrieved from /opt/airflow/dags/driven_data_pipeline.py
[2025-11-23T08:32:14.037+0000] {logging_mixin.py:190} INFO - [2025-11-23T08:32:14.037+0000] {dag.py:3239} INFO - Sync 1 DAGs
[2025-11-23T08:32:14.105+0000] {logging_mixin.py:190} INFO - [2025-11-23T08:32:14.104+0000] {dag.py:4180} INFO - Setting next_dagrun for extract_raw_data_pipeline to 2025-11-22 07:00:00+00:00, run_after=2025-11-23 07:00:00+00:00
[2025-11-23T08:32:14.138+0000] {processor.py:208} INFO - Processing /opt/airflow/dags/driven_data_pipeline.py took 0.188 seconds
[2025-11-23T08:32:44.386+0000] {processor.py:186} INFO - Started process (PID=167) to work on /opt/airflow/dags/driven_data_pipeline.py
[2025-11-23T08:32:44.388+0000] {processor.py:914} INFO - Processing file /opt/airflow/dags/driven_data_pipeline.py for tasks to queue
[2025-11-23T08:32:44.393+0000] {logging_mixin.py:190} INFO - [2025-11-23T08:32:44.393+0000] {dagbag.py:588} INFO - Filling up the DagBag from /opt/airflow/dags/driven_data_pipeline.py
[2025-11-23T08:32:44.422+0000] {processor.py:925} INFO - DAG(s) 'extract_raw_data_pipeline' retrieved from /opt/airflow/dags/driven_data_pipeline.py
[2025-11-23T08:32:44.475+0000] {logging_mixin.py:190} INFO - [2025-11-23T08:32:44.474+0000] {dag.py:3239} INFO - Sync 1 DAGs
[2025-11-23T08:32:44.807+0000] {logging_mixin.py:190} INFO - [2025-11-23T08:32:44.807+0000] {dag.py:4180} INFO - Setting next_dagrun for extract_raw_data_pipeline to 2025-11-22 07:00:00+00:00, run_after=2025-11-23 07:00:00+00:00
[2025-11-23T08:32:44.835+0000] {processor.py:208} INFO - Processing /opt/airflow/dags/driven_data_pipeline.py took 0.461 seconds
[2025-11-23T08:33:15.127+0000] {processor.py:186} INFO - Started process (PID=174) to work on /opt/airflow/dags/driven_data_pipeline.py
[2025-11-23T08:33:15.128+0000] {processor.py:914} INFO - Processing file /opt/airflow/dags/driven_data_pipeline.py for tasks to queue
[2025-11-23T08:33:15.133+0000] {logging_mixin.py:190} INFO - [2025-11-23T08:33:15.133+0000] {dagbag.py:588} INFO - Filling up the DagBag from /opt/airflow/dags/driven_data_pipeline.py
[2025-11-23T08:33:15.156+0000] {processor.py:925} INFO - DAG(s) 'extract_raw_data_pipeline' retrieved from /opt/airflow/dags/driven_data_pipeline.py
[2025-11-23T08:33:15.196+0000] {logging_mixin.py:190} INFO - [2025-11-23T08:33:15.196+0000] {dag.py:3239} INFO - Sync 1 DAGs
[2025-11-23T08:33:15.416+0000] {logging_mixin.py:190} INFO - [2025-11-23T08:33:15.416+0000] {dag.py:4180} INFO - Setting next_dagrun for extract_raw_data_pipeline to 2025-11-22 07:00:00+00:00, run_after=2025-11-23 07:00:00+00:00
[2025-11-23T08:33:15.437+0000] {processor.py:208} INFO - Processing /opt/airflow/dags/driven_data_pipeline.py took 0.320 seconds
[2025-11-23T08:33:45.834+0000] {processor.py:186} INFO - Started process (PID=181) to work on /opt/airflow/dags/driven_data_pipeline.py
[2025-11-23T08:33:45.836+0000] {processor.py:914} INFO - Processing file /opt/airflow/dags/driven_data_pipeline.py for tasks to queue
[2025-11-23T08:33:45.844+0000] {logging_mixin.py:190} INFO - [2025-11-23T08:33:45.843+0000] {dagbag.py:588} INFO - Filling up the DagBag from /opt/airflow/dags/driven_data_pipeline.py
[2025-11-23T08:33:45.876+0000] {processor.py:925} INFO - DAG(s) 'extract_raw_data_pipeline' retrieved from /opt/airflow/dags/driven_data_pipeline.py
[2025-11-23T08:33:46.860+0000] {logging_mixin.py:190} INFO - [2025-11-23T08:33:46.859+0000] {dag.py:3239} INFO - Sync 1 DAGs
[2025-11-23T08:33:46.941+0000] {logging_mixin.py:190} INFO - [2025-11-23T08:33:46.941+0000] {dag.py:4180} INFO - Setting next_dagrun for extract_raw_data_pipeline to 2025-11-22 07:00:00+00:00, run_after=2025-11-23 07:00:00+00:00
[2025-11-23T08:33:47.038+0000] {processor.py:208} INFO - Processing /opt/airflow/dags/driven_data_pipeline.py took 1.218 seconds
[2025-11-23T08:34:17.390+0000] {processor.py:186} INFO - Started process (PID=188) to work on /opt/airflow/dags/driven_data_pipeline.py
[2025-11-23T08:34:17.392+0000] {processor.py:914} INFO - Processing file /opt/airflow/dags/driven_data_pipeline.py for tasks to queue
[2025-11-23T08:34:17.396+0000] {logging_mixin.py:190} INFO - [2025-11-23T08:34:17.395+0000] {dagbag.py:588} INFO - Filling up the DagBag from /opt/airflow/dags/driven_data_pipeline.py
[2025-11-23T08:34:17.419+0000] {processor.py:925} INFO - DAG(s) 'extract_raw_data_pipeline' retrieved from /opt/airflow/dags/driven_data_pipeline.py
[2025-11-23T08:34:17.460+0000] {logging_mixin.py:190} INFO - [2025-11-23T08:34:17.459+0000] {dag.py:3239} INFO - Sync 1 DAGs
[2025-11-23T08:34:17.496+0000] {logging_mixin.py:190} INFO - [2025-11-23T08:34:17.496+0000] {dag.py:4180} INFO - Setting next_dagrun for extract_raw_data_pipeline to 2025-11-22 07:00:00+00:00, run_after=2025-11-23 07:00:00+00:00
[2025-11-23T08:34:17.523+0000] {processor.py:208} INFO - Processing /opt/airflow/dags/driven_data_pipeline.py took 0.144 seconds
[2025-11-23T08:34:47.653+0000] {processor.py:186} INFO - Started process (PID=195) to work on /opt/airflow/dags/driven_data_pipeline.py
[2025-11-23T08:34:47.656+0000] {processor.py:914} INFO - Processing file /opt/airflow/dags/driven_data_pipeline.py for tasks to queue
[2025-11-23T08:34:47.661+0000] {logging_mixin.py:190} INFO - [2025-11-23T08:34:47.660+0000] {dagbag.py:588} INFO - Filling up the DagBag from /opt/airflow/dags/driven_data_pipeline.py
[2025-11-23T08:34:47.686+0000] {processor.py:925} INFO - DAG(s) 'extract_raw_data_pipeline' retrieved from /opt/airflow/dags/driven_data_pipeline.py
[2025-11-23T08:34:47.725+0000] {logging_mixin.py:190} INFO - [2025-11-23T08:34:47.725+0000] {dag.py:3239} INFO - Sync 1 DAGs
[2025-11-23T08:34:47.761+0000] {logging_mixin.py:190} INFO - [2025-11-23T08:34:47.761+0000] {dag.py:4180} INFO - Setting next_dagrun for extract_raw_data_pipeline to 2025-11-22 07:00:00+00:00, run_after=2025-11-23 07:00:00+00:00
[2025-11-23T08:34:47.798+0000] {processor.py:208} INFO - Processing /opt/airflow/dags/driven_data_pipeline.py took 0.162 seconds
[2025-11-23T08:35:18.092+0000] {processor.py:186} INFO - Started process (PID=202) to work on /opt/airflow/dags/driven_data_pipeline.py
[2025-11-23T08:35:18.093+0000] {processor.py:914} INFO - Processing file /opt/airflow/dags/driven_data_pipeline.py for tasks to queue
[2025-11-23T08:35:18.099+0000] {logging_mixin.py:190} INFO - [2025-11-23T08:35:18.098+0000] {dagbag.py:588} INFO - Filling up the DagBag from /opt/airflow/dags/driven_data_pipeline.py
[2025-11-23T08:35:18.127+0000] {processor.py:925} INFO - DAG(s) 'extract_raw_data_pipeline' retrieved from /opt/airflow/dags/driven_data_pipeline.py
[2025-11-23T08:35:18.172+0000] {logging_mixin.py:190} INFO - [2025-11-23T08:35:18.172+0000] {dag.py:3239} INFO - Sync 1 DAGs
[2025-11-23T08:35:18.211+0000] {logging_mixin.py:190} INFO - [2025-11-23T08:35:18.211+0000] {dag.py:4180} INFO - Setting next_dagrun for extract_raw_data_pipeline to 2025-11-22 07:00:00+00:00, run_after=2025-11-23 07:00:00+00:00
[2025-11-23T08:35:18.474+0000] {processor.py:208} INFO - Processing /opt/airflow/dags/driven_data_pipeline.py took 0.394 seconds
[2025-11-23T08:35:48.539+0000] {processor.py:186} INFO - Started process (PID=209) to work on /opt/airflow/dags/driven_data_pipeline.py
[2025-11-23T08:35:48.541+0000] {processor.py:914} INFO - Processing file /opt/airflow/dags/driven_data_pipeline.py for tasks to queue
[2025-11-23T08:35:48.548+0000] {logging_mixin.py:190} INFO - [2025-11-23T08:35:48.547+0000] {dagbag.py:588} INFO - Filling up the DagBag from /opt/airflow/dags/driven_data_pipeline.py
[2025-11-23T08:35:48.587+0000] {processor.py:925} INFO - DAG(s) 'extract_raw_data_pipeline' retrieved from /opt/airflow/dags/driven_data_pipeline.py
[2025-11-23T08:35:48.676+0000] {logging_mixin.py:190} INFO - [2025-11-23T08:35:48.676+0000] {dag.py:3239} INFO - Sync 1 DAGs
[2025-11-23T08:35:49.344+0000] {logging_mixin.py:190} INFO - [2025-11-23T08:35:49.343+0000] {dag.py:4180} INFO - Setting next_dagrun for extract_raw_data_pipeline to 2025-11-22 07:00:00+00:00, run_after=2025-11-23 07:00:00+00:00
[2025-11-23T08:35:49.391+0000] {processor.py:208} INFO - Processing /opt/airflow/dags/driven_data_pipeline.py took 0.869 seconds
[2025-11-23T08:36:19.680+0000] {processor.py:186} INFO - Started process (PID=216) to work on /opt/airflow/dags/driven_data_pipeline.py
[2025-11-23T08:36:19.682+0000] {processor.py:914} INFO - Processing file /opt/airflow/dags/driven_data_pipeline.py for tasks to queue
[2025-11-23T08:36:19.687+0000] {logging_mixin.py:190} INFO - [2025-11-23T08:36:19.686+0000] {dagbag.py:588} INFO - Filling up the DagBag from /opt/airflow/dags/driven_data_pipeline.py
[2025-11-23T08:36:19.720+0000] {processor.py:925} INFO - DAG(s) 'extract_raw_data_pipeline' retrieved from /opt/airflow/dags/driven_data_pipeline.py
[2025-11-23T08:36:20.144+0000] {logging_mixin.py:190} INFO - [2025-11-23T08:36:20.143+0000] {dag.py:3239} INFO - Sync 1 DAGs
[2025-11-23T08:36:20.189+0000] {logging_mixin.py:190} INFO - [2025-11-23T08:36:20.189+0000] {dag.py:4180} INFO - Setting next_dagrun for extract_raw_data_pipeline to 2025-11-22 07:00:00+00:00, run_after=2025-11-23 07:00:00+00:00
[2025-11-23T08:36:20.215+0000] {processor.py:208} INFO - Processing /opt/airflow/dags/driven_data_pipeline.py took 0.547 seconds
[2025-11-23T08:36:50.485+0000] {processor.py:186} INFO - Started process (PID=223) to work on /opt/airflow/dags/driven_data_pipeline.py
[2025-11-23T08:36:50.487+0000] {processor.py:914} INFO - Processing file /opt/airflow/dags/driven_data_pipeline.py for tasks to queue
[2025-11-23T08:36:50.493+0000] {logging_mixin.py:190} INFO - [2025-11-23T08:36:50.492+0000] {dagbag.py:588} INFO - Filling up the DagBag from /opt/airflow/dags/driven_data_pipeline.py
[2025-11-23T08:36:50.521+0000] {processor.py:925} INFO - DAG(s) 'extract_raw_data_pipeline' retrieved from /opt/airflow/dags/driven_data_pipeline.py
[2025-11-23T08:36:50.565+0000] {logging_mixin.py:190} INFO - [2025-11-23T08:36:50.564+0000] {dag.py:3239} INFO - Sync 1 DAGs
[2025-11-23T08:36:50.599+0000] {logging_mixin.py:190} INFO - [2025-11-23T08:36:50.599+0000] {dag.py:4180} INFO - Setting next_dagrun for extract_raw_data_pipeline to 2025-11-22 07:00:00+00:00, run_after=2025-11-23 07:00:00+00:00
[2025-11-23T08:36:50.625+0000] {processor.py:208} INFO - Processing /opt/airflow/dags/driven_data_pipeline.py took 0.153 seconds
[2025-11-23T08:37:21.026+0000] {processor.py:186} INFO - Started process (PID=230) to work on /opt/airflow/dags/driven_data_pipeline.py
[2025-11-23T08:37:21.029+0000] {processor.py:914} INFO - Processing file /opt/airflow/dags/driven_data_pipeline.py for tasks to queue
[2025-11-23T08:37:21.034+0000] {logging_mixin.py:190} INFO - [2025-11-23T08:37:21.033+0000] {dagbag.py:588} INFO - Filling up the DagBag from /opt/airflow/dags/driven_data_pipeline.py
[2025-11-23T08:37:21.058+0000] {processor.py:925} INFO - DAG(s) 'extract_raw_data_pipeline' retrieved from /opt/airflow/dags/driven_data_pipeline.py
[2025-11-23T08:37:21.099+0000] {logging_mixin.py:190} INFO - [2025-11-23T08:37:21.099+0000] {dag.py:3239} INFO - Sync 1 DAGs
[2025-11-23T08:37:21.134+0000] {logging_mixin.py:190} INFO - [2025-11-23T08:37:21.134+0000] {dag.py:4180} INFO - Setting next_dagrun for extract_raw_data_pipeline to 2025-11-22 07:00:00+00:00, run_after=2025-11-23 07:00:00+00:00
[2025-11-23T08:37:21.162+0000] {processor.py:208} INFO - Processing /opt/airflow/dags/driven_data_pipeline.py took 0.146 seconds
[2025-11-23T08:37:51.303+0000] {processor.py:186} INFO - Started process (PID=237) to work on /opt/airflow/dags/driven_data_pipeline.py
[2025-11-23T08:37:51.305+0000] {processor.py:914} INFO - Processing file /opt/airflow/dags/driven_data_pipeline.py for tasks to queue
[2025-11-23T08:37:51.309+0000] {logging_mixin.py:190} INFO - [2025-11-23T08:37:51.308+0000] {dagbag.py:588} INFO - Filling up the DagBag from /opt/airflow/dags/driven_data_pipeline.py
[2025-11-23T08:37:51.340+0000] {processor.py:925} INFO - DAG(s) 'extract_raw_data_pipeline' retrieved from /opt/airflow/dags/driven_data_pipeline.py
[2025-11-23T08:37:51.399+0000] {logging_mixin.py:190} INFO - [2025-11-23T08:37:51.398+0000] {dag.py:3239} INFO - Sync 1 DAGs
[2025-11-23T08:37:51.445+0000] {logging_mixin.py:190} INFO - [2025-11-23T08:37:51.444+0000] {dag.py:4180} INFO - Setting next_dagrun for extract_raw_data_pipeline to 2025-11-22 07:00:00+00:00, run_after=2025-11-23 07:00:00+00:00
[2025-11-23T08:37:51.553+0000] {processor.py:208} INFO - Processing /opt/airflow/dags/driven_data_pipeline.py took 0.258 seconds
[2025-11-23T08:38:21.698+0000] {processor.py:186} INFO - Started process (PID=244) to work on /opt/airflow/dags/driven_data_pipeline.py
[2025-11-23T08:38:21.701+0000] {processor.py:914} INFO - Processing file /opt/airflow/dags/driven_data_pipeline.py for tasks to queue
[2025-11-23T08:38:21.707+0000] {logging_mixin.py:190} INFO - [2025-11-23T08:38:21.706+0000] {dagbag.py:588} INFO - Filling up the DagBag from /opt/airflow/dags/driven_data_pipeline.py
[2025-11-23T08:38:21.748+0000] {processor.py:925} INFO - DAG(s) 'extract_raw_data_pipeline' retrieved from /opt/airflow/dags/driven_data_pipeline.py
[2025-11-23T08:38:21.842+0000] {logging_mixin.py:190} INFO - [2025-11-23T08:38:21.842+0000] {dag.py:3239} INFO - Sync 1 DAGs
[2025-11-23T08:38:22.386+0000] {logging_mixin.py:190} INFO - [2025-11-23T08:38:22.385+0000] {dag.py:4180} INFO - Setting next_dagrun for extract_raw_data_pipeline to 2025-11-22 07:00:00+00:00, run_after=2025-11-23 07:00:00+00:00
[2025-11-23T08:38:22.418+0000] {processor.py:208} INFO - Processing /opt/airflow/dags/driven_data_pipeline.py took 0.737 seconds
[2025-11-23T08:38:52.782+0000] {processor.py:186} INFO - Started process (PID=251) to work on /opt/airflow/dags/driven_data_pipeline.py
[2025-11-23T08:38:52.784+0000] {processor.py:914} INFO - Processing file /opt/airflow/dags/driven_data_pipeline.py for tasks to queue
[2025-11-23T08:38:52.793+0000] {logging_mixin.py:190} INFO - [2025-11-23T08:38:52.789+0000] {dagbag.py:588} INFO - Filling up the DagBag from /opt/airflow/dags/driven_data_pipeline.py
[2025-11-23T08:38:52.846+0000] {processor.py:925} INFO - DAG(s) 'extract_raw_data_pipeline' retrieved from /opt/airflow/dags/driven_data_pipeline.py
[2025-11-23T08:38:52.927+0000] {logging_mixin.py:190} INFO - [2025-11-23T08:38:52.927+0000] {dag.py:3239} INFO - Sync 1 DAGs
[2025-11-23T08:38:53.496+0000] {logging_mixin.py:190} INFO - [2025-11-23T08:38:53.495+0000] {dag.py:4180} INFO - Setting next_dagrun for extract_raw_data_pipeline to 2025-11-22 07:00:00+00:00, run_after=2025-11-23 07:00:00+00:00
[2025-11-23T08:38:53.531+0000] {processor.py:208} INFO - Processing /opt/airflow/dags/driven_data_pipeline.py took 0.767 seconds
[2025-11-23T08:39:22.611+0000] {processor.py:186} INFO - Started process (PID=258) to work on /opt/airflow/dags/driven_data_pipeline.py
[2025-11-23T08:39:22.613+0000] {processor.py:914} INFO - Processing file /opt/airflow/dags/driven_data_pipeline.py for tasks to queue
[2025-11-23T08:39:22.620+0000] {logging_mixin.py:190} INFO - [2025-11-23T08:39:22.618+0000] {dagbag.py:588} INFO - Filling up the DagBag from /opt/airflow/dags/driven_data_pipeline.py
[2025-11-23T08:39:22.652+0000] {processor.py:925} INFO - DAG(s) 'extract_raw_data_pipeline' retrieved from /opt/airflow/dags/driven_data_pipeline.py
[2025-11-23T08:39:23.540+0000] {logging_mixin.py:190} INFO - [2025-11-23T08:39:23.539+0000] {dag.py:3239} INFO - Sync 1 DAGs
[2025-11-23T08:39:23.587+0000] {logging_mixin.py:190} INFO - [2025-11-23T08:39:23.587+0000] {dag.py:4180} INFO - Setting next_dagrun for extract_raw_data_pipeline to 2025-11-22 07:00:00+00:00, run_after=2025-11-23 07:00:00+00:00
[2025-11-23T08:39:23.632+0000] {processor.py:208} INFO - Processing /opt/airflow/dags/driven_data_pipeline.py took 1.031 seconds
[2025-11-23T08:39:34.777+0000] {processor.py:186} INFO - Started process (PID=259) to work on /opt/airflow/dags/driven_data_pipeline.py
[2025-11-23T08:39:34.779+0000] {processor.py:914} INFO - Processing file /opt/airflow/dags/driven_data_pipeline.py for tasks to queue
[2025-11-23T08:39:34.787+0000] {logging_mixin.py:190} INFO - [2025-11-23T08:39:34.786+0000] {dagbag.py:588} INFO - Filling up the DagBag from /opt/airflow/dags/driven_data_pipeline.py
[2025-11-23T08:39:34.836+0000] {processor.py:925} INFO - DAG(s) 'extract_raw_data_pipeline' retrieved from /opt/airflow/dags/driven_data_pipeline.py
[2025-11-23T08:39:35.217+0000] {logging_mixin.py:190} INFO - [2025-11-23T08:39:35.216+0000] {dag.py:3239} INFO - Sync 1 DAGs
[2025-11-23T08:39:35.263+0000] {logging_mixin.py:190} INFO - [2025-11-23T08:39:35.262+0000] {dag.py:4180} INFO - Setting next_dagrun for extract_raw_data_pipeline to 2025-11-22 07:00:00+00:00, run_after=2025-11-23 07:00:00+00:00
[2025-11-23T08:39:35.296+0000] {processor.py:208} INFO - Processing /opt/airflow/dags/driven_data_pipeline.py took 0.536 seconds
[2025-11-23T08:40:01.050+0000] {processor.py:186} INFO - Started process (PID=266) to work on /opt/airflow/dags/driven_data_pipeline.py
[2025-11-23T08:40:01.051+0000] {processor.py:914} INFO - Processing file /opt/airflow/dags/driven_data_pipeline.py for tasks to queue
[2025-11-23T08:40:01.055+0000] {logging_mixin.py:190} INFO - [2025-11-23T08:40:01.054+0000] {dagbag.py:588} INFO - Filling up the DagBag from /opt/airflow/dags/driven_data_pipeline.py
[2025-11-23T08:40:01.079+0000] {processor.py:925} INFO - DAG(s) 'extract_raw_data_pipeline' retrieved from /opt/airflow/dags/driven_data_pipeline.py
[2025-11-23T08:40:01.263+0000] {logging_mixin.py:190} INFO - [2025-11-23T08:40:01.262+0000] {dag.py:3239} INFO - Sync 1 DAGs
[2025-11-23T08:40:01.341+0000] {logging_mixin.py:190} INFO - [2025-11-23T08:40:01.340+0000] {dag.py:4180} INFO - Setting next_dagrun for extract_raw_data_pipeline to 2025-11-22 07:00:00+00:00, run_after=2025-11-23 07:00:00+00:00
[2025-11-23T08:40:01.377+0000] {processor.py:208} INFO - Processing /opt/airflow/dags/driven_data_pipeline.py took 0.336 seconds
[2025-11-23T08:40:31.450+0000] {processor.py:186} INFO - Started process (PID=273) to work on /opt/airflow/dags/driven_data_pipeline.py
[2025-11-23T08:40:31.452+0000] {processor.py:914} INFO - Processing file /opt/airflow/dags/driven_data_pipeline.py for tasks to queue
[2025-11-23T08:40:31.460+0000] {logging_mixin.py:190} INFO - [2025-11-23T08:40:31.459+0000] {dagbag.py:588} INFO - Filling up the DagBag from /opt/airflow/dags/driven_data_pipeline.py
[2025-11-23T08:40:31.503+0000] {processor.py:925} INFO - DAG(s) 'extract_raw_data_pipeline' retrieved from /opt/airflow/dags/driven_data_pipeline.py
[2025-11-23T08:40:31.600+0000] {logging_mixin.py:190} INFO - [2025-11-23T08:40:31.599+0000] {dag.py:3239} INFO - Sync 1 DAGs
[2025-11-23T08:40:31.724+0000] {logging_mixin.py:190} INFO - [2025-11-23T08:40:31.723+0000] {dag.py:4180} INFO - Setting next_dagrun for extract_raw_data_pipeline to 2025-11-22 07:00:00+00:00, run_after=2025-11-23 07:00:00+00:00
[2025-11-23T08:40:31.788+0000] {processor.py:208} INFO - Processing /opt/airflow/dags/driven_data_pipeline.py took 0.355 seconds
[2025-11-23T08:40:44.951+0000] {processor.py:186} INFO - Started process (PID=280) to work on /opt/airflow/dags/driven_data_pipeline.py
[2025-11-23T08:40:44.952+0000] {processor.py:914} INFO - Processing file /opt/airflow/dags/driven_data_pipeline.py for tasks to queue
[2025-11-23T08:40:44.958+0000] {logging_mixin.py:190} INFO - [2025-11-23T08:40:44.958+0000] {dagbag.py:588} INFO - Filling up the DagBag from /opt/airflow/dags/driven_data_pipeline.py
[2025-11-23T08:40:44.994+0000] {processor.py:925} INFO - DAG(s) 'extract_raw_data_pipeline' retrieved from /opt/airflow/dags/driven_data_pipeline.py
[2025-11-23T08:40:45.400+0000] {logging_mixin.py:190} INFO - [2025-11-23T08:40:45.400+0000] {dag.py:3239} INFO - Sync 1 DAGs
[2025-11-23T08:40:45.467+0000] {logging_mixin.py:190} INFO - [2025-11-23T08:40:45.466+0000] {dag.py:4180} INFO - Setting next_dagrun for extract_raw_data_pipeline to 2025-11-22 07:00:00+00:00, run_after=2025-11-23 07:00:00+00:00
[2025-11-23T08:40:45.515+0000] {processor.py:208} INFO - Processing /opt/airflow/dags/driven_data_pipeline.py took 0.578 seconds
[2025-11-23T08:40:52.632+0000] {processor.py:186} INFO - Started process (PID=281) to work on /opt/airflow/dags/driven_data_pipeline.py
[2025-11-23T08:40:52.633+0000] {processor.py:914} INFO - Processing file /opt/airflow/dags/driven_data_pipeline.py for tasks to queue
[2025-11-23T08:40:52.639+0000] {logging_mixin.py:190} INFO - [2025-11-23T08:40:52.638+0000] {dagbag.py:588} INFO - Filling up the DagBag from /opt/airflow/dags/driven_data_pipeline.py
[2025-11-23T08:40:52.683+0000] {processor.py:925} INFO - DAG(s) 'extract_raw_data_pipeline' retrieved from /opt/airflow/dags/driven_data_pipeline.py
[2025-11-23T08:40:52.710+0000] {logging_mixin.py:190} INFO - [2025-11-23T08:40:52.709+0000] {dag.py:3239} INFO - Sync 1 DAGs
[2025-11-23T08:40:52.764+0000] {logging_mixin.py:190} INFO - [2025-11-23T08:40:52.763+0000] {dag.py:4180} INFO - Setting next_dagrun for extract_raw_data_pipeline to 2025-11-22 07:00:00+00:00, run_after=2025-11-23 07:00:00+00:00
[2025-11-23T08:40:52.800+0000] {processor.py:208} INFO - Processing /opt/airflow/dags/driven_data_pipeline.py took 0.181 seconds
[2025-11-23T08:41:22.002+0000] {processor.py:186} INFO - Started process (PID=288) to work on /opt/airflow/dags/driven_data_pipeline.py
[2025-11-23T08:41:22.004+0000] {processor.py:914} INFO - Processing file /opt/airflow/dags/driven_data_pipeline.py for tasks to queue
[2025-11-23T08:41:22.011+0000] {logging_mixin.py:190} INFO - [2025-11-23T08:41:22.010+0000] {dagbag.py:588} INFO - Filling up the DagBag from /opt/airflow/dags/driven_data_pipeline.py
[2025-11-23T08:41:22.082+0000] {processor.py:925} INFO - DAG(s) 'extract_raw_data_pipeline' retrieved from /opt/airflow/dags/driven_data_pipeline.py
[2025-11-23T08:41:22.213+0000] {logging_mixin.py:190} INFO - [2025-11-23T08:41:22.212+0000] {dag.py:3239} INFO - Sync 1 DAGs
[2025-11-23T08:41:22.289+0000] {logging_mixin.py:190} INFO - [2025-11-23T08:41:22.288+0000] {dag.py:4180} INFO - Setting next_dagrun for extract_raw_data_pipeline to 2025-11-22 07:00:00+00:00, run_after=2025-11-23 07:00:00+00:00
[2025-11-23T08:41:22.343+0000] {processor.py:208} INFO - Processing /opt/airflow/dags/driven_data_pipeline.py took 0.360 seconds
[2025-11-23T08:44:27.348+0000] {processor.py:186} INFO - Started process (PID=67) to work on /opt/airflow/dags/driven_data_pipeline.py
[2025-11-23T08:44:27.384+0000] {processor.py:914} INFO - Processing file /opt/airflow/dags/driven_data_pipeline.py for tasks to queue
[2025-11-23T08:44:27.465+0000] {logging_mixin.py:190} INFO - [2025-11-23T08:44:27.451+0000] {dagbag.py:588} INFO - Filling up the DagBag from /opt/airflow/dags/driven_data_pipeline.py
[2025-11-23T08:44:27.860+0000] {processor.py:925} INFO - DAG(s) 'extract_raw_data_pipeline' retrieved from /opt/airflow/dags/driven_data_pipeline.py
[2025-11-23T08:44:28.202+0000] {logging_mixin.py:190} INFO - [2025-11-23T08:44:28.201+0000] {dag.py:3239} INFO - Sync 1 DAGs
[2025-11-23T08:44:28.376+0000] {logging_mixin.py:190} INFO - [2025-11-23T08:44:28.375+0000] {dag.py:4180} INFO - Setting next_dagrun for extract_raw_data_pipeline to 2025-11-22 07:00:00+00:00, run_after=2025-11-23 07:00:00+00:00
[2025-11-23T08:44:28.496+0000] {processor.py:208} INFO - Processing /opt/airflow/dags/driven_data_pipeline.py took 1.306 seconds
[2025-11-23T08:44:59.373+0000] {processor.py:186} INFO - Started process (PID=74) to work on /opt/airflow/dags/driven_data_pipeline.py
[2025-11-23T08:44:59.382+0000] {processor.py:914} INFO - Processing file /opt/airflow/dags/driven_data_pipeline.py for tasks to queue
[2025-11-23T08:44:59.521+0000] {logging_mixin.py:190} INFO - [2025-11-23T08:44:59.504+0000] {dagbag.py:588} INFO - Filling up the DagBag from /opt/airflow/dags/driven_data_pipeline.py
[2025-11-23T08:45:00.197+0000] {processor.py:925} INFO - DAG(s) 'extract_raw_data_pipeline' retrieved from /opt/airflow/dags/driven_data_pipeline.py
[2025-11-23T08:45:00.905+0000] {logging_mixin.py:190} INFO - [2025-11-23T08:45:00.904+0000] {dag.py:3239} INFO - Sync 1 DAGs
[2025-11-23T08:45:01.211+0000] {logging_mixin.py:190} INFO - [2025-11-23T08:45:01.210+0000] {dag.py:4180} INFO - Setting next_dagrun for extract_raw_data_pipeline to 2025-11-22 07:00:00+00:00, run_after=2025-11-23 07:00:00+00:00
[2025-11-23T08:45:01.349+0000] {processor.py:208} INFO - Processing /opt/airflow/dags/driven_data_pipeline.py took 2.288 seconds
[2025-11-23T08:45:31.910+0000] {processor.py:186} INFO - Started process (PID=81) to work on /opt/airflow/dags/driven_data_pipeline.py
[2025-11-23T08:45:31.913+0000] {processor.py:914} INFO - Processing file /opt/airflow/dags/driven_data_pipeline.py for tasks to queue
[2025-11-23T08:45:31.925+0000] {logging_mixin.py:190} INFO - [2025-11-23T08:45:31.923+0000] {dagbag.py:588} INFO - Filling up the DagBag from /opt/airflow/dags/driven_data_pipeline.py
[2025-11-23T08:45:32.006+0000] {processor.py:925} INFO - DAG(s) 'extract_raw_data_pipeline' retrieved from /opt/airflow/dags/driven_data_pipeline.py
[2025-11-23T08:45:32.109+0000] {logging_mixin.py:190} INFO - [2025-11-23T08:45:32.108+0000] {dag.py:3239} INFO - Sync 1 DAGs
[2025-11-23T08:45:32.184+0000] {logging_mixin.py:190} INFO - [2025-11-23T08:45:32.183+0000] {dag.py:4180} INFO - Setting next_dagrun for extract_raw_data_pipeline to 2025-11-22 07:00:00+00:00, run_after=2025-11-23 07:00:00+00:00
[2025-11-23T08:45:32.224+0000] {processor.py:208} INFO - Processing /opt/airflow/dags/driven_data_pipeline.py took 0.331 seconds
[2025-11-23T08:46:02.610+0000] {processor.py:186} INFO - Started process (PID=88) to work on /opt/airflow/dags/driven_data_pipeline.py
[2025-11-23T08:46:02.614+0000] {processor.py:914} INFO - Processing file /opt/airflow/dags/driven_data_pipeline.py for tasks to queue
[2025-11-23T08:46:02.626+0000] {logging_mixin.py:190} INFO - [2025-11-23T08:46:02.625+0000] {dagbag.py:588} INFO - Filling up the DagBag from /opt/airflow/dags/driven_data_pipeline.py
[2025-11-23T08:46:02.800+0000] {processor.py:925} INFO - DAG(s) 'extract_raw_data_pipeline' retrieved from /opt/airflow/dags/driven_data_pipeline.py
[2025-11-23T08:46:02.909+0000] {logging_mixin.py:190} INFO - [2025-11-23T08:46:02.909+0000] {dag.py:3239} INFO - Sync 1 DAGs
[2025-11-23T08:46:02.989+0000] {logging_mixin.py:190} INFO - [2025-11-23T08:46:02.988+0000] {dag.py:4180} INFO - Setting next_dagrun for extract_raw_data_pipeline to 2025-11-22 07:00:00+00:00, run_after=2025-11-23 07:00:00+00:00
[2025-11-23T08:46:03.073+0000] {processor.py:208} INFO - Processing /opt/airflow/dags/driven_data_pipeline.py took 0.494 seconds
[2025-11-23T08:46:33.145+0000] {processor.py:186} INFO - Started process (PID=94) to work on /opt/airflow/dags/driven_data_pipeline.py
[2025-11-23T08:46:33.147+0000] {processor.py:914} INFO - Processing file /opt/airflow/dags/driven_data_pipeline.py for tasks to queue
[2025-11-23T08:46:33.154+0000] {logging_mixin.py:190} INFO - [2025-11-23T08:46:33.153+0000] {dagbag.py:588} INFO - Filling up the DagBag from /opt/airflow/dags/driven_data_pipeline.py
[2025-11-23T08:46:33.194+0000] {processor.py:925} INFO - DAG(s) 'extract_raw_data_pipeline' retrieved from /opt/airflow/dags/driven_data_pipeline.py
[2025-11-23T08:46:33.252+0000] {logging_mixin.py:190} INFO - [2025-11-23T08:46:33.252+0000] {dag.py:3239} INFO - Sync 1 DAGs
[2025-11-23T08:46:33.297+0000] {logging_mixin.py:190} INFO - [2025-11-23T08:46:33.296+0000] {dag.py:4180} INFO - Setting next_dagrun for extract_raw_data_pipeline to 2025-11-22 07:00:00+00:00, run_after=2025-11-23 07:00:00+00:00
[2025-11-23T08:46:33.324+0000] {processor.py:208} INFO - Processing /opt/airflow/dags/driven_data_pipeline.py took 0.195 seconds
[2025-11-23T08:46:49.299+0000] {processor.py:186} INFO - Started process (PID=101) to work on /opt/airflow/dags/driven_data_pipeline.py
[2025-11-23T08:46:49.301+0000] {processor.py:914} INFO - Processing file /opt/airflow/dags/driven_data_pipeline.py for tasks to queue
[2025-11-23T08:46:49.307+0000] {logging_mixin.py:190} INFO - [2025-11-23T08:46:49.306+0000] {dagbag.py:588} INFO - Filling up the DagBag from /opt/airflow/dags/driven_data_pipeline.py
[2025-11-23T08:46:49.320+0000] {logging_mixin.py:190} INFO - [2025-11-23T08:46:49.314+0000] {dagbag.py:387} ERROR - Failed to import: /opt/airflow/dags/driven_data_pipeline.py
Traceback (most recent call last):
  File "/home/airflow/.local/lib/python3.12/site-packages/airflow/models/dagbag.py", line 383, in parse
    loader.exec_module(new_module)
  File "<frozen importlib._bootstrap_external>", line 991, in exec_module
  File "<frozen importlib._bootstrap_external>", line 1129, in get_code
  File "<frozen importlib._bootstrap_external>", line 1059, in source_to_code
  File "<frozen importlib._bootstrap>", line 488, in _call_with_frames_removed
  File "/opt/airflow/dags/driven_data_pipeline.py", line 7
    python3 -m venv venv
               ^^^^
SyntaxError: invalid syntax
[2025-11-23T08:46:49.323+0000] {processor.py:927} WARNING - No viable dags retrieved from /opt/airflow/dags/driven_data_pipeline.py
[2025-11-23T08:46:49.372+0000] {processor.py:208} INFO - Processing /opt/airflow/dags/driven_data_pipeline.py took 0.085 seconds
[2025-11-23T08:46:50.467+0000] {processor.py:186} INFO - Started process (PID=102) to work on /opt/airflow/dags/driven_data_pipeline.py
[2025-11-23T08:46:50.469+0000] {processor.py:914} INFO - Processing file /opt/airflow/dags/driven_data_pipeline.py for tasks to queue
[2025-11-23T08:46:50.474+0000] {logging_mixin.py:190} INFO - [2025-11-23T08:46:50.473+0000] {dagbag.py:588} INFO - Filling up the DagBag from /opt/airflow/dags/driven_data_pipeline.py
[2025-11-23T08:46:50.521+0000] {processor.py:925} INFO - DAG(s) 'extract_raw_data_pipeline' retrieved from /opt/airflow/dags/driven_data_pipeline.py
[2025-11-23T08:46:50.581+0000] {logging_mixin.py:190} INFO - [2025-11-23T08:46:50.580+0000] {dag.py:3239} INFO - Sync 1 DAGs
[2025-11-23T08:46:50.635+0000] {logging_mixin.py:190} INFO - [2025-11-23T08:46:50.634+0000] {dag.py:4180} INFO - Setting next_dagrun for extract_raw_data_pipeline to 2025-11-22 07:00:00+00:00, run_after=2025-11-23 07:00:00+00:00
[2025-11-23T08:46:50.708+0000] {processor.py:208} INFO - Processing /opt/airflow/dags/driven_data_pipeline.py took 0.254 seconds
[2025-11-23T08:47:20.889+0000] {processor.py:186} INFO - Started process (PID=109) to work on /opt/airflow/dags/driven_data_pipeline.py
[2025-11-23T08:47:20.891+0000] {processor.py:914} INFO - Processing file /opt/airflow/dags/driven_data_pipeline.py for tasks to queue
[2025-11-23T08:47:20.899+0000] {logging_mixin.py:190} INFO - [2025-11-23T08:47:20.898+0000] {dagbag.py:588} INFO - Filling up the DagBag from /opt/airflow/dags/driven_data_pipeline.py
[2025-11-23T08:47:20.948+0000] {processor.py:925} INFO - DAG(s) 'extract_raw_data_pipeline' retrieved from /opt/airflow/dags/driven_data_pipeline.py
[2025-11-23T08:47:21.023+0000] {logging_mixin.py:190} INFO - [2025-11-23T08:47:21.022+0000] {dag.py:3239} INFO - Sync 1 DAGs
[2025-11-23T08:47:21.093+0000] {logging_mixin.py:190} INFO - [2025-11-23T08:47:21.092+0000] {dag.py:4180} INFO - Setting next_dagrun for extract_raw_data_pipeline to 2025-11-22 07:00:00+00:00, run_after=2025-11-23 07:00:00+00:00
[2025-11-23T08:47:21.141+0000] {processor.py:208} INFO - Processing /opt/airflow/dags/driven_data_pipeline.py took 0.269 seconds
[2025-11-23T08:47:24.102+0000] {processor.py:186} INFO - Started process (PID=110) to work on /opt/airflow/dags/driven_data_pipeline.py
[2025-11-23T08:47:24.104+0000] {processor.py:914} INFO - Processing file /opt/airflow/dags/driven_data_pipeline.py for tasks to queue
[2025-11-23T08:47:24.110+0000] {logging_mixin.py:190} INFO - [2025-11-23T08:47:24.109+0000] {dagbag.py:588} INFO - Filling up the DagBag from /opt/airflow/dags/driven_data_pipeline.py
[2025-11-23T08:47:24.159+0000] {processor.py:925} INFO - DAG(s) 'extract_raw_data_pipeline' retrieved from /opt/airflow/dags/driven_data_pipeline.py
[2025-11-23T08:47:24.227+0000] {logging_mixin.py:190} INFO - [2025-11-23T08:47:24.226+0000] {dag.py:3239} INFO - Sync 1 DAGs
[2025-11-23T08:47:24.297+0000] {logging_mixin.py:190} INFO - [2025-11-23T08:47:24.296+0000] {dag.py:4180} INFO - Setting next_dagrun for extract_raw_data_pipeline to 2025-11-22 07:00:00+00:00, run_after=2025-11-23 07:00:00+00:00
[2025-11-23T08:47:24.355+0000] {processor.py:208} INFO - Processing /opt/airflow/dags/driven_data_pipeline.py took 0.269 seconds
[2025-11-23T08:47:54.564+0000] {processor.py:186} INFO - Started process (PID=117) to work on /opt/airflow/dags/driven_data_pipeline.py
[2025-11-23T08:47:54.565+0000] {processor.py:914} INFO - Processing file /opt/airflow/dags/driven_data_pipeline.py for tasks to queue
[2025-11-23T08:47:54.571+0000] {logging_mixin.py:190} INFO - [2025-11-23T08:47:54.571+0000] {dagbag.py:588} INFO - Filling up the DagBag from /opt/airflow/dags/driven_data_pipeline.py
[2025-11-23T08:47:54.606+0000] {processor.py:925} INFO - DAG(s) 'extract_raw_data_pipeline' retrieved from /opt/airflow/dags/driven_data_pipeline.py
[2025-11-23T08:47:54.675+0000] {logging_mixin.py:190} INFO - [2025-11-23T08:47:54.674+0000] {dag.py:3239} INFO - Sync 1 DAGs
[2025-11-23T08:47:54.721+0000] {logging_mixin.py:190} INFO - [2025-11-23T08:47:54.720+0000] {dag.py:4180} INFO - Setting next_dagrun for extract_raw_data_pipeline to 2025-11-22 07:00:00+00:00, run_after=2025-11-23 07:00:00+00:00
[2025-11-23T08:47:54.748+0000] {processor.py:208} INFO - Processing /opt/airflow/dags/driven_data_pipeline.py took 0.194 seconds
[2025-11-23T08:48:24.957+0000] {processor.py:186} INFO - Started process (PID=124) to work on /opt/airflow/dags/driven_data_pipeline.py
[2025-11-23T08:48:24.959+0000] {processor.py:914} INFO - Processing file /opt/airflow/dags/driven_data_pipeline.py for tasks to queue
[2025-11-23T08:48:24.964+0000] {logging_mixin.py:190} INFO - [2025-11-23T08:48:24.963+0000] {dagbag.py:588} INFO - Filling up the DagBag from /opt/airflow/dags/driven_data_pipeline.py
[2025-11-23T08:48:25.019+0000] {processor.py:925} INFO - DAG(s) 'extract_raw_data_pipeline' retrieved from /opt/airflow/dags/driven_data_pipeline.py
[2025-11-23T08:48:25.091+0000] {logging_mixin.py:190} INFO - [2025-11-23T08:48:25.091+0000] {dag.py:3239} INFO - Sync 1 DAGs
[2025-11-23T08:48:25.241+0000] {logging_mixin.py:190} INFO - [2025-11-23T08:48:25.240+0000] {dag.py:4180} INFO - Setting next_dagrun for extract_raw_data_pipeline to 2025-11-22 07:00:00+00:00, run_after=2025-11-23 07:00:00+00:00
[2025-11-23T08:48:27.621+0000] {processor.py:208} INFO - Processing /opt/airflow/dags/driven_data_pipeline.py took 2.679 seconds
[2025-11-23T08:48:58.157+0000] {processor.py:186} INFO - Started process (PID=131) to work on /opt/airflow/dags/driven_data_pipeline.py
[2025-11-23T08:48:58.161+0000] {processor.py:914} INFO - Processing file /opt/airflow/dags/driven_data_pipeline.py for tasks to queue
[2025-11-23T08:48:58.170+0000] {logging_mixin.py:190} INFO - [2025-11-23T08:48:58.169+0000] {dagbag.py:588} INFO - Filling up the DagBag from /opt/airflow/dags/driven_data_pipeline.py
[2025-11-23T08:48:58.232+0000] {processor.py:925} INFO - DAG(s) 'extract_raw_data_pipeline' retrieved from /opt/airflow/dags/driven_data_pipeline.py
[2025-11-23T08:48:58.339+0000] {logging_mixin.py:190} INFO - [2025-11-23T08:48:58.338+0000] {dag.py:3239} INFO - Sync 1 DAGs
[2025-11-23T08:48:58.782+0000] {logging_mixin.py:190} INFO - [2025-11-23T08:48:58.782+0000] {dag.py:4180} INFO - Setting next_dagrun for extract_raw_data_pipeline to 2025-11-22 07:00:00+00:00, run_after=2025-11-23 07:00:00+00:00
[2025-11-23T08:48:58.818+0000] {processor.py:208} INFO - Processing /opt/airflow/dags/driven_data_pipeline.py took 0.695 seconds
[2025-11-23T08:49:29.761+0000] {processor.py:186} INFO - Started process (PID=138) to work on /opt/airflow/dags/driven_data_pipeline.py
[2025-11-23T08:49:29.765+0000] {processor.py:914} INFO - Processing file /opt/airflow/dags/driven_data_pipeline.py for tasks to queue
[2025-11-23T08:49:29.785+0000] {logging_mixin.py:190} INFO - [2025-11-23T08:49:29.777+0000] {dagbag.py:588} INFO - Filling up the DagBag from /opt/airflow/dags/driven_data_pipeline.py
[2025-11-23T08:49:29.879+0000] {processor.py:925} INFO - DAG(s) 'extract_raw_data_pipeline' retrieved from /opt/airflow/dags/driven_data_pipeline.py
[2025-11-23T08:49:31.268+0000] {logging_mixin.py:190} INFO - [2025-11-23T08:49:31.267+0000] {dag.py:3239} INFO - Sync 1 DAGs
[2025-11-23T08:49:31.344+0000] {logging_mixin.py:190} INFO - [2025-11-23T08:49:31.343+0000] {dag.py:4180} INFO - Setting next_dagrun for extract_raw_data_pipeline to 2025-11-22 07:00:00+00:00, run_after=2025-11-23 07:00:00+00:00
[2025-11-23T08:49:31.396+0000] {processor.py:208} INFO - Processing /opt/airflow/dags/driven_data_pipeline.py took 1.667 seconds
[2025-11-23T08:50:01.807+0000] {processor.py:186} INFO - Started process (PID=145) to work on /opt/airflow/dags/driven_data_pipeline.py
[2025-11-23T08:50:01.809+0000] {processor.py:914} INFO - Processing file /opt/airflow/dags/driven_data_pipeline.py for tasks to queue
[2025-11-23T08:50:01.818+0000] {logging_mixin.py:190} INFO - [2025-11-23T08:50:01.817+0000] {dagbag.py:588} INFO - Filling up the DagBag from /opt/airflow/dags/driven_data_pipeline.py
[2025-11-23T08:50:01.855+0000] {processor.py:925} INFO - DAG(s) 'extract_raw_data_pipeline' retrieved from /opt/airflow/dags/driven_data_pipeline.py
[2025-11-23T08:50:01.916+0000] {logging_mixin.py:190} INFO - [2025-11-23T08:50:01.916+0000] {dag.py:3239} INFO - Sync 1 DAGs
[2025-11-23T08:50:01.977+0000] {logging_mixin.py:190} INFO - [2025-11-23T08:50:01.976+0000] {dag.py:4180} INFO - Setting next_dagrun for extract_raw_data_pipeline to 2025-11-22 07:00:00+00:00, run_after=2025-11-23 07:00:00+00:00
[2025-11-23T08:50:02.029+0000] {processor.py:208} INFO - Processing /opt/airflow/dags/driven_data_pipeline.py took 0.240 seconds
[2025-11-23T08:50:32.138+0000] {processor.py:186} INFO - Started process (PID=152) to work on /opt/airflow/dags/driven_data_pipeline.py
[2025-11-23T08:50:32.139+0000] {processor.py:914} INFO - Processing file /opt/airflow/dags/driven_data_pipeline.py for tasks to queue
[2025-11-23T08:50:32.146+0000] {logging_mixin.py:190} INFO - [2025-11-23T08:50:32.145+0000] {dagbag.py:588} INFO - Filling up the DagBag from /opt/airflow/dags/driven_data_pipeline.py
[2025-11-23T08:50:32.201+0000] {processor.py:925} INFO - DAG(s) 'extract_raw_data_pipeline' retrieved from /opt/airflow/dags/driven_data_pipeline.py
[2025-11-23T08:50:32.295+0000] {logging_mixin.py:190} INFO - [2025-11-23T08:50:32.294+0000] {dag.py:3239} INFO - Sync 1 DAGs
[2025-11-23T08:50:32.411+0000] {logging_mixin.py:190} INFO - [2025-11-23T08:50:32.411+0000] {dag.py:4180} INFO - Setting next_dagrun for extract_raw_data_pipeline to 2025-11-22 07:00:00+00:00, run_after=2025-11-23 07:00:00+00:00
[2025-11-23T08:50:32.458+0000] {processor.py:208} INFO - Processing /opt/airflow/dags/driven_data_pipeline.py took 0.336 seconds
[2025-11-23T08:51:02.638+0000] {processor.py:186} INFO - Started process (PID=159) to work on /opt/airflow/dags/driven_data_pipeline.py
[2025-11-23T08:51:02.640+0000] {processor.py:914} INFO - Processing file /opt/airflow/dags/driven_data_pipeline.py for tasks to queue
[2025-11-23T08:51:02.646+0000] {logging_mixin.py:190} INFO - [2025-11-23T08:51:02.645+0000] {dagbag.py:588} INFO - Filling up the DagBag from /opt/airflow/dags/driven_data_pipeline.py
[2025-11-23T08:51:02.685+0000] {processor.py:925} INFO - DAG(s) 'extract_raw_data_pipeline' retrieved from /opt/airflow/dags/driven_data_pipeline.py
[2025-11-23T08:51:02.752+0000] {logging_mixin.py:190} INFO - [2025-11-23T08:51:02.752+0000] {dag.py:3239} INFO - Sync 1 DAGs
[2025-11-23T08:51:02.802+0000] {logging_mixin.py:190} INFO - [2025-11-23T08:51:02.802+0000] {dag.py:4180} INFO - Setting next_dagrun for extract_raw_data_pipeline to 2025-11-22 07:00:00+00:00, run_after=2025-11-23 07:00:00+00:00
[2025-11-23T08:51:02.840+0000] {processor.py:208} INFO - Processing /opt/airflow/dags/driven_data_pipeline.py took 0.217 seconds
[2025-11-23T08:51:33.103+0000] {processor.py:186} INFO - Started process (PID=166) to work on /opt/airflow/dags/driven_data_pipeline.py
[2025-11-23T08:51:33.104+0000] {processor.py:914} INFO - Processing file /opt/airflow/dags/driven_data_pipeline.py for tasks to queue
[2025-11-23T08:51:33.109+0000] {logging_mixin.py:190} INFO - [2025-11-23T08:51:33.108+0000] {dagbag.py:588} INFO - Filling up the DagBag from /opt/airflow/dags/driven_data_pipeline.py
[2025-11-23T08:51:33.134+0000] {processor.py:925} INFO - DAG(s) 'extract_raw_data_pipeline' retrieved from /opt/airflow/dags/driven_data_pipeline.py
[2025-11-23T08:51:33.191+0000] {logging_mixin.py:190} INFO - [2025-11-23T08:51:33.190+0000] {dag.py:3239} INFO - Sync 1 DAGs
[2025-11-23T08:51:33.482+0000] {logging_mixin.py:190} INFO - [2025-11-23T08:51:33.482+0000] {dag.py:4180} INFO - Setting next_dagrun for extract_raw_data_pipeline to 2025-11-22 07:00:00+00:00, run_after=2025-11-23 07:00:00+00:00
[2025-11-23T08:51:33.508+0000] {processor.py:208} INFO - Processing /opt/airflow/dags/driven_data_pipeline.py took 0.417 seconds
[2025-11-23T08:52:03.814+0000] {processor.py:186} INFO - Started process (PID=173) to work on /opt/airflow/dags/driven_data_pipeline.py
[2025-11-23T08:52:03.816+0000] {processor.py:914} INFO - Processing file /opt/airflow/dags/driven_data_pipeline.py for tasks to queue
[2025-11-23T08:52:03.820+0000] {logging_mixin.py:190} INFO - [2025-11-23T08:52:03.819+0000] {dagbag.py:588} INFO - Filling up the DagBag from /opt/airflow/dags/driven_data_pipeline.py
[2025-11-23T08:52:03.846+0000] {processor.py:925} INFO - DAG(s) 'extract_raw_data_pipeline' retrieved from /opt/airflow/dags/driven_data_pipeline.py
[2025-11-23T08:52:03.906+0000] {logging_mixin.py:190} INFO - [2025-11-23T08:52:03.905+0000] {dag.py:3239} INFO - Sync 1 DAGs
[2025-11-23T08:52:04.192+0000] {logging_mixin.py:190} INFO - [2025-11-23T08:52:04.192+0000] {dag.py:4180} INFO - Setting next_dagrun for extract_raw_data_pipeline to 2025-11-22 07:00:00+00:00, run_after=2025-11-23 07:00:00+00:00
[2025-11-23T08:52:04.219+0000] {processor.py:208} INFO - Processing /opt/airflow/dags/driven_data_pipeline.py took 0.417 seconds
[2025-11-23T08:52:34.709+0000] {processor.py:186} INFO - Started process (PID=180) to work on /opt/airflow/dags/driven_data_pipeline.py
[2025-11-23T08:52:34.714+0000] {processor.py:914} INFO - Processing file /opt/airflow/dags/driven_data_pipeline.py for tasks to queue
[2025-11-23T08:52:34.724+0000] {logging_mixin.py:190} INFO - [2025-11-23T08:52:34.721+0000] {dagbag.py:588} INFO - Filling up the DagBag from /opt/airflow/dags/driven_data_pipeline.py
[2025-11-23T08:52:34.770+0000] {processor.py:925} INFO - DAG(s) 'extract_raw_data_pipeline' retrieved from /opt/airflow/dags/driven_data_pipeline.py
[2025-11-23T08:52:35.361+0000] {logging_mixin.py:190} INFO - [2025-11-23T08:52:35.361+0000] {dag.py:3239} INFO - Sync 1 DAGs
[2025-11-23T08:52:35.410+0000] {logging_mixin.py:190} INFO - [2025-11-23T08:52:35.410+0000] {dag.py:4180} INFO - Setting next_dagrun for extract_raw_data_pipeline to 2025-11-22 07:00:00+00:00, run_after=2025-11-23 07:00:00+00:00
[2025-11-23T08:52:35.453+0000] {processor.py:208} INFO - Processing /opt/airflow/dags/driven_data_pipeline.py took 0.776 seconds
[2025-11-23T08:53:05.807+0000] {processor.py:186} INFO - Started process (PID=187) to work on /opt/airflow/dags/driven_data_pipeline.py
[2025-11-23T08:53:05.809+0000] {processor.py:914} INFO - Processing file /opt/airflow/dags/driven_data_pipeline.py for tasks to queue
[2025-11-23T08:53:05.815+0000] {logging_mixin.py:190} INFO - [2025-11-23T08:53:05.814+0000] {dagbag.py:588} INFO - Filling up the DagBag from /opt/airflow/dags/driven_data_pipeline.py
[2025-11-23T08:53:05.852+0000] {processor.py:925} INFO - DAG(s) 'extract_raw_data_pipeline' retrieved from /opt/airflow/dags/driven_data_pipeline.py
[2025-11-23T08:53:05.918+0000] {logging_mixin.py:190} INFO - [2025-11-23T08:53:05.917+0000] {dag.py:3239} INFO - Sync 1 DAGs
[2025-11-23T08:53:05.973+0000] {logging_mixin.py:190} INFO - [2025-11-23T08:53:05.972+0000] {dag.py:4180} INFO - Setting next_dagrun for extract_raw_data_pipeline to 2025-11-22 07:00:00+00:00, run_after=2025-11-23 07:00:00+00:00
[2025-11-23T08:53:06.014+0000] {processor.py:208} INFO - Processing /opt/airflow/dags/driven_data_pipeline.py took 0.219 seconds
[2025-11-23T08:53:24.295+0000] {processor.py:186} INFO - Started process (PID=194) to work on /opt/airflow/dags/driven_data_pipeline.py
[2025-11-23T08:53:24.300+0000] {processor.py:914} INFO - Processing file /opt/airflow/dags/driven_data_pipeline.py for tasks to queue
[2025-11-23T08:53:24.308+0000] {logging_mixin.py:190} INFO - [2025-11-23T08:53:24.307+0000] {dagbag.py:588} INFO - Filling up the DagBag from /opt/airflow/dags/driven_data_pipeline.py
[2025-11-23T08:53:24.364+0000] {processor.py:925} INFO - DAG(s) 'extract_raw_data_pipeline' retrieved from /opt/airflow/dags/driven_data_pipeline.py
[2025-11-23T08:53:24.427+0000] {logging_mixin.py:190} INFO - [2025-11-23T08:53:24.427+0000] {dag.py:3239} INFO - Sync 1 DAGs
[2025-11-23T08:53:24.488+0000] {logging_mixin.py:190} INFO - [2025-11-23T08:53:24.488+0000] {dag.py:4180} INFO - Setting next_dagrun for extract_raw_data_pipeline to 2025-11-22 07:00:00+00:00, run_after=2025-11-23 07:00:00+00:00
[2025-11-23T08:53:24.541+0000] {processor.py:208} INFO - Processing /opt/airflow/dags/driven_data_pipeline.py took 0.265 seconds
[2025-11-23T08:53:54.717+0000] {processor.py:186} INFO - Started process (PID=201) to work on /opt/airflow/dags/driven_data_pipeline.py
[2025-11-23T08:53:54.721+0000] {processor.py:914} INFO - Processing file /opt/airflow/dags/driven_data_pipeline.py for tasks to queue
[2025-11-23T08:53:54.736+0000] {logging_mixin.py:190} INFO - [2025-11-23T08:53:54.735+0000] {dagbag.py:588} INFO - Filling up the DagBag from /opt/airflow/dags/driven_data_pipeline.py
[2025-11-23T08:53:54.797+0000] {processor.py:925} INFO - DAG(s) 'extract_raw_data_pipeline' retrieved from /opt/airflow/dags/driven_data_pipeline.py
[2025-11-23T08:53:54.899+0000] {logging_mixin.py:190} INFO - [2025-11-23T08:53:54.898+0000] {dag.py:3239} INFO - Sync 1 DAGs
[2025-11-23T08:53:55.004+0000] {logging_mixin.py:190} INFO - [2025-11-23T08:53:55.003+0000] {dag.py:4180} INFO - Setting next_dagrun for extract_raw_data_pipeline to 2025-11-22 07:00:00+00:00, run_after=2025-11-23 07:00:00+00:00
[2025-11-23T08:53:55.059+0000] {processor.py:208} INFO - Processing /opt/airflow/dags/driven_data_pipeline.py took 0.376 seconds
[2025-11-23T08:54:25.161+0000] {processor.py:186} INFO - Started process (PID=208) to work on /opt/airflow/dags/driven_data_pipeline.py
[2025-11-23T08:54:25.163+0000] {processor.py:914} INFO - Processing file /opt/airflow/dags/driven_data_pipeline.py for tasks to queue
[2025-11-23T08:54:25.169+0000] {logging_mixin.py:190} INFO - [2025-11-23T08:54:25.168+0000] {dagbag.py:588} INFO - Filling up the DagBag from /opt/airflow/dags/driven_data_pipeline.py
[2025-11-23T08:54:25.202+0000] {processor.py:925} INFO - DAG(s) 'extract_raw_data_pipeline' retrieved from /opt/airflow/dags/driven_data_pipeline.py
[2025-11-23T08:54:25.268+0000] {logging_mixin.py:190} INFO - [2025-11-23T08:54:25.267+0000] {dag.py:3239} INFO - Sync 1 DAGs
[2025-11-23T08:54:25.776+0000] {logging_mixin.py:190} INFO - [2025-11-23T08:54:25.776+0000] {dag.py:4180} INFO - Setting next_dagrun for extract_raw_data_pipeline to 2025-11-22 07:00:00+00:00, run_after=2025-11-23 07:00:00+00:00
[2025-11-23T08:54:25.827+0000] {processor.py:208} INFO - Processing /opt/airflow/dags/driven_data_pipeline.py took 0.680 seconds
[2025-11-23T08:54:56.169+0000] {processor.py:186} INFO - Started process (PID=215) to work on /opt/airflow/dags/driven_data_pipeline.py
[2025-11-23T08:54:56.170+0000] {processor.py:914} INFO - Processing file /opt/airflow/dags/driven_data_pipeline.py for tasks to queue
[2025-11-23T08:54:56.183+0000] {logging_mixin.py:190} INFO - [2025-11-23T08:54:56.181+0000] {dagbag.py:588} INFO - Filling up the DagBag from /opt/airflow/dags/driven_data_pipeline.py
[2025-11-23T08:54:56.221+0000] {processor.py:925} INFO - DAG(s) 'extract_raw_data_pipeline' retrieved from /opt/airflow/dags/driven_data_pipeline.py
[2025-11-23T08:54:56.288+0000] {logging_mixin.py:190} INFO - [2025-11-23T08:54:56.288+0000] {dag.py:3239} INFO - Sync 1 DAGs
[2025-11-23T08:54:56.706+0000] {logging_mixin.py:190} INFO - [2025-11-23T08:54:56.706+0000] {dag.py:4180} INFO - Setting next_dagrun for extract_raw_data_pipeline to 2025-11-22 07:00:00+00:00, run_after=2025-11-23 07:00:00+00:00
[2025-11-23T08:54:56.731+0000] {processor.py:208} INFO - Processing /opt/airflow/dags/driven_data_pipeline.py took 0.586 seconds
[2025-11-23T08:55:26.971+0000] {processor.py:186} INFO - Started process (PID=222) to work on /opt/airflow/dags/driven_data_pipeline.py
[2025-11-23T08:55:26.976+0000] {processor.py:914} INFO - Processing file /opt/airflow/dags/driven_data_pipeline.py for tasks to queue
[2025-11-23T08:55:26.986+0000] {logging_mixin.py:190} INFO - [2025-11-23T08:55:26.984+0000] {dagbag.py:588} INFO - Filling up the DagBag from /opt/airflow/dags/driven_data_pipeline.py
[2025-11-23T08:55:27.042+0000] {processor.py:925} INFO - DAG(s) 'extract_raw_data_pipeline' retrieved from /opt/airflow/dags/driven_data_pipeline.py
[2025-11-23T08:55:27.498+0000] {logging_mixin.py:190} INFO - [2025-11-23T08:55:27.496+0000] {dag.py:3239} INFO - Sync 1 DAGs
[2025-11-23T08:55:27.545+0000] {logging_mixin.py:190} INFO - [2025-11-23T08:55:27.544+0000] {dag.py:4180} INFO - Setting next_dagrun for extract_raw_data_pipeline to 2025-11-22 07:00:00+00:00, run_after=2025-11-23 07:00:00+00:00
[2025-11-23T08:55:27.587+0000] {processor.py:208} INFO - Processing /opt/airflow/dags/driven_data_pipeline.py took 0.633 seconds
[2025-11-23T08:55:58.049+0000] {processor.py:186} INFO - Started process (PID=229) to work on /opt/airflow/dags/driven_data_pipeline.py
[2025-11-23T08:55:58.051+0000] {processor.py:914} INFO - Processing file /opt/airflow/dags/driven_data_pipeline.py for tasks to queue
[2025-11-23T08:55:58.058+0000] {logging_mixin.py:190} INFO - [2025-11-23T08:55:58.057+0000] {dagbag.py:588} INFO - Filling up the DagBag from /opt/airflow/dags/driven_data_pipeline.py
[2025-11-23T08:55:58.114+0000] {processor.py:925} INFO - DAG(s) 'extract_raw_data_pipeline' retrieved from /opt/airflow/dags/driven_data_pipeline.py
[2025-11-23T08:55:58.215+0000] {logging_mixin.py:190} INFO - [2025-11-23T08:55:58.214+0000] {dag.py:3239} INFO - Sync 1 DAGs
[2025-11-23T08:55:58.298+0000] {logging_mixin.py:190} INFO - [2025-11-23T08:55:58.298+0000] {dag.py:4180} INFO - Setting next_dagrun for extract_raw_data_pipeline to 2025-11-22 07:00:00+00:00, run_after=2025-11-23 07:00:00+00:00
[2025-11-23T08:55:58.350+0000] {processor.py:208} INFO - Processing /opt/airflow/dags/driven_data_pipeline.py took 0.328 seconds
[2025-11-23T08:56:28.650+0000] {processor.py:186} INFO - Started process (PID=236) to work on /opt/airflow/dags/driven_data_pipeline.py
[2025-11-23T08:56:28.653+0000] {processor.py:914} INFO - Processing file /opt/airflow/dags/driven_data_pipeline.py for tasks to queue
[2025-11-23T08:56:28.659+0000] {logging_mixin.py:190} INFO - [2025-11-23T08:56:28.658+0000] {dagbag.py:588} INFO - Filling up the DagBag from /opt/airflow/dags/driven_data_pipeline.py
[2025-11-23T08:56:28.698+0000] {processor.py:925} INFO - DAG(s) 'extract_raw_data_pipeline' retrieved from /opt/airflow/dags/driven_data_pipeline.py
[2025-11-23T08:56:28.770+0000] {logging_mixin.py:190} INFO - [2025-11-23T08:56:28.770+0000] {dag.py:3239} INFO - Sync 1 DAGs
[2025-11-23T08:56:28.832+0000] {logging_mixin.py:190} INFO - [2025-11-23T08:56:28.831+0000] {dag.py:4180} INFO - Setting next_dagrun for extract_raw_data_pipeline to 2025-11-22 07:00:00+00:00, run_after=2025-11-23 07:00:00+00:00
[2025-11-23T08:56:28.875+0000] {processor.py:208} INFO - Processing /opt/airflow/dags/driven_data_pipeline.py took 0.241 seconds
[2025-11-23T08:56:59.076+0000] {processor.py:186} INFO - Started process (PID=243) to work on /opt/airflow/dags/driven_data_pipeline.py
[2025-11-23T08:56:59.078+0000] {processor.py:914} INFO - Processing file /opt/airflow/dags/driven_data_pipeline.py for tasks to queue
[2025-11-23T08:56:59.084+0000] {logging_mixin.py:190} INFO - [2025-11-23T08:56:59.083+0000] {dagbag.py:588} INFO - Filling up the DagBag from /opt/airflow/dags/driven_data_pipeline.py
[2025-11-23T08:56:59.117+0000] {processor.py:925} INFO - DAG(s) 'extract_raw_data_pipeline' retrieved from /opt/airflow/dags/driven_data_pipeline.py
[2025-11-23T08:56:59.174+0000] {logging_mixin.py:190} INFO - [2025-11-23T08:56:59.174+0000] {dag.py:3239} INFO - Sync 1 DAGs
[2025-11-23T08:56:59.228+0000] {logging_mixin.py:190} INFO - [2025-11-23T08:56:59.228+0000] {dag.py:4180} INFO - Setting next_dagrun for extract_raw_data_pipeline to 2025-11-22 07:00:00+00:00, run_after=2025-11-23 07:00:00+00:00
[2025-11-23T08:56:59.561+0000] {processor.py:208} INFO - Processing /opt/airflow/dags/driven_data_pipeline.py took 0.503 seconds
[2025-11-23T08:57:29.885+0000] {processor.py:186} INFO - Started process (PID=250) to work on /opt/airflow/dags/driven_data_pipeline.py
[2025-11-23T08:57:29.886+0000] {processor.py:914} INFO - Processing file /opt/airflow/dags/driven_data_pipeline.py for tasks to queue
[2025-11-23T08:57:29.890+0000] {logging_mixin.py:190} INFO - [2025-11-23T08:57:29.890+0000] {dagbag.py:588} INFO - Filling up the DagBag from /opt/airflow/dags/driven_data_pipeline.py
[2025-11-23T08:57:29.919+0000] {processor.py:925} INFO - DAG(s) 'extract_raw_data_pipeline' retrieved from /opt/airflow/dags/driven_data_pipeline.py
[2025-11-23T08:57:29.969+0000] {logging_mixin.py:190} INFO - [2025-11-23T08:57:29.969+0000] {dag.py:3239} INFO - Sync 1 DAGs
[2025-11-23T08:57:30.214+0000] {logging_mixin.py:190} INFO - [2025-11-23T08:57:30.213+0000] {dag.py:4180} INFO - Setting next_dagrun for extract_raw_data_pipeline to 2025-11-22 07:00:00+00:00, run_after=2025-11-23 07:00:00+00:00
[2025-11-23T08:57:30.237+0000] {processor.py:208} INFO - Processing /opt/airflow/dags/driven_data_pipeline.py took 0.361 seconds
[2025-11-23T08:58:00.550+0000] {processor.py:186} INFO - Started process (PID=257) to work on /opt/airflow/dags/driven_data_pipeline.py
[2025-11-23T08:58:00.552+0000] {processor.py:914} INFO - Processing file /opt/airflow/dags/driven_data_pipeline.py for tasks to queue
[2025-11-23T08:58:00.559+0000] {logging_mixin.py:190} INFO - [2025-11-23T08:58:00.558+0000] {dagbag.py:588} INFO - Filling up the DagBag from /opt/airflow/dags/driven_data_pipeline.py
[2025-11-23T08:58:00.604+0000] {processor.py:925} INFO - DAG(s) 'extract_raw_data_pipeline' retrieved from /opt/airflow/dags/driven_data_pipeline.py
[2025-11-23T08:58:00.944+0000] {logging_mixin.py:190} INFO - [2025-11-23T08:58:00.944+0000] {dag.py:3239} INFO - Sync 1 DAGs
[2025-11-23T08:58:00.983+0000] {logging_mixin.py:190} INFO - [2025-11-23T08:58:00.983+0000] {dag.py:4180} INFO - Setting next_dagrun for extract_raw_data_pipeline to 2025-11-22 07:00:00+00:00, run_after=2025-11-23 07:00:00+00:00
[2025-11-23T08:58:01.011+0000] {processor.py:208} INFO - Processing /opt/airflow/dags/driven_data_pipeline.py took 0.477 seconds
[2025-11-23T08:58:31.361+0000] {processor.py:186} INFO - Started process (PID=264) to work on /opt/airflow/dags/driven_data_pipeline.py
[2025-11-23T08:58:31.367+0000] {processor.py:914} INFO - Processing file /opt/airflow/dags/driven_data_pipeline.py for tasks to queue
[2025-11-23T08:58:31.378+0000] {logging_mixin.py:190} INFO - [2025-11-23T08:58:31.377+0000] {dagbag.py:588} INFO - Filling up the DagBag from /opt/airflow/dags/driven_data_pipeline.py
[2025-11-23T08:58:31.699+0000] {processor.py:925} INFO - DAG(s) 'extract_raw_data_pipeline' retrieved from /opt/airflow/dags/driven_data_pipeline.py
[2025-11-23T08:58:31.775+0000] {logging_mixin.py:190} INFO - [2025-11-23T08:58:31.774+0000] {dag.py:3239} INFO - Sync 1 DAGs
[2025-11-23T08:58:31.830+0000] {logging_mixin.py:190} INFO - [2025-11-23T08:58:31.829+0000] {dag.py:4180} INFO - Setting next_dagrun for extract_raw_data_pipeline to 2025-11-22 07:00:00+00:00, run_after=2025-11-23 07:00:00+00:00
[2025-11-23T08:58:31.868+0000] {processor.py:208} INFO - Processing /opt/airflow/dags/driven_data_pipeline.py took 0.530 seconds
[2025-11-23T08:59:02.656+0000] {processor.py:186} INFO - Started process (PID=271) to work on /opt/airflow/dags/driven_data_pipeline.py
[2025-11-23T08:59:02.664+0000] {processor.py:914} INFO - Processing file /opt/airflow/dags/driven_data_pipeline.py for tasks to queue
[2025-11-23T08:59:02.679+0000] {logging_mixin.py:190} INFO - [2025-11-23T08:59:02.677+0000] {dagbag.py:588} INFO - Filling up the DagBag from /opt/airflow/dags/driven_data_pipeline.py
[2025-11-23T08:59:02.775+0000] {processor.py:925} INFO - DAG(s) 'extract_raw_data_pipeline' retrieved from /opt/airflow/dags/driven_data_pipeline.py
[2025-11-23T08:59:04.248+0000] {logging_mixin.py:190} INFO - [2025-11-23T08:59:04.234+0000] {dag.py:3239} INFO - Sync 1 DAGs
[2025-11-23T08:59:04.826+0000] {logging_mixin.py:190} INFO - [2025-11-23T08:59:04.819+0000] {dag.py:4180} INFO - Setting next_dagrun for extract_raw_data_pipeline to 2025-11-22 07:00:00+00:00, run_after=2025-11-23 07:00:00+00:00
[2025-11-23T08:59:05.853+0000] {processor.py:208} INFO - Processing /opt/airflow/dags/driven_data_pipeline.py took 3.235 seconds
[2025-11-23T08:59:36.355+0000] {processor.py:186} INFO - Started process (PID=278) to work on /opt/airflow/dags/driven_data_pipeline.py
[2025-11-23T08:59:36.359+0000] {processor.py:914} INFO - Processing file /opt/airflow/dags/driven_data_pipeline.py for tasks to queue
[2025-11-23T08:59:36.372+0000] {logging_mixin.py:190} INFO - [2025-11-23T08:59:36.370+0000] {dagbag.py:588} INFO - Filling up the DagBag from /opt/airflow/dags/driven_data_pipeline.py
[2025-11-23T08:59:36.444+0000] {processor.py:925} INFO - DAG(s) 'extract_raw_data_pipeline' retrieved from /opt/airflow/dags/driven_data_pipeline.py
[2025-11-23T08:59:36.572+0000] {logging_mixin.py:190} INFO - [2025-11-23T08:59:36.572+0000] {dag.py:3239} INFO - Sync 1 DAGs
[2025-11-23T08:59:36.700+0000] {logging_mixin.py:190} INFO - [2025-11-23T08:59:36.699+0000] {dag.py:4180} INFO - Setting next_dagrun for extract_raw_data_pipeline to 2025-11-22 07:00:00+00:00, run_after=2025-11-23 07:00:00+00:00
[2025-11-23T08:59:36.754+0000] {processor.py:208} INFO - Processing /opt/airflow/dags/driven_data_pipeline.py took 0.423 seconds
[2025-11-23T09:00:07.189+0000] {processor.py:186} INFO - Started process (PID=285) to work on /opt/airflow/dags/driven_data_pipeline.py
[2025-11-23T09:00:07.194+0000] {processor.py:914} INFO - Processing file /opt/airflow/dags/driven_data_pipeline.py for tasks to queue
[2025-11-23T09:00:07.201+0000] {logging_mixin.py:190} INFO - [2025-11-23T09:00:07.200+0000] {dagbag.py:588} INFO - Filling up the DagBag from /opt/airflow/dags/driven_data_pipeline.py
[2025-11-23T09:00:07.290+0000] {processor.py:925} INFO - DAG(s) 'extract_raw_data_pipeline' retrieved from /opt/airflow/dags/driven_data_pipeline.py
[2025-11-23T09:00:07.687+0000] {logging_mixin.py:190} INFO - [2025-11-23T09:00:07.677+0000] {dag.py:3239} INFO - Sync 1 DAGs
[2025-11-23T09:00:08.014+0000] {logging_mixin.py:190} INFO - [2025-11-23T09:00:08.009+0000] {dag.py:4180} INFO - Setting next_dagrun for extract_raw_data_pipeline to 2025-11-22 07:00:00+00:00, run_after=2025-11-23 07:00:00+00:00
[2025-11-23T09:00:08.418+0000] {processor.py:208} INFO - Processing /opt/airflow/dags/driven_data_pipeline.py took 1.252 seconds
[2025-11-23T09:01:08.137+0000] {processor.py:186} INFO - Started process (PID=296) to work on /opt/airflow/dags/driven_data_pipeline.py
[2025-11-23T09:01:08.321+0000] {processor.py:914} INFO - Processing file /opt/airflow/dags/driven_data_pipeline.py for tasks to queue
[2025-11-23T09:01:08.930+0000] {logging_mixin.py:190} INFO - [2025-11-23T09:01:08.829+0000] {dagbag.py:588} INFO - Filling up the DagBag from /opt/airflow/dags/driven_data_pipeline.py
[2025-11-23T09:01:10.536+0000] {processor.py:925} INFO - DAG(s) 'extract_raw_data_pipeline' retrieved from /opt/airflow/dags/driven_data_pipeline.py
[2025-11-23T09:01:12.783+0000] {logging_mixin.py:190} INFO - [2025-11-23T09:01:12.771+0000] {dag.py:3239} INFO - Sync 1 DAGs
[2025-11-23T09:01:13.328+0000] {logging_mixin.py:190} INFO - [2025-11-23T09:01:13.226+0000] {dag.py:4180} INFO - Setting next_dagrun for extract_raw_data_pipeline to 2025-11-23 07:00:00+00:00, run_after=2025-11-24 07:00:00+00:00
[2025-11-23T09:01:16.119+0000] {processor.py:208} INFO - Processing /opt/airflow/dags/driven_data_pipeline.py took 8.171 seconds
[2025-11-23T09:01:46.451+0000] {processor.py:186} INFO - Started process (PID=303) to work on /opt/airflow/dags/driven_data_pipeline.py
[2025-11-23T09:01:46.467+0000] {processor.py:914} INFO - Processing file /opt/airflow/dags/driven_data_pipeline.py for tasks to queue
[2025-11-23T09:01:46.509+0000] {logging_mixin.py:190} INFO - [2025-11-23T09:01:46.493+0000] {dagbag.py:588} INFO - Filling up the DagBag from /opt/airflow/dags/driven_data_pipeline.py
[2025-11-23T09:01:46.604+0000] {processor.py:925} INFO - DAG(s) 'extract_raw_data_pipeline' retrieved from /opt/airflow/dags/driven_data_pipeline.py
[2025-11-23T09:01:46.965+0000] {logging_mixin.py:190} INFO - [2025-11-23T09:01:46.964+0000] {dag.py:3239} INFO - Sync 1 DAGs
[2025-11-23T09:01:47.199+0000] {logging_mixin.py:190} INFO - [2025-11-23T09:01:47.198+0000] {dag.py:4180} INFO - Setting next_dagrun for extract_raw_data_pipeline to 2025-11-23 07:00:00+00:00, run_after=2025-11-24 07:00:00+00:00
[2025-11-23T09:01:47.302+0000] {processor.py:208} INFO - Processing /opt/airflow/dags/driven_data_pipeline.py took 0.885 seconds
[2025-11-23T09:02:17.825+0000] {processor.py:186} INFO - Started process (PID=310) to work on /opt/airflow/dags/driven_data_pipeline.py
[2025-11-23T09:02:17.828+0000] {processor.py:914} INFO - Processing file /opt/airflow/dags/driven_data_pipeline.py for tasks to queue
[2025-11-23T09:02:17.841+0000] {logging_mixin.py:190} INFO - [2025-11-23T09:02:17.839+0000] {dagbag.py:588} INFO - Filling up the DagBag from /opt/airflow/dags/driven_data_pipeline.py
[2025-11-23T09:02:17.922+0000] {processor.py:925} INFO - DAG(s) 'extract_raw_data_pipeline' retrieved from /opt/airflow/dags/driven_data_pipeline.py
[2025-11-23T09:02:18.077+0000] {logging_mixin.py:190} INFO - [2025-11-23T09:02:18.077+0000] {dag.py:3239} INFO - Sync 1 DAGs
[2025-11-23T09:02:18.170+0000] {logging_mixin.py:190} INFO - [2025-11-23T09:02:18.169+0000] {dag.py:4180} INFO - Setting next_dagrun for extract_raw_data_pipeline to 2025-11-23 07:00:00+00:00, run_after=2025-11-24 07:00:00+00:00
[2025-11-23T09:02:18.261+0000] {processor.py:208} INFO - Processing /opt/airflow/dags/driven_data_pipeline.py took 0.463 seconds
[2025-11-23T09:02:48.927+0000] {processor.py:186} INFO - Started process (PID=317) to work on /opt/airflow/dags/driven_data_pipeline.py
[2025-11-23T09:02:48.934+0000] {processor.py:914} INFO - Processing file /opt/airflow/dags/driven_data_pipeline.py for tasks to queue
[2025-11-23T09:02:48.956+0000] {logging_mixin.py:190} INFO - [2025-11-23T09:02:48.954+0000] {dagbag.py:588} INFO - Filling up the DagBag from /opt/airflow/dags/driven_data_pipeline.py
[2025-11-23T09:02:49.035+0000] {processor.py:925} INFO - DAG(s) 'extract_raw_data_pipeline' retrieved from /opt/airflow/dags/driven_data_pipeline.py
[2025-11-23T09:02:49.141+0000] {logging_mixin.py:190} INFO - [2025-11-23T09:02:49.141+0000] {dag.py:3239} INFO - Sync 1 DAGs
[2025-11-23T09:02:49.246+0000] {logging_mixin.py:190} INFO - [2025-11-23T09:02:49.246+0000] {dag.py:4180} INFO - Setting next_dagrun for extract_raw_data_pipeline to 2025-11-23 07:00:00+00:00, run_after=2025-11-24 07:00:00+00:00
[2025-11-23T09:02:49.308+0000] {processor.py:208} INFO - Processing /opt/airflow/dags/driven_data_pipeline.py took 0.422 seconds
[2025-11-23T09:03:19.721+0000] {processor.py:186} INFO - Started process (PID=324) to work on /opt/airflow/dags/driven_data_pipeline.py
[2025-11-23T09:03:19.724+0000] {processor.py:914} INFO - Processing file /opt/airflow/dags/driven_data_pipeline.py for tasks to queue
[2025-11-23T09:03:19.737+0000] {logging_mixin.py:190} INFO - [2025-11-23T09:03:19.735+0000] {dagbag.py:588} INFO - Filling up the DagBag from /opt/airflow/dags/driven_data_pipeline.py
[2025-11-23T09:03:19.783+0000] {processor.py:925} INFO - DAG(s) 'extract_raw_data_pipeline' retrieved from /opt/airflow/dags/driven_data_pipeline.py
[2025-11-23T09:03:19.869+0000] {logging_mixin.py:190} INFO - [2025-11-23T09:03:19.869+0000] {dag.py:3239} INFO - Sync 1 DAGs
[2025-11-23T09:03:19.942+0000] {logging_mixin.py:190} INFO - [2025-11-23T09:03:19.942+0000] {dag.py:4180} INFO - Setting next_dagrun for extract_raw_data_pipeline to 2025-11-23 07:00:00+00:00, run_after=2025-11-24 07:00:00+00:00
[2025-11-23T09:03:20.014+0000] {processor.py:208} INFO - Processing /opt/airflow/dags/driven_data_pipeline.py took 0.319 seconds
[2025-11-23T09:07:35.827+0000] {processor.py:186} INFO - Started process (PID=62) to work on /opt/airflow/dags/driven_data_pipeline.py
[2025-11-23T09:07:35.834+0000] {processor.py:914} INFO - Processing file /opt/airflow/dags/driven_data_pipeline.py for tasks to queue
[2025-11-23T09:07:35.843+0000] {logging_mixin.py:190} INFO - [2025-11-23T09:07:35.840+0000] {dagbag.py:588} INFO - Filling up the DagBag from /opt/airflow/dags/driven_data_pipeline.py
[2025-11-23T09:07:35.924+0000] {processor.py:925} INFO - DAG(s) 'extract_raw_data_pipeline' retrieved from /opt/airflow/dags/driven_data_pipeline.py
[2025-11-23T09:07:36.738+0000] {logging_mixin.py:190} INFO - [2025-11-23T09:07:36.736+0000] {override.py:1900} INFO - Created Permission View: can read on DAG:extract_raw_data_pipeline
[2025-11-23T09:07:36.759+0000] {logging_mixin.py:190} INFO - [2025-11-23T09:07:36.759+0000] {override.py:1900} INFO - Created Permission View: can edit on DAG:extract_raw_data_pipeline
[2025-11-23T09:07:36.773+0000] {logging_mixin.py:190} INFO - [2025-11-23T09:07:36.772+0000] {override.py:1900} INFO - Created Permission View: can delete on DAG:extract_raw_data_pipeline
[2025-11-23T09:07:36.787+0000] {logging_mixin.py:190} INFO - [2025-11-23T09:07:36.786+0000] {override.py:1900} INFO - Created Permission View: can read on DAG Run:extract_raw_data_pipeline
[2025-11-23T09:07:36.802+0000] {logging_mixin.py:190} INFO - [2025-11-23T09:07:36.800+0000] {override.py:1900} INFO - Created Permission View: can create on DAG Run:extract_raw_data_pipeline
[2025-11-23T09:07:36.814+0000] {logging_mixin.py:190} INFO - [2025-11-23T09:07:36.814+0000] {override.py:1900} INFO - Created Permission View: menu access on DAG Run:extract_raw_data_pipeline
[2025-11-23T09:07:36.827+0000] {logging_mixin.py:190} INFO - [2025-11-23T09:07:36.826+0000] {override.py:1900} INFO - Created Permission View: can delete on DAG Run:extract_raw_data_pipeline
[2025-11-23T09:07:36.828+0000] {logging_mixin.py:190} INFO - [2025-11-23T09:07:36.827+0000] {dag.py:3239} INFO - Sync 1 DAGs
[2025-11-23T09:07:36.865+0000] {logging_mixin.py:190} INFO - [2025-11-23T09:07:36.864+0000] {dag.py:3262} INFO - Creating ORM DAG for extract_raw_data_pipeline
[2025-11-23T09:07:36.916+0000] {logging_mixin.py:190} INFO - [2025-11-23T09:07:36.915+0000] {dag.py:4180} INFO - Setting next_dagrun for extract_raw_data_pipeline to 2025-11-22 07:00:00+00:00, run_after=2025-11-23 07:00:00+00:00
[2025-11-23T09:07:36.984+0000] {processor.py:208} INFO - Processing /opt/airflow/dags/driven_data_pipeline.py took 1.185 seconds
[2025-11-23T09:08:08.222+0000] {processor.py:186} INFO - Started process (PID=68) to work on /opt/airflow/dags/driven_data_pipeline.py
[2025-11-23T09:08:08.242+0000] {processor.py:914} INFO - Processing file /opt/airflow/dags/driven_data_pipeline.py for tasks to queue
[2025-11-23T09:08:08.391+0000] {logging_mixin.py:190} INFO - [2025-11-23T09:08:08.369+0000] {dagbag.py:588} INFO - Filling up the DagBag from /opt/airflow/dags/driven_data_pipeline.py
[2025-11-23T09:08:08.764+0000] {processor.py:925} INFO - DAG(s) 'extract_raw_data_pipeline' retrieved from /opt/airflow/dags/driven_data_pipeline.py
[2025-11-23T09:08:09.060+0000] {logging_mixin.py:190} INFO - [2025-11-23T09:08:09.059+0000] {dag.py:3239} INFO - Sync 1 DAGs
[2025-11-23T09:08:09.679+0000] {logging_mixin.py:190} INFO - [2025-11-23T09:08:09.678+0000] {dag.py:4180} INFO - Setting next_dagrun for extract_raw_data_pipeline to 2025-11-22 07:00:00+00:00, run_after=2025-11-23 07:00:00+00:00
[2025-11-23T09:08:09.905+0000] {processor.py:208} INFO - Processing /opt/airflow/dags/driven_data_pipeline.py took 2.028 seconds
[2025-11-23T09:08:40.276+0000] {processor.py:186} INFO - Started process (PID=75) to work on /opt/airflow/dags/driven_data_pipeline.py
[2025-11-23T09:08:40.279+0000] {processor.py:914} INFO - Processing file /opt/airflow/dags/driven_data_pipeline.py for tasks to queue
[2025-11-23T09:08:40.296+0000] {logging_mixin.py:190} INFO - [2025-11-23T09:08:40.292+0000] {dagbag.py:588} INFO - Filling up the DagBag from /opt/airflow/dags/driven_data_pipeline.py
[2025-11-23T09:08:40.425+0000] {processor.py:925} INFO - DAG(s) 'extract_raw_data_pipeline' retrieved from /opt/airflow/dags/driven_data_pipeline.py
[2025-11-23T09:08:40.560+0000] {logging_mixin.py:190} INFO - [2025-11-23T09:08:40.560+0000] {dag.py:3239} INFO - Sync 1 DAGs
[2025-11-23T09:08:40.650+0000] {logging_mixin.py:190} INFO - [2025-11-23T09:08:40.650+0000] {dag.py:4180} INFO - Setting next_dagrun for extract_raw_data_pipeline to 2025-11-22 07:00:00+00:00, run_after=2025-11-23 07:00:00+00:00
[2025-11-23T09:08:40.699+0000] {processor.py:208} INFO - Processing /opt/airflow/dags/driven_data_pipeline.py took 0.465 seconds
[2025-11-23T09:09:10.818+0000] {processor.py:186} INFO - Started process (PID=82) to work on /opt/airflow/dags/driven_data_pipeline.py
[2025-11-23T09:09:10.820+0000] {processor.py:914} INFO - Processing file /opt/airflow/dags/driven_data_pipeline.py for tasks to queue
[2025-11-23T09:09:10.839+0000] {logging_mixin.py:190} INFO - [2025-11-23T09:09:10.837+0000] {dagbag.py:588} INFO - Filling up the DagBag from /opt/airflow/dags/driven_data_pipeline.py
[2025-11-23T09:09:10.937+0000] {processor.py:925} INFO - DAG(s) 'extract_raw_data_pipeline' retrieved from /opt/airflow/dags/driven_data_pipeline.py
[2025-11-23T09:09:11.050+0000] {logging_mixin.py:190} INFO - [2025-11-23T09:09:11.049+0000] {dag.py:3239} INFO - Sync 1 DAGs
[2025-11-23T09:09:11.130+0000] {logging_mixin.py:190} INFO - [2025-11-23T09:09:11.130+0000] {dag.py:4180} INFO - Setting next_dagrun for extract_raw_data_pipeline to 2025-11-22 07:00:00+00:00, run_after=2025-11-23 07:00:00+00:00
[2025-11-23T09:09:11.189+0000] {processor.py:208} INFO - Processing /opt/airflow/dags/driven_data_pipeline.py took 0.408 seconds
[2025-11-23T09:09:41.574+0000] {processor.py:186} INFO - Started process (PID=89) to work on /opt/airflow/dags/driven_data_pipeline.py
[2025-11-23T09:09:41.578+0000] {processor.py:914} INFO - Processing file /opt/airflow/dags/driven_data_pipeline.py for tasks to queue
[2025-11-23T09:09:41.587+0000] {logging_mixin.py:190} INFO - [2025-11-23T09:09:41.586+0000] {dagbag.py:588} INFO - Filling up the DagBag from /opt/airflow/dags/driven_data_pipeline.py
[2025-11-23T09:09:41.639+0000] {processor.py:925} INFO - DAG(s) 'extract_raw_data_pipeline' retrieved from /opt/airflow/dags/driven_data_pipeline.py
[2025-11-23T09:09:41.752+0000] {logging_mixin.py:190} INFO - [2025-11-23T09:09:41.751+0000] {dag.py:3239} INFO - Sync 1 DAGs
[2025-11-23T09:09:41.930+0000] {logging_mixin.py:190} INFO - [2025-11-23T09:09:41.930+0000] {dag.py:4180} INFO - Setting next_dagrun for extract_raw_data_pipeline to 2025-11-22 07:00:00+00:00, run_after=2025-11-23 07:00:00+00:00
[2025-11-23T09:09:42.012+0000] {processor.py:208} INFO - Processing /opt/airflow/dags/driven_data_pipeline.py took 0.455 seconds
[2025-11-23T09:10:12.678+0000] {processor.py:186} INFO - Started process (PID=96) to work on /opt/airflow/dags/driven_data_pipeline.py
[2025-11-23T09:10:12.685+0000] {processor.py:914} INFO - Processing file /opt/airflow/dags/driven_data_pipeline.py for tasks to queue
[2025-11-23T09:10:12.700+0000] {logging_mixin.py:190} INFO - [2025-11-23T09:10:12.696+0000] {dagbag.py:588} INFO - Filling up the DagBag from /opt/airflow/dags/driven_data_pipeline.py
[2025-11-23T09:10:12.767+0000] {processor.py:925} INFO - DAG(s) 'extract_raw_data_pipeline' retrieved from /opt/airflow/dags/driven_data_pipeline.py
[2025-11-23T09:10:12.906+0000] {logging_mixin.py:190} INFO - [2025-11-23T09:10:12.904+0000] {dag.py:3239} INFO - Sync 1 DAGs
[2025-11-23T09:10:12.991+0000] {logging_mixin.py:190} INFO - [2025-11-23T09:10:12.990+0000] {dag.py:4180} INFO - Setting next_dagrun for extract_raw_data_pipeline to 2025-11-22 07:00:00+00:00, run_after=2025-11-23 07:00:00+00:00
[2025-11-23T09:10:13.060+0000] {processor.py:208} INFO - Processing /opt/airflow/dags/driven_data_pipeline.py took 0.411 seconds
[2025-11-23T09:10:43.352+0000] {processor.py:186} INFO - Started process (PID=103) to work on /opt/airflow/dags/driven_data_pipeline.py
[2025-11-23T09:10:43.354+0000] {processor.py:914} INFO - Processing file /opt/airflow/dags/driven_data_pipeline.py for tasks to queue
[2025-11-23T09:10:43.361+0000] {logging_mixin.py:190} INFO - [2025-11-23T09:10:43.360+0000] {dagbag.py:588} INFO - Filling up the DagBag from /opt/airflow/dags/driven_data_pipeline.py
[2025-11-23T09:10:43.420+0000] {processor.py:925} INFO - DAG(s) 'extract_raw_data_pipeline' retrieved from /opt/airflow/dags/driven_data_pipeline.py
[2025-11-23T09:10:43.496+0000] {logging_mixin.py:190} INFO - [2025-11-23T09:10:43.496+0000] {dag.py:3239} INFO - Sync 1 DAGs
[2025-11-23T09:10:43.541+0000] {logging_mixin.py:190} INFO - [2025-11-23T09:10:43.541+0000] {dag.py:4180} INFO - Setting next_dagrun for extract_raw_data_pipeline to 2025-11-22 07:00:00+00:00, run_after=2025-11-23 07:00:00+00:00
[2025-11-23T09:10:43.573+0000] {processor.py:208} INFO - Processing /opt/airflow/dags/driven_data_pipeline.py took 0.239 seconds
[2025-11-23T09:11:14.078+0000] {processor.py:186} INFO - Started process (PID=110) to work on /opt/airflow/dags/driven_data_pipeline.py
[2025-11-23T09:11:14.080+0000] {processor.py:914} INFO - Processing file /opt/airflow/dags/driven_data_pipeline.py for tasks to queue
[2025-11-23T09:11:14.085+0000] {logging_mixin.py:190} INFO - [2025-11-23T09:11:14.084+0000] {dagbag.py:588} INFO - Filling up the DagBag from /opt/airflow/dags/driven_data_pipeline.py
[2025-11-23T09:11:14.121+0000] {processor.py:925} INFO - DAG(s) 'extract_raw_data_pipeline' retrieved from /opt/airflow/dags/driven_data_pipeline.py
[2025-11-23T09:11:14.173+0000] {logging_mixin.py:190} INFO - [2025-11-23T09:11:14.172+0000] {dag.py:3239} INFO - Sync 1 DAGs
[2025-11-23T09:11:14.211+0000] {logging_mixin.py:190} INFO - [2025-11-23T09:11:14.210+0000] {dag.py:4180} INFO - Setting next_dagrun for extract_raw_data_pipeline to 2025-11-22 07:00:00+00:00, run_after=2025-11-23 07:00:00+00:00
[2025-11-23T09:11:14.244+0000] {processor.py:208} INFO - Processing /opt/airflow/dags/driven_data_pipeline.py took 0.180 seconds
[2025-11-23T09:11:45.166+0000] {processor.py:186} INFO - Started process (PID=123) to work on /opt/airflow/dags/driven_data_pipeline.py
[2025-11-23T09:11:45.192+0000] {processor.py:914} INFO - Processing file /opt/airflow/dags/driven_data_pipeline.py for tasks to queue
[2025-11-23T09:11:45.223+0000] {logging_mixin.py:190} INFO - [2025-11-23T09:11:45.215+0000] {dagbag.py:588} INFO - Filling up the DagBag from /opt/airflow/dags/driven_data_pipeline.py
[2025-11-23T09:11:45.566+0000] {processor.py:925} INFO - DAG(s) 'extract_raw_data_pipeline' retrieved from /opt/airflow/dags/driven_data_pipeline.py
[2025-11-23T09:11:46.205+0000] {logging_mixin.py:190} INFO - [2025-11-23T09:11:46.198+0000] {dag.py:3239} INFO - Sync 1 DAGs
[2025-11-23T09:11:48.847+0000] {logging_mixin.py:190} INFO - [2025-11-23T09:11:48.846+0000] {dag.py:4180} INFO - Setting next_dagrun for extract_raw_data_pipeline to 2025-11-22 07:00:00+00:00, run_after=2025-11-23 07:00:00+00:00
[2025-11-23T09:11:48.893+0000] {processor.py:208} INFO - Processing /opt/airflow/dags/driven_data_pipeline.py took 3.877 seconds
[2025-11-23T09:12:19.337+0000] {processor.py:186} INFO - Started process (PID=130) to work on /opt/airflow/dags/driven_data_pipeline.py
[2025-11-23T09:12:19.340+0000] {processor.py:914} INFO - Processing file /opt/airflow/dags/driven_data_pipeline.py for tasks to queue
[2025-11-23T09:12:19.347+0000] {logging_mixin.py:190} INFO - [2025-11-23T09:12:19.346+0000] {dagbag.py:588} INFO - Filling up the DagBag from /opt/airflow/dags/driven_data_pipeline.py
[2025-11-23T09:12:19.390+0000] {processor.py:925} INFO - DAG(s) 'extract_raw_data_pipeline' retrieved from /opt/airflow/dags/driven_data_pipeline.py
[2025-11-23T09:12:19.471+0000] {logging_mixin.py:190} INFO - [2025-11-23T09:12:19.471+0000] {dag.py:3239} INFO - Sync 1 DAGs
[2025-11-23T09:12:19.958+0000] {logging_mixin.py:190} INFO - [2025-11-23T09:12:19.952+0000] {dag.py:4180} INFO - Setting next_dagrun for extract_raw_data_pipeline to 2025-11-22 07:00:00+00:00, run_after=2025-11-23 07:00:00+00:00
[2025-11-23T09:12:20.150+0000] {processor.py:208} INFO - Processing /opt/airflow/dags/driven_data_pipeline.py took 0.825 seconds
[2025-11-23T09:12:50.587+0000] {processor.py:186} INFO - Started process (PID=137) to work on /opt/airflow/dags/driven_data_pipeline.py
[2025-11-23T09:12:50.589+0000] {processor.py:914} INFO - Processing file /opt/airflow/dags/driven_data_pipeline.py for tasks to queue
[2025-11-23T09:12:50.594+0000] {logging_mixin.py:190} INFO - [2025-11-23T09:12:50.593+0000] {dagbag.py:588} INFO - Filling up the DagBag from /opt/airflow/dags/driven_data_pipeline.py
[2025-11-23T09:12:50.637+0000] {processor.py:925} INFO - DAG(s) 'extract_raw_data_pipeline' retrieved from /opt/airflow/dags/driven_data_pipeline.py
[2025-11-23T09:12:51.104+0000] {logging_mixin.py:190} INFO - [2025-11-23T09:12:51.104+0000] {dag.py:3239} INFO - Sync 1 DAGs
[2025-11-23T09:12:51.143+0000] {logging_mixin.py:190} INFO - [2025-11-23T09:12:51.143+0000] {dag.py:4180} INFO - Setting next_dagrun for extract_raw_data_pipeline to 2025-11-22 07:00:00+00:00, run_after=2025-11-23 07:00:00+00:00
[2025-11-23T09:12:51.173+0000] {processor.py:208} INFO - Processing /opt/airflow/dags/driven_data_pipeline.py took 0.597 seconds
[2025-11-23T09:13:21.260+0000] {processor.py:186} INFO - Started process (PID=144) to work on /opt/airflow/dags/driven_data_pipeline.py
[2025-11-23T09:13:21.263+0000] {processor.py:914} INFO - Processing file /opt/airflow/dags/driven_data_pipeline.py for tasks to queue
[2025-11-23T09:13:21.268+0000] {logging_mixin.py:190} INFO - [2025-11-23T09:13:21.267+0000] {dagbag.py:588} INFO - Filling up the DagBag from /opt/airflow/dags/driven_data_pipeline.py
[2025-11-23T09:13:21.306+0000] {processor.py:925} INFO - DAG(s) 'extract_raw_data_pipeline' retrieved from /opt/airflow/dags/driven_data_pipeline.py
[2025-11-23T09:13:21.374+0000] {logging_mixin.py:190} INFO - [2025-11-23T09:13:21.374+0000] {dag.py:3239} INFO - Sync 1 DAGs
[2025-11-23T09:13:21.423+0000] {logging_mixin.py:190} INFO - [2025-11-23T09:13:21.422+0000] {dag.py:4180} INFO - Setting next_dagrun for extract_raw_data_pipeline to 2025-11-22 07:00:00+00:00, run_after=2025-11-23 07:00:00+00:00
[2025-11-23T09:13:21.450+0000] {processor.py:208} INFO - Processing /opt/airflow/dags/driven_data_pipeline.py took 0.204 seconds
[2025-11-23T09:13:51.922+0000] {processor.py:186} INFO - Started process (PID=151) to work on /opt/airflow/dags/driven_data_pipeline.py
[2025-11-23T09:13:51.925+0000] {processor.py:914} INFO - Processing file /opt/airflow/dags/driven_data_pipeline.py for tasks to queue
[2025-11-23T09:13:51.930+0000] {logging_mixin.py:190} INFO - [2025-11-23T09:13:51.929+0000] {dagbag.py:588} INFO - Filling up the DagBag from /opt/airflow/dags/driven_data_pipeline.py
[2025-11-23T09:13:51.967+0000] {processor.py:925} INFO - DAG(s) 'extract_raw_data_pipeline' retrieved from /opt/airflow/dags/driven_data_pipeline.py
[2025-11-23T09:13:52.053+0000] {logging_mixin.py:190} INFO - [2025-11-23T09:13:52.053+0000] {dag.py:3239} INFO - Sync 1 DAGs
[2025-11-23T09:13:52.106+0000] {logging_mixin.py:190} INFO - [2025-11-23T09:13:52.105+0000] {dag.py:4180} INFO - Setting next_dagrun for extract_raw_data_pipeline to 2025-11-22 07:00:00+00:00, run_after=2025-11-23 07:00:00+00:00
[2025-11-23T09:13:52.144+0000] {processor.py:208} INFO - Processing /opt/airflow/dags/driven_data_pipeline.py took 0.231 seconds
[2025-11-23T09:15:21.557+0000] {processor.py:186} INFO - Started process (PID=152) to work on /opt/airflow/dags/driven_data_pipeline.py
[2025-11-23T09:15:21.616+0000] {processor.py:914} INFO - Processing file /opt/airflow/dags/driven_data_pipeline.py for tasks to queue
[2025-11-23T09:15:21.674+0000] {logging_mixin.py:190} INFO - [2025-11-23T09:15:21.670+0000] {dagbag.py:588} INFO - Filling up the DagBag from /opt/airflow/dags/driven_data_pipeline.py
[2025-11-23T09:15:22.362+0000] {processor.py:925} INFO - DAG(s) 'extract_raw_data_pipeline' retrieved from /opt/airflow/dags/driven_data_pipeline.py
[2025-11-23T09:15:22.830+0000] {logging_mixin.py:190} INFO - [2025-11-23T09:15:22.829+0000] {dag.py:3239} INFO - Sync 1 DAGs
[2025-11-23T09:15:23.155+0000] {logging_mixin.py:190} INFO - [2025-11-23T09:15:23.150+0000] {dag.py:4180} INFO - Setting next_dagrun for extract_raw_data_pipeline to 2025-11-22 07:00:00+00:00, run_after=2025-11-23 07:00:00+00:00
[2025-11-23T09:15:23.988+0000] {processor.py:208} INFO - Processing /opt/airflow/dags/driven_data_pipeline.py took 25.437 seconds
[2025-11-23T09:15:54.328+0000] {processor.py:186} INFO - Started process (PID=158) to work on /opt/airflow/dags/driven_data_pipeline.py
[2025-11-23T09:15:54.331+0000] {processor.py:914} INFO - Processing file /opt/airflow/dags/driven_data_pipeline.py for tasks to queue
[2025-11-23T09:15:54.337+0000] {logging_mixin.py:190} INFO - [2025-11-23T09:15:54.336+0000] {dagbag.py:588} INFO - Filling up the DagBag from /opt/airflow/dags/driven_data_pipeline.py
[2025-11-23T09:15:54.383+0000] {processor.py:925} INFO - DAG(s) 'extract_raw_data_pipeline' retrieved from /opt/airflow/dags/driven_data_pipeline.py
[2025-11-23T09:15:54.468+0000] {logging_mixin.py:190} INFO - [2025-11-23T09:15:54.467+0000] {dag.py:3239} INFO - Sync 1 DAGs
[2025-11-23T09:15:54.818+0000] {logging_mixin.py:190} INFO - [2025-11-23T09:15:54.815+0000] {dag.py:4180} INFO - Setting next_dagrun for extract_raw_data_pipeline to 2025-11-22 07:00:00+00:00, run_after=2025-11-23 07:00:00+00:00
[2025-11-23T09:15:54.859+0000] {processor.py:208} INFO - Processing /opt/airflow/dags/driven_data_pipeline.py took 0.548 seconds
[2025-11-23T09:16:25.590+0000] {processor.py:186} INFO - Started process (PID=164) to work on /opt/airflow/dags/driven_data_pipeline.py
[2025-11-23T09:16:25.593+0000] {processor.py:914} INFO - Processing file /opt/airflow/dags/driven_data_pipeline.py for tasks to queue
[2025-11-23T09:16:25.603+0000] {logging_mixin.py:190} INFO - [2025-11-23T09:16:25.601+0000] {dagbag.py:588} INFO - Filling up the DagBag from /opt/airflow/dags/driven_data_pipeline.py
[2025-11-23T09:16:25.645+0000] {processor.py:925} INFO - DAG(s) 'extract_raw_data_pipeline' retrieved from /opt/airflow/dags/driven_data_pipeline.py
[2025-11-23T09:16:25.992+0000] {logging_mixin.py:190} INFO - [2025-11-23T09:16:25.991+0000] {dag.py:3239} INFO - Sync 1 DAGs
[2025-11-23T09:16:26.043+0000] {logging_mixin.py:190} INFO - [2025-11-23T09:16:26.043+0000] {dag.py:4180} INFO - Setting next_dagrun for extract_raw_data_pipeline to 2025-11-22 07:00:00+00:00, run_after=2025-11-23 07:00:00+00:00
[2025-11-23T09:16:26.086+0000] {processor.py:208} INFO - Processing /opt/airflow/dags/driven_data_pipeline.py took 0.513 seconds
[2025-11-23T09:16:56.432+0000] {processor.py:186} INFO - Started process (PID=171) to work on /opt/airflow/dags/driven_data_pipeline.py
[2025-11-23T09:16:56.433+0000] {processor.py:914} INFO - Processing file /opt/airflow/dags/driven_data_pipeline.py for tasks to queue
[2025-11-23T09:16:56.438+0000] {logging_mixin.py:190} INFO - [2025-11-23T09:16:56.437+0000] {dagbag.py:588} INFO - Filling up the DagBag from /opt/airflow/dags/driven_data_pipeline.py
[2025-11-23T09:16:56.474+0000] {processor.py:925} INFO - DAG(s) 'extract_raw_data_pipeline' retrieved from /opt/airflow/dags/driven_data_pipeline.py
[2025-11-23T09:16:56.524+0000] {logging_mixin.py:190} INFO - [2025-11-23T09:16:56.523+0000] {dag.py:3239} INFO - Sync 1 DAGs
[2025-11-23T09:16:56.558+0000] {logging_mixin.py:190} INFO - [2025-11-23T09:16:56.557+0000] {dag.py:4180} INFO - Setting next_dagrun for extract_raw_data_pipeline to 2025-11-22 07:00:00+00:00, run_after=2025-11-23 07:00:00+00:00
[2025-11-23T09:16:56.584+0000] {processor.py:208} INFO - Processing /opt/airflow/dags/driven_data_pipeline.py took 0.165 seconds
[2025-11-23T09:17:26.797+0000] {processor.py:186} INFO - Started process (PID=178) to work on /opt/airflow/dags/driven_data_pipeline.py
[2025-11-23T09:17:26.799+0000] {processor.py:914} INFO - Processing file /opt/airflow/dags/driven_data_pipeline.py for tasks to queue
[2025-11-23T09:17:26.803+0000] {logging_mixin.py:190} INFO - [2025-11-23T09:17:26.802+0000] {dagbag.py:588} INFO - Filling up the DagBag from /opt/airflow/dags/driven_data_pipeline.py
[2025-11-23T09:17:26.834+0000] {processor.py:925} INFO - DAG(s) 'extract_raw_data_pipeline' retrieved from /opt/airflow/dags/driven_data_pipeline.py
[2025-11-23T09:17:26.884+0000] {logging_mixin.py:190} INFO - [2025-11-23T09:17:26.884+0000] {dag.py:3239} INFO - Sync 1 DAGs
[2025-11-23T09:17:26.919+0000] {logging_mixin.py:190} INFO - [2025-11-23T09:17:26.918+0000] {dag.py:4180} INFO - Setting next_dagrun for extract_raw_data_pipeline to 2025-11-22 07:00:00+00:00, run_after=2025-11-23 07:00:00+00:00
[2025-11-23T09:17:26.947+0000] {processor.py:208} INFO - Processing /opt/airflow/dags/driven_data_pipeline.py took 0.163 seconds
[2025-11-23T09:17:57.144+0000] {processor.py:186} INFO - Started process (PID=185) to work on /opt/airflow/dags/driven_data_pipeline.py
[2025-11-23T09:17:57.146+0000] {processor.py:914} INFO - Processing file /opt/airflow/dags/driven_data_pipeline.py for tasks to queue
[2025-11-23T09:17:57.150+0000] {logging_mixin.py:190} INFO - [2025-11-23T09:17:57.149+0000] {dagbag.py:588} INFO - Filling up the DagBag from /opt/airflow/dags/driven_data_pipeline.py
[2025-11-23T09:17:57.180+0000] {processor.py:925} INFO - DAG(s) 'extract_raw_data_pipeline' retrieved from /opt/airflow/dags/driven_data_pipeline.py
[2025-11-23T09:17:57.224+0000] {logging_mixin.py:190} INFO - [2025-11-23T09:17:57.224+0000] {dag.py:3239} INFO - Sync 1 DAGs
[2025-11-23T09:17:57.256+0000] {logging_mixin.py:190} INFO - [2025-11-23T09:17:57.256+0000] {dag.py:4180} INFO - Setting next_dagrun for extract_raw_data_pipeline to 2025-11-22 07:00:00+00:00, run_after=2025-11-23 07:00:00+00:00
[2025-11-23T09:17:57.282+0000] {processor.py:208} INFO - Processing /opt/airflow/dags/driven_data_pipeline.py took 0.151 seconds
[2025-11-23T09:18:27.755+0000] {processor.py:186} INFO - Started process (PID=192) to work on /opt/airflow/dags/driven_data_pipeline.py
[2025-11-23T09:18:27.757+0000] {processor.py:914} INFO - Processing file /opt/airflow/dags/driven_data_pipeline.py for tasks to queue
[2025-11-23T09:18:27.760+0000] {logging_mixin.py:190} INFO - [2025-11-23T09:18:27.759+0000] {dagbag.py:588} INFO - Filling up the DagBag from /opt/airflow/dags/driven_data_pipeline.py
[2025-11-23T09:18:27.786+0000] {processor.py:925} INFO - DAG(s) 'extract_raw_data_pipeline' retrieved from /opt/airflow/dags/driven_data_pipeline.py
[2025-11-23T09:18:27.829+0000] {logging_mixin.py:190} INFO - [2025-11-23T09:18:27.829+0000] {dag.py:3239} INFO - Sync 1 DAGs
[2025-11-23T09:18:28.066+0000] {logging_mixin.py:190} INFO - [2025-11-23T09:18:28.066+0000] {dag.py:4180} INFO - Setting next_dagrun for extract_raw_data_pipeline to 2025-11-22 07:00:00+00:00, run_after=2025-11-23 07:00:00+00:00
[2025-11-23T09:18:28.100+0000] {processor.py:208} INFO - Processing /opt/airflow/dags/driven_data_pipeline.py took 0.360 seconds
[2025-11-23T09:18:58.179+0000] {processor.py:186} INFO - Started process (PID=199) to work on /opt/airflow/dags/driven_data_pipeline.py
[2025-11-23T09:18:58.183+0000] {processor.py:914} INFO - Processing file /opt/airflow/dags/driven_data_pipeline.py for tasks to queue
[2025-11-23T09:18:58.193+0000] {logging_mixin.py:190} INFO - [2025-11-23T09:18:58.190+0000] {dagbag.py:588} INFO - Filling up the DagBag from /opt/airflow/dags/driven_data_pipeline.py
[2025-11-23T09:18:58.244+0000] {processor.py:925} INFO - DAG(s) 'extract_raw_data_pipeline' retrieved from /opt/airflow/dags/driven_data_pipeline.py
[2025-11-23T09:18:58.547+0000] {logging_mixin.py:190} INFO - [2025-11-23T09:18:58.538+0000] {dag.py:3239} INFO - Sync 1 DAGs
[2025-11-23T09:19:01.507+0000] {logging_mixin.py:190} INFO - [2025-11-23T09:19:01.495+0000] {dag.py:4180} INFO - Setting next_dagrun for extract_raw_data_pipeline to 2025-11-22 07:00:00+00:00, run_after=2025-11-23 07:00:00+00:00
[2025-11-23T09:19:02.023+0000] {processor.py:208} INFO - Processing /opt/airflow/dags/driven_data_pipeline.py took 3.872 seconds
[2025-11-23T09:19:32.293+0000] {processor.py:186} INFO - Started process (PID=206) to work on /opt/airflow/dags/driven_data_pipeline.py
[2025-11-23T09:19:32.295+0000] {processor.py:914} INFO - Processing file /opt/airflow/dags/driven_data_pipeline.py for tasks to queue
[2025-11-23T09:19:32.305+0000] {logging_mixin.py:190} INFO - [2025-11-23T09:19:32.304+0000] {dagbag.py:588} INFO - Filling up the DagBag from /opt/airflow/dags/driven_data_pipeline.py
[2025-11-23T09:19:32.362+0000] {processor.py:925} INFO - DAG(s) 'extract_raw_data_pipeline' retrieved from /opt/airflow/dags/driven_data_pipeline.py
[2025-11-23T09:19:32.857+0000] {logging_mixin.py:190} INFO - [2025-11-23T09:19:32.857+0000] {dag.py:3239} INFO - Sync 1 DAGs
[2025-11-23T09:19:32.891+0000] {logging_mixin.py:190} INFO - [2025-11-23T09:19:32.891+0000] {dag.py:4180} INFO - Setting next_dagrun for extract_raw_data_pipeline to 2025-11-22 07:00:00+00:00, run_after=2025-11-23 07:00:00+00:00
[2025-11-23T09:19:32.915+0000] {processor.py:208} INFO - Processing /opt/airflow/dags/driven_data_pipeline.py took 0.647 seconds
[2025-11-23T09:20:03.252+0000] {processor.py:186} INFO - Started process (PID=213) to work on /opt/airflow/dags/driven_data_pipeline.py
[2025-11-23T09:20:03.254+0000] {processor.py:914} INFO - Processing file /opt/airflow/dags/driven_data_pipeline.py for tasks to queue
[2025-11-23T09:20:03.260+0000] {logging_mixin.py:190} INFO - [2025-11-23T09:20:03.259+0000] {dagbag.py:588} INFO - Filling up the DagBag from /opt/airflow/dags/driven_data_pipeline.py
[2025-11-23T09:20:03.290+0000] {processor.py:925} INFO - DAG(s) 'extract_raw_data_pipeline' retrieved from /opt/airflow/dags/driven_data_pipeline.py
[2025-11-23T09:20:03.342+0000] {logging_mixin.py:190} INFO - [2025-11-23T09:20:03.341+0000] {dag.py:3239} INFO - Sync 1 DAGs
[2025-11-23T09:20:03.383+0000] {logging_mixin.py:190} INFO - [2025-11-23T09:20:03.382+0000] {dag.py:4180} INFO - Setting next_dagrun for extract_raw_data_pipeline to 2025-11-22 07:00:00+00:00, run_after=2025-11-23 07:00:00+00:00
[2025-11-23T09:20:03.414+0000] {processor.py:208} INFO - Processing /opt/airflow/dags/driven_data_pipeline.py took 0.175 seconds
[2025-11-23T09:20:33.638+0000] {processor.py:186} INFO - Started process (PID=220) to work on /opt/airflow/dags/driven_data_pipeline.py
[2025-11-23T09:20:33.640+0000] {processor.py:914} INFO - Processing file /opt/airflow/dags/driven_data_pipeline.py for tasks to queue
[2025-11-23T09:20:33.645+0000] {logging_mixin.py:190} INFO - [2025-11-23T09:20:33.645+0000] {dagbag.py:588} INFO - Filling up the DagBag from /opt/airflow/dags/driven_data_pipeline.py
[2025-11-23T09:20:33.676+0000] {processor.py:925} INFO - DAG(s) 'extract_raw_data_pipeline' retrieved from /opt/airflow/dags/driven_data_pipeline.py
[2025-11-23T09:20:33.723+0000] {logging_mixin.py:190} INFO - [2025-11-23T09:20:33.723+0000] {dag.py:3239} INFO - Sync 1 DAGs
[2025-11-23T09:20:33.758+0000] {logging_mixin.py:190} INFO - [2025-11-23T09:20:33.757+0000] {dag.py:4180} INFO - Setting next_dagrun for extract_raw_data_pipeline to 2025-11-22 07:00:00+00:00, run_after=2025-11-23 07:00:00+00:00
[2025-11-23T09:20:33.782+0000] {processor.py:208} INFO - Processing /opt/airflow/dags/driven_data_pipeline.py took 0.159 seconds
[2025-11-23T09:21:04.160+0000] {processor.py:186} INFO - Started process (PID=227) to work on /opt/airflow/dags/driven_data_pipeline.py
[2025-11-23T09:21:04.163+0000] {processor.py:914} INFO - Processing file /opt/airflow/dags/driven_data_pipeline.py for tasks to queue
[2025-11-23T09:21:04.168+0000] {logging_mixin.py:190} INFO - [2025-11-23T09:21:04.167+0000] {dagbag.py:588} INFO - Filling up the DagBag from /opt/airflow/dags/driven_data_pipeline.py
[2025-11-23T09:21:04.224+0000] {processor.py:925} INFO - DAG(s) 'extract_raw_data_pipeline' retrieved from /opt/airflow/dags/driven_data_pipeline.py
[2025-11-23T09:21:04.322+0000] {logging_mixin.py:190} INFO - [2025-11-23T09:21:04.321+0000] {dag.py:3239} INFO - Sync 1 DAGs
[2025-11-23T09:21:04.393+0000] {logging_mixin.py:190} INFO - [2025-11-23T09:21:04.392+0000] {dag.py:4180} INFO - Setting next_dagrun for extract_raw_data_pipeline to 2025-11-22 07:00:00+00:00, run_after=2025-11-23 07:00:00+00:00
[2025-11-23T09:21:04.806+0000] {processor.py:208} INFO - Processing /opt/airflow/dags/driven_data_pipeline.py took 0.659 seconds
[2025-11-23T09:21:35.450+0000] {processor.py:186} INFO - Started process (PID=234) to work on /opt/airflow/dags/driven_data_pipeline.py
[2025-11-23T09:21:35.452+0000] {processor.py:914} INFO - Processing file /opt/airflow/dags/driven_data_pipeline.py for tasks to queue
[2025-11-23T09:21:35.457+0000] {logging_mixin.py:190} INFO - [2025-11-23T09:21:35.456+0000] {dagbag.py:588} INFO - Filling up the DagBag from /opt/airflow/dags/driven_data_pipeline.py
[2025-11-23T09:21:35.526+0000] {processor.py:925} INFO - DAG(s) 'extract_raw_data_pipeline' retrieved from /opt/airflow/dags/driven_data_pipeline.py
[2025-11-23T09:21:35.575+0000] {logging_mixin.py:190} INFO - [2025-11-23T09:21:35.575+0000] {dag.py:3239} INFO - Sync 1 DAGs
[2025-11-23T09:21:35.825+0000] {logging_mixin.py:190} INFO - [2025-11-23T09:21:35.825+0000] {dag.py:4180} INFO - Setting next_dagrun for extract_raw_data_pipeline to 2025-11-22 07:00:00+00:00, run_after=2025-11-23 07:00:00+00:00
[2025-11-23T09:21:35.854+0000] {processor.py:208} INFO - Processing /opt/airflow/dags/driven_data_pipeline.py took 0.414 seconds
[2025-11-23T09:22:06.192+0000] {processor.py:186} INFO - Started process (PID=241) to work on /opt/airflow/dags/driven_data_pipeline.py
[2025-11-23T09:22:06.194+0000] {processor.py:914} INFO - Processing file /opt/airflow/dags/driven_data_pipeline.py for tasks to queue
[2025-11-23T09:22:06.198+0000] {logging_mixin.py:190} INFO - [2025-11-23T09:22:06.197+0000] {dagbag.py:588} INFO - Filling up the DagBag from /opt/airflow/dags/driven_data_pipeline.py
[2025-11-23T09:22:06.223+0000] {processor.py:925} INFO - DAG(s) 'extract_raw_data_pipeline' retrieved from /opt/airflow/dags/driven_data_pipeline.py
[2025-11-23T09:22:06.455+0000] {logging_mixin.py:190} INFO - [2025-11-23T09:22:06.454+0000] {dag.py:3239} INFO - Sync 1 DAGs
[2025-11-23T09:22:06.491+0000] {logging_mixin.py:190} INFO - [2025-11-23T09:22:06.491+0000] {dag.py:4180} INFO - Setting next_dagrun for extract_raw_data_pipeline to 2025-11-22 07:00:00+00:00, run_after=2025-11-23 07:00:00+00:00
[2025-11-23T09:22:06.519+0000] {processor.py:208} INFO - Processing /opt/airflow/dags/driven_data_pipeline.py took 0.337 seconds
[2025-11-23T09:22:36.969+0000] {processor.py:186} INFO - Started process (PID=252) to work on /opt/airflow/dags/driven_data_pipeline.py
[2025-11-23T09:22:36.972+0000] {processor.py:914} INFO - Processing file /opt/airflow/dags/driven_data_pipeline.py for tasks to queue
[2025-11-23T09:22:36.978+0000] {logging_mixin.py:190} INFO - [2025-11-23T09:22:36.977+0000] {dagbag.py:588} INFO - Filling up the DagBag from /opt/airflow/dags/driven_data_pipeline.py
[2025-11-23T09:22:37.226+0000] {processor.py:925} INFO - DAG(s) 'extract_raw_data_pipeline' retrieved from /opt/airflow/dags/driven_data_pipeline.py
[2025-11-23T09:22:37.275+0000] {logging_mixin.py:190} INFO - [2025-11-23T09:22:37.275+0000] {dag.py:3239} INFO - Sync 1 DAGs
[2025-11-23T09:22:37.306+0000] {logging_mixin.py:190} INFO - [2025-11-23T09:22:37.305+0000] {dag.py:4180} INFO - Setting next_dagrun for extract_raw_data_pipeline to 2025-11-23 07:00:00+00:00, run_after=2025-11-24 07:00:00+00:00
[2025-11-23T09:22:37.326+0000] {processor.py:208} INFO - Processing /opt/airflow/dags/driven_data_pipeline.py took 0.370 seconds
[2025-11-23T09:23:07.687+0000] {processor.py:186} INFO - Started process (PID=259) to work on /opt/airflow/dags/driven_data_pipeline.py
[2025-11-23T09:23:07.692+0000] {processor.py:914} INFO - Processing file /opt/airflow/dags/driven_data_pipeline.py for tasks to queue
[2025-11-23T09:23:07.715+0000] {logging_mixin.py:190} INFO - [2025-11-23T09:23:07.711+0000] {dagbag.py:588} INFO - Filling up the DagBag from /opt/airflow/dags/driven_data_pipeline.py
[2025-11-23T09:23:11.618+0000] {processor.py:925} INFO - DAG(s) 'extract_raw_data_pipeline' retrieved from /opt/airflow/dags/driven_data_pipeline.py
[2025-11-23T09:23:19.738+0000] {logging_mixin.py:190} INFO - [2025-11-23T09:23:19.736+0000] {dag.py:3239} INFO - Sync 1 DAGs
[2025-11-23T09:23:19.830+0000] {logging_mixin.py:190} INFO - [2025-11-23T09:23:19.830+0000] {dag.py:4180} INFO - Setting next_dagrun for extract_raw_data_pipeline to 2025-11-23 07:00:00+00:00, run_after=2025-11-24 07:00:00+00:00
[2025-11-23T09:23:19.944+0000] {processor.py:208} INFO - Processing /opt/airflow/dags/driven_data_pipeline.py took 12.290 seconds
[2025-11-23T09:23:50.332+0000] {processor.py:186} INFO - Started process (PID=266) to work on /opt/airflow/dags/driven_data_pipeline.py
[2025-11-23T09:23:50.336+0000] {processor.py:914} INFO - Processing file /opt/airflow/dags/driven_data_pipeline.py for tasks to queue
[2025-11-23T09:23:50.340+0000] {logging_mixin.py:190} INFO - [2025-11-23T09:23:50.340+0000] {dagbag.py:588} INFO - Filling up the DagBag from /opt/airflow/dags/driven_data_pipeline.py
[2025-11-23T09:23:50.377+0000] {processor.py:925} INFO - DAG(s) 'extract_raw_data_pipeline' retrieved from /opt/airflow/dags/driven_data_pipeline.py
[2025-11-23T09:23:50.426+0000] {logging_mixin.py:190} INFO - [2025-11-23T09:23:50.426+0000] {dag.py:3239} INFO - Sync 1 DAGs
[2025-11-23T09:23:50.467+0000] {logging_mixin.py:190} INFO - [2025-11-23T09:23:50.467+0000] {dag.py:4180} INFO - Setting next_dagrun for extract_raw_data_pipeline to 2025-11-23 07:00:00+00:00, run_after=2025-11-24 07:00:00+00:00
[2025-11-23T09:23:50.495+0000] {processor.py:208} INFO - Processing /opt/airflow/dags/driven_data_pipeline.py took 0.175 seconds
[2025-11-23T09:24:20.653+0000] {processor.py:186} INFO - Started process (PID=273) to work on /opt/airflow/dags/driven_data_pipeline.py
[2025-11-23T09:24:20.655+0000] {processor.py:914} INFO - Processing file /opt/airflow/dags/driven_data_pipeline.py for tasks to queue
[2025-11-23T09:24:20.661+0000] {logging_mixin.py:190} INFO - [2025-11-23T09:24:20.660+0000] {dagbag.py:588} INFO - Filling up the DagBag from /opt/airflow/dags/driven_data_pipeline.py
[2025-11-23T09:24:20.696+0000] {processor.py:925} INFO - DAG(s) 'extract_raw_data_pipeline' retrieved from /opt/airflow/dags/driven_data_pipeline.py
[2025-11-23T09:24:20.754+0000] {logging_mixin.py:190} INFO - [2025-11-23T09:24:20.754+0000] {dag.py:3239} INFO - Sync 1 DAGs
[2025-11-23T09:24:21.024+0000] {logging_mixin.py:190} INFO - [2025-11-23T09:24:21.023+0000] {dag.py:4180} INFO - Setting next_dagrun for extract_raw_data_pipeline to 2025-11-23 07:00:00+00:00, run_after=2025-11-24 07:00:00+00:00
[2025-11-23T09:24:21.052+0000] {processor.py:208} INFO - Processing /opt/airflow/dags/driven_data_pipeline.py took 0.410 seconds
[2025-11-23T09:24:51.347+0000] {processor.py:186} INFO - Started process (PID=280) to work on /opt/airflow/dags/driven_data_pipeline.py
[2025-11-23T09:24:51.350+0000] {processor.py:914} INFO - Processing file /opt/airflow/dags/driven_data_pipeline.py for tasks to queue
[2025-11-23T09:24:51.354+0000] {logging_mixin.py:190} INFO - [2025-11-23T09:24:51.354+0000] {dagbag.py:588} INFO - Filling up the DagBag from /opt/airflow/dags/driven_data_pipeline.py
[2025-11-23T09:24:51.385+0000] {processor.py:925} INFO - DAG(s) 'extract_raw_data_pipeline' retrieved from /opt/airflow/dags/driven_data_pipeline.py
[2025-11-23T09:24:51.440+0000] {logging_mixin.py:190} INFO - [2025-11-23T09:24:51.439+0000] {dag.py:3239} INFO - Sync 1 DAGs
[2025-11-23T09:24:51.746+0000] {logging_mixin.py:190} INFO - [2025-11-23T09:24:51.746+0000] {dag.py:4180} INFO - Setting next_dagrun for extract_raw_data_pipeline to 2025-11-23 07:00:00+00:00, run_after=2025-11-24 07:00:00+00:00
[2025-11-23T09:24:51.775+0000] {processor.py:208} INFO - Processing /opt/airflow/dags/driven_data_pipeline.py took 0.440 seconds
[2025-11-23T09:25:21.990+0000] {processor.py:186} INFO - Started process (PID=287) to work on /opt/airflow/dags/driven_data_pipeline.py
[2025-11-23T09:25:21.992+0000] {processor.py:914} INFO - Processing file /opt/airflow/dags/driven_data_pipeline.py for tasks to queue
[2025-11-23T09:25:21.996+0000] {logging_mixin.py:190} INFO - [2025-11-23T09:25:21.995+0000] {dagbag.py:588} INFO - Filling up the DagBag from /opt/airflow/dags/driven_data_pipeline.py
[2025-11-23T09:25:22.028+0000] {processor.py:925} INFO - DAG(s) 'extract_raw_data_pipeline' retrieved from /opt/airflow/dags/driven_data_pipeline.py
[2025-11-23T09:25:22.312+0000] {logging_mixin.py:190} INFO - [2025-11-23T09:25:22.312+0000] {dag.py:3239} INFO - Sync 1 DAGs
[2025-11-23T09:25:22.348+0000] {logging_mixin.py:190} INFO - [2025-11-23T09:25:22.348+0000] {dag.py:4180} INFO - Setting next_dagrun for extract_raw_data_pipeline to 2025-11-23 07:00:00+00:00, run_after=2025-11-24 07:00:00+00:00
[2025-11-23T09:25:22.371+0000] {processor.py:208} INFO - Processing /opt/airflow/dags/driven_data_pipeline.py took 0.392 seconds
[2025-11-23T09:25:52.742+0000] {processor.py:186} INFO - Started process (PID=294) to work on /opt/airflow/dags/driven_data_pipeline.py
[2025-11-23T09:25:52.746+0000] {processor.py:914} INFO - Processing file /opt/airflow/dags/driven_data_pipeline.py for tasks to queue
[2025-11-23T09:25:52.751+0000] {logging_mixin.py:190} INFO - [2025-11-23T09:25:52.750+0000] {dagbag.py:588} INFO - Filling up the DagBag from /opt/airflow/dags/driven_data_pipeline.py
[2025-11-23T09:25:53.056+0000] {processor.py:925} INFO - DAG(s) 'extract_raw_data_pipeline' retrieved from /opt/airflow/dags/driven_data_pipeline.py
[2025-11-23T09:25:53.127+0000] {logging_mixin.py:190} INFO - [2025-11-23T09:25:53.127+0000] {dag.py:3239} INFO - Sync 1 DAGs
[2025-11-23T09:25:53.160+0000] {logging_mixin.py:190} INFO - [2025-11-23T09:25:53.160+0000] {dag.py:4180} INFO - Setting next_dagrun for extract_raw_data_pipeline to 2025-11-23 07:00:00+00:00, run_after=2025-11-24 07:00:00+00:00
[2025-11-23T09:25:53.183+0000] {processor.py:208} INFO - Processing /opt/airflow/dags/driven_data_pipeline.py took 0.455 seconds
[2025-11-23T09:27:09.040+0000] {processor.py:186} INFO - Started process (PID=301) to work on /opt/airflow/dags/driven_data_pipeline.py
[2025-11-23T09:27:09.066+0000] {processor.py:914} INFO - Processing file /opt/airflow/dags/driven_data_pipeline.py for tasks to queue
[2025-11-23T09:27:09.134+0000] {logging_mixin.py:190} INFO - [2025-11-23T09:27:09.117+0000] {dagbag.py:588} INFO - Filling up the DagBag from /opt/airflow/dags/driven_data_pipeline.py
[2025-11-23T09:27:10.165+0000] {processor.py:925} INFO - DAG(s) 'extract_raw_data_pipeline' retrieved from /opt/airflow/dags/driven_data_pipeline.py
[2025-11-23T09:27:11.908+0000] {logging_mixin.py:190} INFO - [2025-11-23T09:27:11.876+0000] {dag.py:3239} INFO - Sync 1 DAGs
[2025-11-23T09:27:12.305+0000] {logging_mixin.py:190} INFO - [2025-11-23T09:27:12.296+0000] {dag.py:4180} INFO - Setting next_dagrun for extract_raw_data_pipeline to 2025-11-23 07:00:00+00:00, run_after=2025-11-24 07:00:00+00:00
[2025-11-23T09:27:12.995+0000] {processor.py:208} INFO - Processing /opt/airflow/dags/driven_data_pipeline.py took 4.315 seconds
[2025-11-23T09:27:43.157+0000] {processor.py:186} INFO - Started process (PID=315) to work on /opt/airflow/dags/driven_data_pipeline.py
[2025-11-23T09:27:43.163+0000] {processor.py:914} INFO - Processing file /opt/airflow/dags/driven_data_pipeline.py for tasks to queue
[2025-11-23T09:27:43.212+0000] {logging_mixin.py:190} INFO - [2025-11-23T09:27:43.185+0000] {dagbag.py:588} INFO - Filling up the DagBag from /opt/airflow/dags/driven_data_pipeline.py
[2025-11-23T09:27:43.366+0000] {processor.py:925} INFO - DAG(s) 'extract_raw_data_pipeline' retrieved from /opt/airflow/dags/driven_data_pipeline.py
[2025-11-23T09:27:43.906+0000] {logging_mixin.py:190} INFO - [2025-11-23T09:27:43.890+0000] {dag.py:3239} INFO - Sync 1 DAGs
[2025-11-23T09:27:44.715+0000] {logging_mixin.py:190} INFO - [2025-11-23T09:27:44.690+0000] {dag.py:4180} INFO - Setting next_dagrun for extract_raw_data_pipeline to 2025-11-23 07:00:00+00:00, run_after=2025-11-24 07:00:00+00:00
[2025-11-23T09:29:32.046+0000] {processor.py:208} INFO - Processing /opt/airflow/dags/driven_data_pipeline.py took 109.082 seconds
[2025-11-23T09:31:25.009+0000] {processor.py:186} INFO - Started process (PID=316) to work on /opt/airflow/dags/driven_data_pipeline.py
[2025-11-23T09:31:25.071+0000] {processor.py:914} INFO - Processing file /opt/airflow/dags/driven_data_pipeline.py for tasks to queue
[2025-11-23T09:31:25.136+0000] {logging_mixin.py:190} INFO - [2025-11-23T09:31:25.113+0000] {dagbag.py:588} INFO - Filling up the DagBag from /opt/airflow/dags/driven_data_pipeline.py
[2025-11-23T09:32:04.816+0000] {processor.py:186} INFO - Started process (PID=322) to work on /opt/airflow/dags/driven_data_pipeline.py
[2025-11-23T09:32:04.819+0000] {processor.py:914} INFO - Processing file /opt/airflow/dags/driven_data_pipeline.py for tasks to queue
[2025-11-23T09:32:04.822+0000] {logging_mixin.py:190} INFO - [2025-11-23T09:32:04.821+0000] {dagbag.py:588} INFO - Filling up the DagBag from /opt/airflow/dags/driven_data_pipeline.py
[2025-11-23T09:32:04.861+0000] {processor.py:925} INFO - DAG(s) 'extract_raw_data_pipeline' retrieved from /opt/airflow/dags/driven_data_pipeline.py
[2025-11-23T09:32:05.285+0000] {logging_mixin.py:190} INFO - [2025-11-23T09:32:05.284+0000] {dag.py:3239} INFO - Sync 1 DAGs
[2025-11-23T09:32:05.334+0000] {logging_mixin.py:190} INFO - [2025-11-23T09:32:05.334+0000] {dag.py:4180} INFO - Setting next_dagrun for extract_raw_data_pipeline to 2025-11-23 07:00:00+00:00, run_after=2025-11-24 07:00:00+00:00
[2025-11-23T09:32:05.370+0000] {processor.py:208} INFO - Processing /opt/airflow/dags/driven_data_pipeline.py took 0.564 seconds
[2025-11-23T09:32:15.982+0000] {processor.py:186} INFO - Started process (PID=323) to work on /opt/airflow/dags/driven_data_pipeline.py
[2025-11-23T09:32:15.985+0000] {processor.py:914} INFO - Processing file /opt/airflow/dags/driven_data_pipeline.py for tasks to queue
[2025-11-23T09:32:15.988+0000] {logging_mixin.py:190} INFO - [2025-11-23T09:32:15.988+0000] {dagbag.py:588} INFO - Filling up the DagBag from /opt/airflow/dags/driven_data_pipeline.py
[2025-11-23T09:32:17.108+0000] {processor.py:925} INFO - DAG(s) 'extract_raw_data_pipeline' retrieved from /opt/airflow/dags/driven_data_pipeline.py
[2025-11-23T09:32:17.134+0000] {logging_mixin.py:190} INFO - [2025-11-23T09:32:17.133+0000] {dag.py:3239} INFO - Sync 1 DAGs
[2025-11-23T09:32:17.226+0000] {logging_mixin.py:190} INFO - [2025-11-23T09:32:17.225+0000] {dag.py:4180} INFO - Setting next_dagrun for extract_raw_data_pipeline to 2025-11-23 07:58:00+00:00, run_after=2025-11-23 07:59:00+00:00
[2025-11-23T09:32:17.294+0000] {processor.py:208} INFO - Processing /opt/airflow/dags/driven_data_pipeline.py took 1.327 seconds
[2025-11-23T09:32:47.430+0000] {processor.py:186} INFO - Started process (PID=335) to work on /opt/airflow/dags/driven_data_pipeline.py
[2025-11-23T09:32:47.433+0000] {processor.py:914} INFO - Processing file /opt/airflow/dags/driven_data_pipeline.py for tasks to queue
[2025-11-23T09:32:47.436+0000] {logging_mixin.py:190} INFO - [2025-11-23T09:32:47.435+0000] {dagbag.py:588} INFO - Filling up the DagBag from /opt/airflow/dags/driven_data_pipeline.py
[2025-11-23T09:32:47.887+0000] {processor.py:925} INFO - DAG(s) 'extract_raw_data_pipeline' retrieved from /opt/airflow/dags/driven_data_pipeline.py
[2025-11-23T09:32:48.096+0000] {logging_mixin.py:190} INFO - [2025-11-23T09:32:48.096+0000] {dag.py:3239} INFO - Sync 1 DAGs
[2025-11-23T09:32:48.126+0000] {logging_mixin.py:190} INFO - [2025-11-23T09:32:48.125+0000] {dag.py:4180} INFO - Setting next_dagrun for extract_raw_data_pipeline to 2025-11-23 07:59:00+00:00, run_after=2025-11-24 07:00:00+00:00
[2025-11-23T09:32:48.149+0000] {processor.py:208} INFO - Processing /opt/airflow/dags/driven_data_pipeline.py took 0.735 seconds
[2025-11-23T09:33:18.475+0000] {processor.py:186} INFO - Started process (PID=343) to work on /opt/airflow/dags/driven_data_pipeline.py
[2025-11-23T09:33:18.478+0000] {processor.py:914} INFO - Processing file /opt/airflow/dags/driven_data_pipeline.py for tasks to queue
[2025-11-23T09:33:18.480+0000] {logging_mixin.py:190} INFO - [2025-11-23T09:33:18.479+0000] {dagbag.py:588} INFO - Filling up the DagBag from /opt/airflow/dags/driven_data_pipeline.py
[2025-11-23T09:33:19.002+0000] {processor.py:925} INFO - DAG(s) 'extract_raw_data_pipeline' retrieved from /opt/airflow/dags/driven_data_pipeline.py
[2025-11-23T09:33:19.099+0000] {logging_mixin.py:190} INFO - [2025-11-23T09:33:19.097+0000] {dag.py:3239} INFO - Sync 1 DAGs
[2025-11-23T09:33:19.145+0000] {logging_mixin.py:190} INFO - [2025-11-23T09:33:19.144+0000] {dag.py:4180} INFO - Setting next_dagrun for extract_raw_data_pipeline to 2025-11-23 07:59:00+00:00, run_after=2025-11-24 07:00:00+00:00
[2025-11-23T09:33:19.194+0000] {processor.py:208} INFO - Processing /opt/airflow/dags/driven_data_pipeline.py took 0.727 seconds
[2025-11-23T09:33:43.442+0000] {processor.py:186} INFO - Started process (PID=351) to work on /opt/airflow/dags/driven_data_pipeline.py
[2025-11-23T09:33:43.445+0000] {processor.py:914} INFO - Processing file /opt/airflow/dags/driven_data_pipeline.py for tasks to queue
[2025-11-23T09:33:43.446+0000] {logging_mixin.py:190} INFO - [2025-11-23T09:33:43.446+0000] {dagbag.py:588} INFO - Filling up the DagBag from /opt/airflow/dags/driven_data_pipeline.py
[2025-11-23T09:33:43.992+0000] {processor.py:925} INFO - DAG(s) 'extract_raw_data_pipeline' retrieved from /opt/airflow/dags/driven_data_pipeline.py
[2025-11-23T09:33:44.027+0000] {logging_mixin.py:190} INFO - [2025-11-23T09:33:44.026+0000] {dag.py:3239} INFO - Sync 1 DAGs
[2025-11-23T09:33:44.055+0000] {logging_mixin.py:190} INFO - [2025-11-23T09:33:44.055+0000] {dag.py:4180} INFO - Setting next_dagrun for extract_raw_data_pipeline to 2025-11-23 07:59:00+00:00, run_after=2025-11-24 07:00:00+00:00
[2025-11-23T09:33:44.078+0000] {processor.py:208} INFO - Processing /opt/airflow/dags/driven_data_pipeline.py took 0.646 seconds
[2025-11-23T09:34:14.463+0000] {processor.py:186} INFO - Started process (PID=359) to work on /opt/airflow/dags/driven_data_pipeline.py
[2025-11-23T09:34:14.465+0000] {processor.py:914} INFO - Processing file /opt/airflow/dags/driven_data_pipeline.py for tasks to queue
[2025-11-23T09:34:14.467+0000] {logging_mixin.py:190} INFO - [2025-11-23T09:34:14.467+0000] {dagbag.py:588} INFO - Filling up the DagBag from /opt/airflow/dags/driven_data_pipeline.py
[2025-11-23T09:34:14.979+0000] {processor.py:925} INFO - DAG(s) 'extract_raw_data_pipeline' retrieved from /opt/airflow/dags/driven_data_pipeline.py
[2025-11-23T09:34:15.017+0000] {logging_mixin.py:190} INFO - [2025-11-23T09:34:15.016+0000] {dag.py:3239} INFO - Sync 1 DAGs
[2025-11-23T09:34:15.048+0000] {logging_mixin.py:190} INFO - [2025-11-23T09:34:15.048+0000] {dag.py:4180} INFO - Setting next_dagrun for extract_raw_data_pipeline to 2025-11-23 07:59:00+00:00, run_after=2025-11-24 07:00:00+00:00
[2025-11-23T09:34:15.071+0000] {processor.py:208} INFO - Processing /opt/airflow/dags/driven_data_pipeline.py took 0.622 seconds
[2025-11-23T09:34:45.178+0000] {processor.py:186} INFO - Started process (PID=366) to work on /opt/airflow/dags/driven_data_pipeline.py
[2025-11-23T09:34:45.181+0000] {processor.py:914} INFO - Processing file /opt/airflow/dags/driven_data_pipeline.py for tasks to queue
[2025-11-23T09:34:45.183+0000] {logging_mixin.py:190} INFO - [2025-11-23T09:34:45.182+0000] {dagbag.py:588} INFO - Filling up the DagBag from /opt/airflow/dags/driven_data_pipeline.py
[2025-11-23T09:34:45.637+0000] {processor.py:925} INFO - DAG(s) 'extract_raw_data_pipeline' retrieved from /opt/airflow/dags/driven_data_pipeline.py
[2025-11-23T09:34:45.684+0000] {logging_mixin.py:190} INFO - [2025-11-23T09:34:45.684+0000] {dag.py:3239} INFO - Sync 1 DAGs
[2025-11-23T09:34:45.724+0000] {logging_mixin.py:190} INFO - [2025-11-23T09:34:45.724+0000] {dag.py:4180} INFO - Setting next_dagrun for extract_raw_data_pipeline to 2025-11-23 07:59:00+00:00, run_after=2025-11-24 07:00:00+00:00
[2025-11-23T09:34:45.753+0000] {processor.py:208} INFO - Processing /opt/airflow/dags/driven_data_pipeline.py took 0.585 seconds
[2025-11-23T09:38:20.738+0000] {processor.py:186} INFO - Started process (PID=64) to work on /opt/airflow/dags/driven_data_pipeline.py
[2025-11-23T09:38:20.741+0000] {processor.py:914} INFO - Processing file /opt/airflow/dags/driven_data_pipeline.py for tasks to queue
[2025-11-23T09:38:20.775+0000] {logging_mixin.py:190} INFO - [2025-11-23T09:38:20.772+0000] {dagbag.py:588} INFO - Filling up the DagBag from /opt/airflow/dags/driven_data_pipeline.py
[2025-11-23T09:38:21.945+0000] {processor.py:925} INFO - DAG(s) 'extract_raw_data_pipeline' retrieved from /opt/airflow/dags/driven_data_pipeline.py
[2025-11-23T09:38:22.580+0000] {logging_mixin.py:190} INFO - [2025-11-23T09:38:22.562+0000] {override.py:1900} INFO - Created Permission View: can delete on DAG:extract_raw_data_pipeline
[2025-11-23T09:38:22.604+0000] {logging_mixin.py:190} INFO - [2025-11-23T09:38:22.603+0000] {override.py:1900} INFO - Created Permission View: can edit on DAG:extract_raw_data_pipeline
[2025-11-23T09:38:22.621+0000] {logging_mixin.py:190} INFO - [2025-11-23T09:38:22.620+0000] {override.py:1900} INFO - Created Permission View: can read on DAG:extract_raw_data_pipeline
[2025-11-23T09:38:22.635+0000] {logging_mixin.py:190} INFO - [2025-11-23T09:38:22.634+0000] {override.py:1900} INFO - Created Permission View: can delete on DAG Run:extract_raw_data_pipeline
[2025-11-23T09:38:22.653+0000] {logging_mixin.py:190} INFO - [2025-11-23T09:38:22.653+0000] {override.py:1900} INFO - Created Permission View: can create on DAG Run:extract_raw_data_pipeline
[2025-11-23T09:38:22.673+0000] {logging_mixin.py:190} INFO - [2025-11-23T09:38:22.673+0000] {override.py:1900} INFO - Created Permission View: can read on DAG Run:extract_raw_data_pipeline
[2025-11-23T09:38:22.689+0000] {logging_mixin.py:190} INFO - [2025-11-23T09:38:22.688+0000] {override.py:1900} INFO - Created Permission View: menu access on DAG Run:extract_raw_data_pipeline
[2025-11-23T09:38:22.690+0000] {logging_mixin.py:190} INFO - [2025-11-23T09:38:22.689+0000] {dag.py:3239} INFO - Sync 1 DAGs
[2025-11-23T09:38:22.739+0000] {logging_mixin.py:190} INFO - [2025-11-23T09:38:22.739+0000] {dag.py:3262} INFO - Creating ORM DAG for extract_raw_data_pipeline
[2025-11-23T09:38:22.761+0000] {logging_mixin.py:190} INFO - [2025-11-23T09:38:22.760+0000] {dag.py:4180} INFO - Setting next_dagrun for extract_raw_data_pipeline to 2025-11-23 07:58:00+00:00, run_after=2025-11-23 07:59:00+00:00
[2025-11-23T09:38:22.793+0000] {processor.py:208} INFO - Processing /opt/airflow/dags/driven_data_pipeline.py took 2.102 seconds
[2025-11-23T09:38:53.632+0000] {processor.py:186} INFO - Started process (PID=72) to work on /opt/airflow/dags/driven_data_pipeline.py
[2025-11-23T09:38:53.635+0000] {processor.py:914} INFO - Processing file /opt/airflow/dags/driven_data_pipeline.py for tasks to queue
[2025-11-23T09:38:53.688+0000] {logging_mixin.py:190} INFO - [2025-11-23T09:38:53.681+0000] {dagbag.py:588} INFO - Filling up the DagBag from /opt/airflow/dags/driven_data_pipeline.py
[2025-11-23T09:38:56.832+0000] {processor.py:925} INFO - DAG(s) 'extract_raw_data_pipeline' retrieved from /opt/airflow/dags/driven_data_pipeline.py
[2025-11-23T09:38:56.869+0000] {logging_mixin.py:190} INFO - [2025-11-23T09:38:56.869+0000] {dag.py:3239} INFO - Sync 1 DAGs
[2025-11-23T09:38:56.911+0000] {logging_mixin.py:190} INFO - [2025-11-23T09:38:56.911+0000] {dag.py:4180} INFO - Setting next_dagrun for extract_raw_data_pipeline to 2025-11-23 07:58:00+00:00, run_after=2025-11-23 07:59:00+00:00
[2025-11-23T09:38:56.937+0000] {processor.py:208} INFO - Processing /opt/airflow/dags/driven_data_pipeline.py took 3.391 seconds
[2025-11-23T09:39:27.363+0000] {processor.py:186} INFO - Started process (PID=80) to work on /opt/airflow/dags/driven_data_pipeline.py
[2025-11-23T09:39:27.365+0000] {processor.py:914} INFO - Processing file /opt/airflow/dags/driven_data_pipeline.py for tasks to queue
[2025-11-23T09:39:27.370+0000] {logging_mixin.py:190} INFO - [2025-11-23T09:39:27.369+0000] {dagbag.py:588} INFO - Filling up the DagBag from /opt/airflow/dags/driven_data_pipeline.py
[2025-11-23T09:39:27.829+0000] {processor.py:925} INFO - DAG(s) 'extract_raw_data_pipeline' retrieved from /opt/airflow/dags/driven_data_pipeline.py
[2025-11-23T09:39:27.857+0000] {logging_mixin.py:190} INFO - [2025-11-23T09:39:27.857+0000] {dag.py:3239} INFO - Sync 1 DAGs
[2025-11-23T09:39:27.881+0000] {logging_mixin.py:190} INFO - [2025-11-23T09:39:27.881+0000] {dag.py:4180} INFO - Setting next_dagrun for extract_raw_data_pipeline to 2025-11-23 07:58:00+00:00, run_after=2025-11-23 07:59:00+00:00
[2025-11-23T09:39:27.906+0000] {processor.py:208} INFO - Processing /opt/airflow/dags/driven_data_pipeline.py took 0.553 seconds
[2025-11-23T09:39:58.246+0000] {processor.py:186} INFO - Started process (PID=88) to work on /opt/airflow/dags/driven_data_pipeline.py
[2025-11-23T09:39:58.248+0000] {processor.py:914} INFO - Processing file /opt/airflow/dags/driven_data_pipeline.py for tasks to queue
[2025-11-23T09:39:58.253+0000] {logging_mixin.py:190} INFO - [2025-11-23T09:39:58.252+0000] {dagbag.py:588} INFO - Filling up the DagBag from /opt/airflow/dags/driven_data_pipeline.py
[2025-11-23T09:39:58.907+0000] {processor.py:925} INFO - DAG(s) 'extract_raw_data_pipeline' retrieved from /opt/airflow/dags/driven_data_pipeline.py
[2025-11-23T09:39:58.938+0000] {logging_mixin.py:190} INFO - [2025-11-23T09:39:58.938+0000] {dag.py:3239} INFO - Sync 1 DAGs
[2025-11-23T09:39:58.964+0000] {logging_mixin.py:190} INFO - [2025-11-23T09:39:58.963+0000] {dag.py:4180} INFO - Setting next_dagrun for extract_raw_data_pipeline to 2025-11-23 07:58:00+00:00, run_after=2025-11-23 07:59:00+00:00
[2025-11-23T09:39:58.982+0000] {processor.py:208} INFO - Processing /opt/airflow/dags/driven_data_pipeline.py took 0.748 seconds
[2025-11-23T09:40:29.406+0000] {processor.py:186} INFO - Started process (PID=96) to work on /opt/airflow/dags/driven_data_pipeline.py
[2025-11-23T09:40:29.413+0000] {processor.py:914} INFO - Processing file /opt/airflow/dags/driven_data_pipeline.py for tasks to queue
[2025-11-23T09:40:29.427+0000] {logging_mixin.py:190} INFO - [2025-11-23T09:40:29.426+0000] {dagbag.py:588} INFO - Filling up the DagBag from /opt/airflow/dags/driven_data_pipeline.py
[2025-11-23T09:40:31.969+0000] {processor.py:925} INFO - DAG(s) 'extract_raw_data_pipeline' retrieved from /opt/airflow/dags/driven_data_pipeline.py
[2025-11-23T09:40:32.230+0000] {logging_mixin.py:190} INFO - [2025-11-23T09:40:32.227+0000] {dag.py:3239} INFO - Sync 1 DAGs
[2025-11-23T09:40:32.340+0000] {logging_mixin.py:190} INFO - [2025-11-23T09:40:32.339+0000] {dag.py:4180} INFO - Setting next_dagrun for extract_raw_data_pipeline to 2025-11-23 07:58:00+00:00, run_after=2025-11-23 07:59:00+00:00
[2025-11-23T09:40:32.421+0000] {processor.py:208} INFO - Processing /opt/airflow/dags/driven_data_pipeline.py took 3.034 seconds
[2025-11-23T09:41:03.034+0000] {processor.py:186} INFO - Started process (PID=103) to work on /opt/airflow/dags/driven_data_pipeline.py
[2025-11-23T09:41:03.038+0000] {processor.py:914} INFO - Processing file /opt/airflow/dags/driven_data_pipeline.py for tasks to queue
[2025-11-23T09:41:03.055+0000] {logging_mixin.py:190} INFO - [2025-11-23T09:41:03.052+0000] {dagbag.py:588} INFO - Filling up the DagBag from /opt/airflow/dags/driven_data_pipeline.py
[2025-11-23T09:41:04.432+0000] {processor.py:925} INFO - DAG(s) 'extract_raw_data_pipeline' retrieved from /opt/airflow/dags/driven_data_pipeline.py
[2025-11-23T09:41:04.518+0000] {logging_mixin.py:190} INFO - [2025-11-23T09:41:04.518+0000] {dag.py:3239} INFO - Sync 1 DAGs
[2025-11-23T09:41:04.584+0000] {logging_mixin.py:190} INFO - [2025-11-23T09:41:04.584+0000] {dag.py:4180} INFO - Setting next_dagrun for extract_raw_data_pipeline to 2025-11-23 07:58:00+00:00, run_after=2025-11-23 07:59:00+00:00
[2025-11-23T09:41:04.630+0000] {processor.py:208} INFO - Processing /opt/airflow/dags/driven_data_pipeline.py took 1.659 seconds
[2025-11-23T09:41:35.273+0000] {processor.py:186} INFO - Started process (PID=111) to work on /opt/airflow/dags/driven_data_pipeline.py
[2025-11-23T09:41:35.277+0000] {processor.py:914} INFO - Processing file /opt/airflow/dags/driven_data_pipeline.py for tasks to queue
[2025-11-23T09:41:35.289+0000] {logging_mixin.py:190} INFO - [2025-11-23T09:41:35.288+0000] {dagbag.py:588} INFO - Filling up the DagBag from /opt/airflow/dags/driven_data_pipeline.py
[2025-11-23T09:41:37.274+0000] {processor.py:925} INFO - DAG(s) 'extract_raw_data_pipeline' retrieved from /opt/airflow/dags/driven_data_pipeline.py
[2025-11-23T09:41:37.385+0000] {logging_mixin.py:190} INFO - [2025-11-23T09:41:37.384+0000] {dag.py:3239} INFO - Sync 1 DAGs
[2025-11-23T09:41:37.481+0000] {logging_mixin.py:190} INFO - [2025-11-23T09:41:37.480+0000] {dag.py:4180} INFO - Setting next_dagrun for extract_raw_data_pipeline to 2025-11-23 07:58:00+00:00, run_after=2025-11-23 07:59:00+00:00
[2025-11-23T09:41:37.536+0000] {processor.py:208} INFO - Processing /opt/airflow/dags/driven_data_pipeline.py took 2.293 seconds
[2025-11-23T09:42:07.981+0000] {processor.py:186} INFO - Started process (PID=119) to work on /opt/airflow/dags/driven_data_pipeline.py
[2025-11-23T09:42:07.989+0000] {processor.py:914} INFO - Processing file /opt/airflow/dags/driven_data_pipeline.py for tasks to queue
[2025-11-23T09:42:08.005+0000] {logging_mixin.py:190} INFO - [2025-11-23T09:42:08.004+0000] {dagbag.py:588} INFO - Filling up the DagBag from /opt/airflow/dags/driven_data_pipeline.py
[2025-11-23T09:42:09.252+0000] {processor.py:925} INFO - DAG(s) 'extract_raw_data_pipeline' retrieved from /opt/airflow/dags/driven_data_pipeline.py
[2025-11-23T09:42:09.291+0000] {logging_mixin.py:190} INFO - [2025-11-23T09:42:09.291+0000] {dag.py:3239} INFO - Sync 1 DAGs
[2025-11-23T09:42:09.322+0000] {logging_mixin.py:190} INFO - [2025-11-23T09:42:09.321+0000] {dag.py:4180} INFO - Setting next_dagrun for extract_raw_data_pipeline to 2025-11-23 07:58:00+00:00, run_after=2025-11-23 07:59:00+00:00
[2025-11-23T09:42:09.348+0000] {processor.py:208} INFO - Processing /opt/airflow/dags/driven_data_pipeline.py took 1.401 seconds
[2025-11-23T09:42:40.159+0000] {processor.py:186} INFO - Started process (PID=131) to work on /opt/airflow/dags/driven_data_pipeline.py
[2025-11-23T09:42:40.180+0000] {processor.py:914} INFO - Processing file /opt/airflow/dags/driven_data_pipeline.py for tasks to queue
[2025-11-23T09:42:40.232+0000] {logging_mixin.py:190} INFO - [2025-11-23T09:42:40.227+0000] {dagbag.py:588} INFO - Filling up the DagBag from /opt/airflow/dags/driven_data_pipeline.py
[2025-11-23T09:42:43.387+0000] {processor.py:925} INFO - DAG(s) 'extract_raw_data_pipeline' retrieved from /opt/airflow/dags/driven_data_pipeline.py
[2025-11-23T09:42:43.512+0000] {logging_mixin.py:190} INFO - [2025-11-23T09:42:43.511+0000] {dag.py:3239} INFO - Sync 1 DAGs
[2025-11-23T09:42:43.552+0000] {logging_mixin.py:190} INFO - [2025-11-23T09:42:43.551+0000] {dag.py:4180} INFO - Setting next_dagrun for extract_raw_data_pipeline to 2025-11-23 07:59:00+00:00, run_after=2025-11-24 07:00:00+00:00
[2025-11-23T09:42:43.585+0000] {processor.py:208} INFO - Processing /opt/airflow/dags/driven_data_pipeline.py took 3.522 seconds
[2025-11-23T09:43:13.907+0000] {processor.py:186} INFO - Started process (PID=145) to work on /opt/airflow/dags/driven_data_pipeline.py
[2025-11-23T09:43:13.913+0000] {processor.py:914} INFO - Processing file /opt/airflow/dags/driven_data_pipeline.py for tasks to queue
[2025-11-23T09:43:13.918+0000] {logging_mixin.py:190} INFO - [2025-11-23T09:43:13.917+0000] {dagbag.py:588} INFO - Filling up the DagBag from /opt/airflow/dags/driven_data_pipeline.py
[2025-11-23T09:43:14.579+0000] {processor.py:925} INFO - DAG(s) 'extract_raw_data_pipeline' retrieved from /opt/airflow/dags/driven_data_pipeline.py
[2025-11-23T09:43:14.617+0000] {logging_mixin.py:190} INFO - [2025-11-23T09:43:14.617+0000] {dag.py:3239} INFO - Sync 1 DAGs
[2025-11-23T09:43:14.642+0000] {logging_mixin.py:190} INFO - [2025-11-23T09:43:14.642+0000] {dag.py:4180} INFO - Setting next_dagrun for extract_raw_data_pipeline to 2025-11-23 07:59:00+00:00, run_after=2025-11-24 07:00:00+00:00
[2025-11-23T09:43:14.661+0000] {processor.py:208} INFO - Processing /opt/airflow/dags/driven_data_pipeline.py took 0.767 seconds
[2025-11-23T09:43:45.119+0000] {processor.py:186} INFO - Started process (PID=153) to work on /opt/airflow/dags/driven_data_pipeline.py
[2025-11-23T09:43:45.123+0000] {processor.py:914} INFO - Processing file /opt/airflow/dags/driven_data_pipeline.py for tasks to queue
[2025-11-23T09:43:45.127+0000] {logging_mixin.py:190} INFO - [2025-11-23T09:43:45.127+0000] {dagbag.py:588} INFO - Filling up the DagBag from /opt/airflow/dags/driven_data_pipeline.py
[2025-11-23T09:43:46.963+0000] {processor.py:925} INFO - DAG(s) 'extract_raw_data_pipeline' retrieved from /opt/airflow/dags/driven_data_pipeline.py
[2025-11-23T09:43:47.876+0000] {logging_mixin.py:190} INFO - [2025-11-23T09:43:47.859+0000] {dag.py:3239} INFO - Sync 1 DAGs
[2025-11-23T09:43:48.633+0000] {logging_mixin.py:190} INFO - [2025-11-23T09:43:48.613+0000] {dag.py:4180} INFO - Setting next_dagrun for extract_raw_data_pipeline to 2025-11-23 07:59:00+00:00, run_after=2025-11-24 07:00:00+00:00
[2025-11-23T09:43:49.802+0000] {processor.py:208} INFO - Processing /opt/airflow/dags/driven_data_pipeline.py took 4.692 seconds
[2025-11-23T09:44:20.355+0000] {processor.py:186} INFO - Started process (PID=161) to work on /opt/airflow/dags/driven_data_pipeline.py
[2025-11-23T09:44:20.357+0000] {processor.py:914} INFO - Processing file /opt/airflow/dags/driven_data_pipeline.py for tasks to queue
[2025-11-23T09:44:20.361+0000] {logging_mixin.py:190} INFO - [2025-11-23T09:44:20.360+0000] {dagbag.py:588} INFO - Filling up the DagBag from /opt/airflow/dags/driven_data_pipeline.py
[2025-11-23T09:44:21.019+0000] {processor.py:925} INFO - DAG(s) 'extract_raw_data_pipeline' retrieved from /opt/airflow/dags/driven_data_pipeline.py
[2025-11-23T09:44:21.081+0000] {logging_mixin.py:190} INFO - [2025-11-23T09:44:21.080+0000] {dag.py:3239} INFO - Sync 1 DAGs
[2025-11-23T09:44:21.108+0000] {logging_mixin.py:190} INFO - [2025-11-23T09:44:21.108+0000] {dag.py:4180} INFO - Setting next_dagrun for extract_raw_data_pipeline to 2025-11-23 07:59:00+00:00, run_after=2025-11-24 07:00:00+00:00
[2025-11-23T09:44:21.132+0000] {processor.py:208} INFO - Processing /opt/airflow/dags/driven_data_pipeline.py took 0.785 seconds
[2025-11-23T09:44:36.366+0000] {processor.py:186} INFO - Started process (PID=163) to work on /opt/airflow/dags/driven_data_pipeline.py
[2025-11-23T09:44:36.369+0000] {processor.py:914} INFO - Processing file /opt/airflow/dags/driven_data_pipeline.py for tasks to queue
[2025-11-23T09:44:36.373+0000] {logging_mixin.py:190} INFO - [2025-11-23T09:44:36.372+0000] {dagbag.py:588} INFO - Filling up the DagBag from /opt/airflow/dags/driven_data_pipeline.py
[2025-11-23T09:44:37.710+0000] {processor.py:925} INFO - DAG(s) 'extract_raw_data_pipeline' retrieved from /opt/airflow/dags/driven_data_pipeline.py
[2025-11-23T09:44:37.801+0000] {logging_mixin.py:190} INFO - [2025-11-23T09:44:37.799+0000] {dag.py:3239} INFO - Sync 1 DAGs
[2025-11-23T09:44:37.847+0000] {logging_mixin.py:190} INFO - [2025-11-23T09:44:37.846+0000] {dag.py:4180} INFO - Setting next_dagrun for extract_raw_data_pipeline to 2025-11-23 07:59:00+00:00, run_after=2025-11-24 07:00:00+00:00
[2025-11-23T09:44:37.898+0000] {processor.py:208} INFO - Processing /opt/airflow/dags/driven_data_pipeline.py took 1.545 seconds
[2025-11-23T09:45:08.028+0000] {processor.py:186} INFO - Started process (PID=171) to work on /opt/airflow/dags/driven_data_pipeline.py
[2025-11-23T09:45:08.031+0000] {processor.py:914} INFO - Processing file /opt/airflow/dags/driven_data_pipeline.py for tasks to queue
[2025-11-23T09:45:08.035+0000] {logging_mixin.py:190} INFO - [2025-11-23T09:45:08.034+0000] {dagbag.py:588} INFO - Filling up the DagBag from /opt/airflow/dags/driven_data_pipeline.py
[2025-11-23T09:45:08.782+0000] {processor.py:925} INFO - DAG(s) 'extract_raw_data_pipeline' retrieved from /opt/airflow/dags/driven_data_pipeline.py
[2025-11-23T09:45:08.842+0000] {logging_mixin.py:190} INFO - [2025-11-23T09:45:08.841+0000] {dag.py:3239} INFO - Sync 1 DAGs
[2025-11-23T09:45:08.891+0000] {logging_mixin.py:190} INFO - [2025-11-23T09:45:08.891+0000] {dag.py:4180} INFO - Setting next_dagrun for extract_raw_data_pipeline to 2025-11-23 07:59:00+00:00, run_after=2025-11-24 07:00:00+00:00
[2025-11-23T09:45:08.918+0000] {processor.py:208} INFO - Processing /opt/airflow/dags/driven_data_pipeline.py took 0.904 seconds
[2025-11-23T09:45:12.279+0000] {processor.py:186} INFO - Started process (PID=173) to work on /opt/airflow/dags/driven_data_pipeline.py
[2025-11-23T09:45:12.281+0000] {processor.py:914} INFO - Processing file /opt/airflow/dags/driven_data_pipeline.py for tasks to queue
[2025-11-23T09:45:12.284+0000] {logging_mixin.py:190} INFO - [2025-11-23T09:45:12.284+0000] {dagbag.py:588} INFO - Filling up the DagBag from /opt/airflow/dags/driven_data_pipeline.py
[2025-11-23T09:45:12.902+0000] {processor.py:925} INFO - DAG(s) 'extract_raw_data_pipeline' retrieved from /opt/airflow/dags/driven_data_pipeline.py
[2025-11-23T09:45:12.940+0000] {logging_mixin.py:190} INFO - [2025-11-23T09:45:12.940+0000] {dag.py:3239} INFO - Sync 1 DAGs
[2025-11-23T09:45:12.994+0000] {logging_mixin.py:190} INFO - [2025-11-23T09:45:12.993+0000] {dag.py:4180} INFO - Setting next_dagrun for extract_raw_data_pipeline to 2025-11-23 07:59:00+00:00, run_after=2025-11-24 07:00:00+00:00
[2025-11-23T09:45:13.022+0000] {processor.py:208} INFO - Processing /opt/airflow/dags/driven_data_pipeline.py took 0.753 seconds
[2025-11-23T09:45:30.207+0000] {processor.py:186} INFO - Started process (PID=181) to work on /opt/airflow/dags/driven_data_pipeline.py
[2025-11-23T09:45:30.209+0000] {processor.py:914} INFO - Processing file /opt/airflow/dags/driven_data_pipeline.py for tasks to queue
[2025-11-23T09:45:30.214+0000] {logging_mixin.py:190} INFO - [2025-11-23T09:45:30.213+0000] {dagbag.py:588} INFO - Filling up the DagBag from /opt/airflow/dags/driven_data_pipeline.py
[2025-11-23T09:45:31.062+0000] {processor.py:925} INFO - DAG(s) 'extract_raw_data_pipeline' retrieved from /opt/airflow/dags/driven_data_pipeline.py
[2025-11-23T09:45:31.099+0000] {logging_mixin.py:190} INFO - [2025-11-23T09:45:31.099+0000] {dag.py:3239} INFO - Sync 1 DAGs
[2025-11-23T09:45:31.126+0000] {logging_mixin.py:190} INFO - [2025-11-23T09:45:31.126+0000] {dag.py:4180} INFO - Setting next_dagrun for extract_raw_data_pipeline to 2025-11-23 07:59:00+00:00, run_after=2025-11-24 07:00:00+00:00
[2025-11-23T09:45:31.149+0000] {processor.py:208} INFO - Processing /opt/airflow/dags/driven_data_pipeline.py took 0.953 seconds
[2025-11-23T09:45:57.563+0000] {processor.py:186} INFO - Started process (PID=189) to work on /opt/airflow/dags/driven_data_pipeline.py
[2025-11-23T09:45:57.565+0000] {processor.py:914} INFO - Processing file /opt/airflow/dags/driven_data_pipeline.py for tasks to queue
[2025-11-23T09:45:57.570+0000] {logging_mixin.py:190} INFO - [2025-11-23T09:45:57.569+0000] {dagbag.py:588} INFO - Filling up the DagBag from /opt/airflow/dags/driven_data_pipeline.py
[2025-11-23T09:45:58.271+0000] {processor.py:925} INFO - DAG(s) 'extract_raw_data_pipeline' retrieved from /opt/airflow/dags/driven_data_pipeline.py
[2025-11-23T09:45:58.324+0000] {logging_mixin.py:190} INFO - [2025-11-23T09:45:58.323+0000] {dag.py:3239} INFO - Sync 1 DAGs
[2025-11-23T09:45:58.355+0000] {logging_mixin.py:190} INFO - [2025-11-23T09:45:58.355+0000] {dag.py:4180} INFO - Setting next_dagrun for extract_raw_data_pipeline to 2025-11-23 07:59:00+00:00, run_after=2025-11-24 07:00:00+00:00
[2025-11-23T09:45:58.378+0000] {processor.py:208} INFO - Processing /opt/airflow/dags/driven_data_pipeline.py took 0.826 seconds
[2025-11-23T09:46:28.437+0000] {processor.py:186} INFO - Started process (PID=197) to work on /opt/airflow/dags/driven_data_pipeline.py
[2025-11-23T09:46:28.439+0000] {processor.py:914} INFO - Processing file /opt/airflow/dags/driven_data_pipeline.py for tasks to queue
[2025-11-23T09:46:28.444+0000] {logging_mixin.py:190} INFO - [2025-11-23T09:46:28.444+0000] {dagbag.py:588} INFO - Filling up the DagBag from /opt/airflow/dags/driven_data_pipeline.py
[2025-11-23T09:46:29.026+0000] {processor.py:925} INFO - DAG(s) 'extract_raw_data_pipeline' retrieved from /opt/airflow/dags/driven_data_pipeline.py
[2025-11-23T09:46:29.075+0000] {logging_mixin.py:190} INFO - [2025-11-23T09:46:29.074+0000] {dag.py:3239} INFO - Sync 1 DAGs
[2025-11-23T09:46:29.100+0000] {logging_mixin.py:190} INFO - [2025-11-23T09:46:29.100+0000] {dag.py:4180} INFO - Setting next_dagrun for extract_raw_data_pipeline to 2025-11-23 07:59:00+00:00, run_after=2025-11-24 07:00:00+00:00
[2025-11-23T09:46:29.121+0000] {processor.py:208} INFO - Processing /opt/airflow/dags/driven_data_pipeline.py took 0.696 seconds
[2025-11-23T09:46:59.261+0000] {processor.py:186} INFO - Started process (PID=205) to work on /opt/airflow/dags/driven_data_pipeline.py
[2025-11-23T09:46:59.263+0000] {processor.py:914} INFO - Processing file /opt/airflow/dags/driven_data_pipeline.py for tasks to queue
[2025-11-23T09:46:59.268+0000] {logging_mixin.py:190} INFO - [2025-11-23T09:46:59.267+0000] {dagbag.py:588} INFO - Filling up the DagBag from /opt/airflow/dags/driven_data_pipeline.py
[2025-11-23T09:46:59.817+0000] {processor.py:925} INFO - DAG(s) 'extract_raw_data_pipeline' retrieved from /opt/airflow/dags/driven_data_pipeline.py
[2025-11-23T09:46:59.870+0000] {logging_mixin.py:190} INFO - [2025-11-23T09:46:59.870+0000] {dag.py:3239} INFO - Sync 1 DAGs
[2025-11-23T09:46:59.909+0000] {logging_mixin.py:190} INFO - [2025-11-23T09:46:59.909+0000] {dag.py:4180} INFO - Setting next_dagrun for extract_raw_data_pipeline to 2025-11-23 07:59:00+00:00, run_after=2025-11-24 07:00:00+00:00
[2025-11-23T09:46:59.930+0000] {processor.py:208} INFO - Processing /opt/airflow/dags/driven_data_pipeline.py took 0.682 seconds
[2025-11-23T09:47:15.886+0000] {processor.py:186} INFO - Started process (PID=213) to work on /opt/airflow/dags/driven_data_pipeline.py
[2025-11-23T09:47:15.889+0000] {processor.py:914} INFO - Processing file /opt/airflow/dags/driven_data_pipeline.py for tasks to queue
[2025-11-23T09:47:15.988+0000] {logging_mixin.py:190} INFO - [2025-11-23T09:47:15.983+0000] {dagbag.py:588} INFO - Filling up the DagBag from /opt/airflow/dags/driven_data_pipeline.py
[2025-11-23T09:47:16.716+0000] {processor.py:925} INFO - DAG(s) 'extract_raw_data_pipeline' retrieved from /opt/airflow/dags/driven_data_pipeline.py
[2025-11-23T09:47:16.816+0000] {logging_mixin.py:190} INFO - [2025-11-23T09:47:16.815+0000] {dag.py:3239} INFO - Sync 1 DAGs
[2025-11-23T09:47:16.870+0000] {logging_mixin.py:190} INFO - [2025-11-23T09:47:16.870+0000] {dag.py:4180} INFO - Setting next_dagrun for extract_raw_data_pipeline to 2025-11-23 07:59:00+00:00, run_after=2025-11-24 07:00:00+00:00
[2025-11-23T09:47:16.904+0000] {processor.py:208} INFO - Processing /opt/airflow/dags/driven_data_pipeline.py took 1.027 seconds
[2025-11-23T09:48:33.280+0000] {processor.py:186} INFO - Started process (PID=215) to work on /opt/airflow/dags/driven_data_pipeline.py
[2025-11-23T09:48:33.305+0000] {processor.py:914} INFO - Processing file /opt/airflow/dags/driven_data_pipeline.py for tasks to queue
[2025-11-23T09:48:33.213+0000] {logging_mixin.py:190} INFO - [2025-11-23T09:48:33.195+0000] {dagbag.py:588} INFO - Filling up the DagBag from /opt/airflow/dags/driven_data_pipeline.py
[2025-11-23T09:48:38.350+0000] {processor.py:925} INFO - DAG(s) 'extract_raw_data_pipeline' retrieved from /opt/airflow/dags/driven_data_pipeline.py
[2025-11-23T09:48:38.513+0000] {logging_mixin.py:190} INFO - [2025-11-23T09:48:38.512+0000] {dag.py:3239} INFO - Sync 1 DAGs
[2025-11-23T09:48:38.578+0000] {logging_mixin.py:190} INFO - [2025-11-23T09:48:38.578+0000] {dag.py:4180} INFO - Setting next_dagrun for extract_raw_data_pipeline to 2025-11-23 07:59:00+00:00, run_after=2025-11-24 07:00:00+00:00
[2025-11-23T09:48:38.625+0000] {processor.py:208} INFO - Processing /opt/airflow/dags/driven_data_pipeline.py took 38.289 seconds
[2025-11-23T09:49:08.914+0000] {processor.py:186} INFO - Started process (PID=229) to work on /opt/airflow/dags/driven_data_pipeline.py
[2025-11-23T09:49:08.917+0000] {processor.py:914} INFO - Processing file /opt/airflow/dags/driven_data_pipeline.py for tasks to queue
[2025-11-23T09:49:08.921+0000] {logging_mixin.py:190} INFO - [2025-11-23T09:49:08.920+0000] {dagbag.py:588} INFO - Filling up the DagBag from /opt/airflow/dags/driven_data_pipeline.py
[2025-11-23T09:49:09.292+0000] {processor.py:925} INFO - DAG(s) 'extract_raw_data_pipeline' retrieved from /opt/airflow/dags/driven_data_pipeline.py
[2025-11-23T09:49:09.328+0000] {logging_mixin.py:190} INFO - [2025-11-23T09:49:09.328+0000] {dag.py:3239} INFO - Sync 1 DAGs
[2025-11-23T09:49:09.358+0000] {logging_mixin.py:190} INFO - [2025-11-23T09:49:09.358+0000] {dag.py:4180} INFO - Setting next_dagrun for extract_raw_data_pipeline to 2025-11-23 07:59:00+00:00, run_after=2025-11-24 07:00:00+00:00
[2025-11-23T09:49:09.380+0000] {processor.py:208} INFO - Processing /opt/airflow/dags/driven_data_pipeline.py took 0.478 seconds
[2025-11-23T09:49:39.941+0000] {processor.py:186} INFO - Started process (PID=236) to work on /opt/airflow/dags/driven_data_pipeline.py
[2025-11-23T09:49:39.943+0000] {processor.py:914} INFO - Processing file /opt/airflow/dags/driven_data_pipeline.py for tasks to queue
[2025-11-23T09:49:39.947+0000] {logging_mixin.py:190} INFO - [2025-11-23T09:49:39.946+0000] {dagbag.py:588} INFO - Filling up the DagBag from /opt/airflow/dags/driven_data_pipeline.py
[2025-11-23T09:49:40.269+0000] {processor.py:925} INFO - DAG(s) 'extract_raw_data_pipeline' retrieved from /opt/airflow/dags/driven_data_pipeline.py
[2025-11-23T09:49:40.303+0000] {logging_mixin.py:190} INFO - [2025-11-23T09:49:40.303+0000] {dag.py:3239} INFO - Sync 1 DAGs
[2025-11-23T09:49:40.331+0000] {logging_mixin.py:190} INFO - [2025-11-23T09:49:40.331+0000] {dag.py:4180} INFO - Setting next_dagrun for extract_raw_data_pipeline to 2025-11-23 07:59:00+00:00, run_after=2025-11-24 07:00:00+00:00
[2025-11-23T09:49:40.355+0000] {processor.py:208} INFO - Processing /opt/airflow/dags/driven_data_pipeline.py took 0.424 seconds
[2025-11-23T09:50:10.615+0000] {processor.py:186} INFO - Started process (PID=244) to work on /opt/airflow/dags/driven_data_pipeline.py
[2025-11-23T09:50:10.617+0000] {processor.py:914} INFO - Processing file /opt/airflow/dags/driven_data_pipeline.py for tasks to queue
[2025-11-23T09:50:10.621+0000] {logging_mixin.py:190} INFO - [2025-11-23T09:50:10.620+0000] {dagbag.py:588} INFO - Filling up the DagBag from /opt/airflow/dags/driven_data_pipeline.py
[2025-11-23T09:50:10.975+0000] {processor.py:925} INFO - DAG(s) 'extract_raw_data_pipeline' retrieved from /opt/airflow/dags/driven_data_pipeline.py
[2025-11-23T09:50:11.015+0000] {logging_mixin.py:190} INFO - [2025-11-23T09:50:11.015+0000] {dag.py:3239} INFO - Sync 1 DAGs
[2025-11-23T09:50:11.051+0000] {logging_mixin.py:190} INFO - [2025-11-23T09:50:11.051+0000] {dag.py:4180} INFO - Setting next_dagrun for extract_raw_data_pipeline to 2025-11-23 07:59:00+00:00, run_after=2025-11-24 07:00:00+00:00
[2025-11-23T09:50:11.085+0000] {processor.py:208} INFO - Processing /opt/airflow/dags/driven_data_pipeline.py took 0.480 seconds
[2025-11-23T09:50:41.318+0000] {processor.py:186} INFO - Started process (PID=252) to work on /opt/airflow/dags/driven_data_pipeline.py
[2025-11-23T09:50:41.320+0000] {processor.py:914} INFO - Processing file /opt/airflow/dags/driven_data_pipeline.py for tasks to queue
[2025-11-23T09:50:41.326+0000] {logging_mixin.py:190} INFO - [2025-11-23T09:50:41.325+0000] {dagbag.py:588} INFO - Filling up the DagBag from /opt/airflow/dags/driven_data_pipeline.py
[2025-11-23T09:50:41.669+0000] {processor.py:925} INFO - DAG(s) 'extract_raw_data_pipeline' retrieved from /opt/airflow/dags/driven_data_pipeline.py
[2025-11-23T09:50:41.706+0000] {logging_mixin.py:190} INFO - [2025-11-23T09:50:41.706+0000] {dag.py:3239} INFO - Sync 1 DAGs
[2025-11-23T09:50:41.735+0000] {logging_mixin.py:190} INFO - [2025-11-23T09:50:41.734+0000] {dag.py:4180} INFO - Setting next_dagrun for extract_raw_data_pipeline to 2025-11-23 07:59:00+00:00, run_after=2025-11-24 07:00:00+00:00
[2025-11-23T09:50:41.755+0000] {processor.py:208} INFO - Processing /opt/airflow/dags/driven_data_pipeline.py took 0.450 seconds
[2025-11-23T09:51:12.023+0000] {processor.py:186} INFO - Started process (PID=260) to work on /opt/airflow/dags/driven_data_pipeline.py
[2025-11-23T09:51:12.025+0000] {processor.py:914} INFO - Processing file /opt/airflow/dags/driven_data_pipeline.py for tasks to queue
[2025-11-23T09:51:12.028+0000] {logging_mixin.py:190} INFO - [2025-11-23T09:51:12.028+0000] {dagbag.py:588} INFO - Filling up the DagBag from /opt/airflow/dags/driven_data_pipeline.py
[2025-11-23T09:51:12.349+0000] {processor.py:925} INFO - DAG(s) 'extract_raw_data_pipeline' retrieved from /opt/airflow/dags/driven_data_pipeline.py
[2025-11-23T09:51:12.385+0000] {logging_mixin.py:190} INFO - [2025-11-23T09:51:12.384+0000] {dag.py:3239} INFO - Sync 1 DAGs
[2025-11-23T09:51:12.413+0000] {logging_mixin.py:190} INFO - [2025-11-23T09:51:12.413+0000] {dag.py:4180} INFO - Setting next_dagrun for extract_raw_data_pipeline to 2025-11-23 07:59:00+00:00, run_after=2025-11-24 07:00:00+00:00
[2025-11-23T09:51:12.435+0000] {processor.py:208} INFO - Processing /opt/airflow/dags/driven_data_pipeline.py took 0.422 seconds
[2025-11-23T09:51:42.772+0000] {processor.py:186} INFO - Started process (PID=268) to work on /opt/airflow/dags/driven_data_pipeline.py
[2025-11-23T09:51:42.775+0000] {processor.py:914} INFO - Processing file /opt/airflow/dags/driven_data_pipeline.py for tasks to queue
[2025-11-23T09:51:42.780+0000] {logging_mixin.py:190} INFO - [2025-11-23T09:51:42.779+0000] {dagbag.py:588} INFO - Filling up the DagBag from /opt/airflow/dags/driven_data_pipeline.py
[2025-11-23T09:51:43.209+0000] {processor.py:925} INFO - DAG(s) 'extract_raw_data_pipeline' retrieved from /opt/airflow/dags/driven_data_pipeline.py
[2025-11-23T09:51:43.326+0000] {logging_mixin.py:190} INFO - [2025-11-23T09:51:43.324+0000] {dag.py:3239} INFO - Sync 1 DAGs
[2025-11-23T09:51:43.382+0000] {logging_mixin.py:190} INFO - [2025-11-23T09:51:43.382+0000] {dag.py:4180} INFO - Setting next_dagrun for extract_raw_data_pipeline to 2025-11-23 07:59:00+00:00, run_after=2025-11-24 07:00:00+00:00
[2025-11-23T09:51:43.422+0000] {processor.py:208} INFO - Processing /opt/airflow/dags/driven_data_pipeline.py took 0.660 seconds
[2025-11-23T09:53:07.107+0000] {processor.py:186} INFO - Started process (PID=270) to work on /opt/airflow/dags/driven_data_pipeline.py
[2025-11-23T09:53:07.147+0000] {processor.py:914} INFO - Processing file /opt/airflow/dags/driven_data_pipeline.py for tasks to queue
[2025-11-23T09:53:07.266+0000] {logging_mixin.py:190} INFO - [2025-11-23T09:53:07.248+0000] {dagbag.py:588} INFO - Filling up the DagBag from /opt/airflow/dags/driven_data_pipeline.py
[2025-11-23T09:53:08.625+0000] {processor.py:925} INFO - DAG(s) 'extract_raw_data_pipeline' retrieved from /opt/airflow/dags/driven_data_pipeline.py
[2025-11-23T09:53:08.723+0000] {logging_mixin.py:190} INFO - [2025-11-23T09:53:08.722+0000] {dag.py:3239} INFO - Sync 1 DAGs
[2025-11-23T09:53:08.774+0000] {logging_mixin.py:190} INFO - [2025-11-23T09:53:08.774+0000] {dag.py:4180} INFO - Setting next_dagrun for extract_raw_data_pipeline to 2025-11-23 07:59:00+00:00, run_after=2025-11-24 07:00:00+00:00
[2025-11-23T09:53:08.809+0000] {processor.py:208} INFO - Processing /opt/airflow/dags/driven_data_pipeline.py took 1.985 seconds
[2025-11-23T09:53:39.437+0000] {processor.py:186} INFO - Started process (PID=278) to work on /opt/airflow/dags/driven_data_pipeline.py
[2025-11-23T09:53:39.440+0000] {processor.py:914} INFO - Processing file /opt/airflow/dags/driven_data_pipeline.py for tasks to queue
[2025-11-23T09:53:39.447+0000] {logging_mixin.py:190} INFO - [2025-11-23T09:53:39.446+0000] {dagbag.py:588} INFO - Filling up the DagBag from /opt/airflow/dags/driven_data_pipeline.py
[2025-11-23T09:53:39.874+0000] {processor.py:925} INFO - DAG(s) 'extract_raw_data_pipeline' retrieved from /opt/airflow/dags/driven_data_pipeline.py
[2025-11-23T09:53:40.024+0000] {logging_mixin.py:190} INFO - [2025-11-23T09:53:40.020+0000] {dag.py:3239} INFO - Sync 1 DAGs
[2025-11-23T09:53:40.091+0000] {logging_mixin.py:190} INFO - [2025-11-23T09:53:40.090+0000] {dag.py:4180} INFO - Setting next_dagrun for extract_raw_data_pipeline to 2025-11-23 07:59:00+00:00, run_after=2025-11-24 07:00:00+00:00
[2025-11-23T09:53:40.125+0000] {processor.py:208} INFO - Processing /opt/airflow/dags/driven_data_pipeline.py took 0.704 seconds
[2025-11-23T09:55:03.267+0000] {processor.py:186} INFO - Started process (PID=280) to work on /opt/airflow/dags/driven_data_pipeline.py
[2025-11-23T09:55:03.330+0000] {processor.py:914} INFO - Processing file /opt/airflow/dags/driven_data_pipeline.py for tasks to queue
[2025-11-23T09:55:03.760+0000] {logging_mixin.py:190} INFO - [2025-11-23T09:55:03.634+0000] {dagbag.py:588} INFO - Filling up the DagBag from /opt/airflow/dags/driven_data_pipeline.py
[2025-11-23T09:55:42.150+0000] {logging_mixin.py:190} INFO - [2025-11-23T09:55:34.499+0000] {timeout.py:68} ERROR - Process timed out, PID: 280
[2025-11-23T09:56:46.648+0000] {processor.py:186} INFO - Started process (PID=282) to work on /opt/airflow/dags/driven_data_pipeline.py
[2025-11-23T09:56:46.650+0000] {processor.py:914} INFO - Processing file /opt/airflow/dags/driven_data_pipeline.py for tasks to queue
[2025-11-23T09:56:46.661+0000] {logging_mixin.py:190} INFO - [2025-11-23T09:56:46.659+0000] {dagbag.py:588} INFO - Filling up the DagBag from /opt/airflow/dags/driven_data_pipeline.py
[2025-11-23T09:56:47.911+0000] {processor.py:925} INFO - DAG(s) 'extract_raw_data_pipeline' retrieved from /opt/airflow/dags/driven_data_pipeline.py
[2025-11-23T09:56:48.502+0000] {logging_mixin.py:190} INFO - [2025-11-23T09:56:48.501+0000] {dag.py:3239} INFO - Sync 1 DAGs
[2025-11-23T09:56:48.557+0000] {logging_mixin.py:190} INFO - [2025-11-23T09:56:48.556+0000] {dag.py:4180} INFO - Setting next_dagrun for extract_raw_data_pipeline to 2025-11-23 07:59:00+00:00, run_after=2025-11-24 07:00:00+00:00
[2025-11-23T09:56:48.597+0000] {processor.py:208} INFO - Processing /opt/airflow/dags/driven_data_pipeline.py took 1.975 seconds
[2025-11-23T09:57:19.017+0000] {processor.py:186} INFO - Started process (PID=290) to work on /opt/airflow/dags/driven_data_pipeline.py
[2025-11-23T09:57:19.020+0000] {processor.py:914} INFO - Processing file /opt/airflow/dags/driven_data_pipeline.py for tasks to queue
[2025-11-23T09:57:19.023+0000] {logging_mixin.py:190} INFO - [2025-11-23T09:57:19.022+0000] {dagbag.py:588} INFO - Filling up the DagBag from /opt/airflow/dags/driven_data_pipeline.py
[2025-11-23T09:57:19.343+0000] {processor.py:925} INFO - DAG(s) 'extract_raw_data_pipeline' retrieved from /opt/airflow/dags/driven_data_pipeline.py
[2025-11-23T09:57:19.382+0000] {logging_mixin.py:190} INFO - [2025-11-23T09:57:19.381+0000] {dag.py:3239} INFO - Sync 1 DAGs
[2025-11-23T09:57:19.411+0000] {logging_mixin.py:190} INFO - [2025-11-23T09:57:19.410+0000] {dag.py:4180} INFO - Setting next_dagrun for extract_raw_data_pipeline to 2025-11-23 07:59:00+00:00, run_after=2025-11-24 07:00:00+00:00
[2025-11-23T09:57:19.431+0000] {processor.py:208} INFO - Processing /opt/airflow/dags/driven_data_pipeline.py took 0.426 seconds
[2025-11-23T09:57:49.844+0000] {processor.py:186} INFO - Started process (PID=298) to work on /opt/airflow/dags/driven_data_pipeline.py
[2025-11-23T09:57:49.848+0000] {processor.py:914} INFO - Processing file /opt/airflow/dags/driven_data_pipeline.py for tasks to queue
[2025-11-23T09:57:49.857+0000] {logging_mixin.py:190} INFO - [2025-11-23T09:57:49.853+0000] {dagbag.py:588} INFO - Filling up the DagBag from /opt/airflow/dags/driven_data_pipeline.py
[2025-11-23T09:57:52.168+0000] {processor.py:925} INFO - DAG(s) 'extract_raw_data_pipeline' retrieved from /opt/airflow/dags/driven_data_pipeline.py
[2025-11-23T09:57:52.811+0000] {logging_mixin.py:190} INFO - [2025-11-23T09:57:52.793+0000] {dag.py:3239} INFO - Sync 1 DAGs
[2025-11-23T10:03:53.321+0000] {processor.py:186} INFO - Started process (PID=63) to work on /opt/airflow/dags/driven_data_pipeline.py
[2025-11-23T10:03:53.329+0000] {processor.py:914} INFO - Processing file /opt/airflow/dags/driven_data_pipeline.py for tasks to queue
[2025-11-23T10:03:53.336+0000] {logging_mixin.py:190} INFO - [2025-11-23T10:03:53.335+0000] {dagbag.py:588} INFO - Filling up the DagBag from /opt/airflow/dags/driven_data_pipeline.py
[2025-11-23T10:03:53.404+0000] {processor.py:925} INFO - DAG(s) 'extract_raw_data_pipeline' retrieved from /opt/airflow/dags/driven_data_pipeline.py
[2025-11-23T10:03:54.581+0000] {logging_mixin.py:190} INFO - [2025-11-23T10:03:54.579+0000] {override.py:1900} INFO - Created Permission View: can read on DAG:extract_raw_data_pipeline
[2025-11-23T10:03:54.603+0000] {logging_mixin.py:190} INFO - [2025-11-23T10:03:54.602+0000] {override.py:1900} INFO - Created Permission View: can delete on DAG:extract_raw_data_pipeline
[2025-11-23T10:03:54.617+0000] {logging_mixin.py:190} INFO - [2025-11-23T10:03:54.616+0000] {override.py:1900} INFO - Created Permission View: can edit on DAG:extract_raw_data_pipeline
[2025-11-23T10:03:54.630+0000] {logging_mixin.py:190} INFO - [2025-11-23T10:03:54.630+0000] {override.py:1900} INFO - Created Permission View: can read on DAG Run:extract_raw_data_pipeline
[2025-11-23T10:03:54.646+0000] {logging_mixin.py:190} INFO - [2025-11-23T10:03:54.646+0000] {override.py:1900} INFO - Created Permission View: can delete on DAG Run:extract_raw_data_pipeline
[2025-11-23T10:03:54.660+0000] {logging_mixin.py:190} INFO - [2025-11-23T10:03:54.659+0000] {override.py:1900} INFO - Created Permission View: can create on DAG Run:extract_raw_data_pipeline
[2025-11-23T10:03:54.673+0000] {logging_mixin.py:190} INFO - [2025-11-23T10:03:54.672+0000] {override.py:1900} INFO - Created Permission View: menu access on DAG Run:extract_raw_data_pipeline
[2025-11-23T10:03:54.674+0000] {logging_mixin.py:190} INFO - [2025-11-23T10:03:54.673+0000] {dag.py:3239} INFO - Sync 1 DAGs
[2025-11-23T10:03:54.703+0000] {logging_mixin.py:190} INFO - [2025-11-23T10:03:54.702+0000] {dag.py:3262} INFO - Creating ORM DAG for extract_raw_data_pipeline
[2025-11-23T10:03:54.742+0000] {logging_mixin.py:190} INFO - [2025-11-23T10:03:54.741+0000] {dag.py:4180} INFO - Setting next_dagrun for extract_raw_data_pipeline to 2025-11-22 07:00:00+00:00, run_after=2025-11-23 07:00:00+00:00
[2025-11-23T10:03:54.800+0000] {processor.py:208} INFO - Processing /opt/airflow/dags/driven_data_pipeline.py took 1.519 seconds
[2025-11-23T10:04:25.352+0000] {processor.py:186} INFO - Started process (PID=70) to work on /opt/airflow/dags/driven_data_pipeline.py
[2025-11-23T10:04:25.357+0000] {processor.py:914} INFO - Processing file /opt/airflow/dags/driven_data_pipeline.py for tasks to queue
[2025-11-23T10:04:25.379+0000] {logging_mixin.py:190} INFO - [2025-11-23T10:04:25.373+0000] {dagbag.py:588} INFO - Filling up the DagBag from /opt/airflow/dags/driven_data_pipeline.py
[2025-11-23T10:04:25.591+0000] {processor.py:925} INFO - DAG(s) 'extract_raw_data_pipeline' retrieved from /opt/airflow/dags/driven_data_pipeline.py
[2025-11-23T10:04:25.796+0000] {logging_mixin.py:190} INFO - [2025-11-23T10:04:25.796+0000] {dag.py:3239} INFO - Sync 1 DAGs
[2025-11-23T10:04:25.957+0000] {logging_mixin.py:190} INFO - [2025-11-23T10:04:25.956+0000] {dag.py:4180} INFO - Setting next_dagrun for extract_raw_data_pipeline to 2025-11-22 07:00:00+00:00, run_after=2025-11-23 07:00:00+00:00
[2025-11-23T10:04:26.040+0000] {processor.py:208} INFO - Processing /opt/airflow/dags/driven_data_pipeline.py took 0.792 seconds
[2025-11-23T10:04:56.384+0000] {processor.py:186} INFO - Started process (PID=77) to work on /opt/airflow/dags/driven_data_pipeline.py
[2025-11-23T10:04:56.387+0000] {processor.py:914} INFO - Processing file /opt/airflow/dags/driven_data_pipeline.py for tasks to queue
[2025-11-23T10:04:56.392+0000] {logging_mixin.py:190} INFO - [2025-11-23T10:04:56.391+0000] {dagbag.py:588} INFO - Filling up the DagBag from /opt/airflow/dags/driven_data_pipeline.py
[2025-11-23T10:04:56.445+0000] {processor.py:925} INFO - DAG(s) 'extract_raw_data_pipeline' retrieved from /opt/airflow/dags/driven_data_pipeline.py
[2025-11-23T10:04:56.530+0000] {logging_mixin.py:190} INFO - [2025-11-23T10:04:56.530+0000] {dag.py:3239} INFO - Sync 1 DAGs
[2025-11-23T10:04:56.582+0000] {logging_mixin.py:190} INFO - [2025-11-23T10:04:56.582+0000] {dag.py:4180} INFO - Setting next_dagrun for extract_raw_data_pipeline to 2025-11-22 07:00:00+00:00, run_after=2025-11-23 07:00:00+00:00
[2025-11-23T10:04:56.620+0000] {processor.py:208} INFO - Processing /opt/airflow/dags/driven_data_pipeline.py took 0.254 seconds
[2025-11-23T10:05:26.776+0000] {processor.py:186} INFO - Started process (PID=84) to work on /opt/airflow/dags/driven_data_pipeline.py
[2025-11-23T10:05:26.780+0000] {processor.py:914} INFO - Processing file /opt/airflow/dags/driven_data_pipeline.py for tasks to queue
[2025-11-23T10:05:26.789+0000] {logging_mixin.py:190} INFO - [2025-11-23T10:05:26.787+0000] {dagbag.py:588} INFO - Filling up the DagBag from /opt/airflow/dags/driven_data_pipeline.py
[2025-11-23T10:05:26.857+0000] {processor.py:925} INFO - DAG(s) 'extract_raw_data_pipeline' retrieved from /opt/airflow/dags/driven_data_pipeline.py
[2025-11-23T10:05:26.932+0000] {logging_mixin.py:190} INFO - [2025-11-23T10:05:26.932+0000] {dag.py:3239} INFO - Sync 1 DAGs
[2025-11-23T10:05:26.981+0000] {logging_mixin.py:190} INFO - [2025-11-23T10:05:26.980+0000] {dag.py:4180} INFO - Setting next_dagrun for extract_raw_data_pipeline to 2025-11-22 07:00:00+00:00, run_after=2025-11-23 07:00:00+00:00
[2025-11-23T10:05:27.052+0000] {processor.py:208} INFO - Processing /opt/airflow/dags/driven_data_pipeline.py took 0.292 seconds
[2025-11-23T10:05:57.300+0000] {processor.py:186} INFO - Started process (PID=95) to work on /opt/airflow/dags/driven_data_pipeline.py
[2025-11-23T10:05:57.303+0000] {processor.py:914} INFO - Processing file /opt/airflow/dags/driven_data_pipeline.py for tasks to queue
[2025-11-23T10:05:57.310+0000] {logging_mixin.py:190} INFO - [2025-11-23T10:05:57.309+0000] {dagbag.py:588} INFO - Filling up the DagBag from /opt/airflow/dags/driven_data_pipeline.py
[2025-11-23T10:05:57.350+0000] {processor.py:925} INFO - DAG(s) 'extract_raw_data_pipeline' retrieved from /opt/airflow/dags/driven_data_pipeline.py
[2025-11-23T10:05:57.420+0000] {logging_mixin.py:190} INFO - [2025-11-23T10:05:57.420+0000] {dag.py:3239} INFO - Sync 1 DAGs
[2025-11-23T10:05:57.470+0000] {logging_mixin.py:190} INFO - [2025-11-23T10:05:57.469+0000] {dag.py:4180} INFO - Setting next_dagrun for extract_raw_data_pipeline to 2025-11-23 07:00:00+00:00, run_after=2025-11-24 07:00:00+00:00
[2025-11-23T10:05:57.506+0000] {processor.py:208} INFO - Processing /opt/airflow/dags/driven_data_pipeline.py took 0.217 seconds
[2025-11-23T10:06:27.591+0000] {processor.py:186} INFO - Started process (PID=102) to work on /opt/airflow/dags/driven_data_pipeline.py
[2025-11-23T10:06:27.594+0000] {processor.py:914} INFO - Processing file /opt/airflow/dags/driven_data_pipeline.py for tasks to queue
[2025-11-23T10:06:27.600+0000] {logging_mixin.py:190} INFO - [2025-11-23T10:06:27.599+0000] {dagbag.py:588} INFO - Filling up the DagBag from /opt/airflow/dags/driven_data_pipeline.py
[2025-11-23T10:06:27.644+0000] {processor.py:925} INFO - DAG(s) 'extract_raw_data_pipeline' retrieved from /opt/airflow/dags/driven_data_pipeline.py
[2025-11-23T10:06:27.714+0000] {logging_mixin.py:190} INFO - [2025-11-23T10:06:27.714+0000] {dag.py:3239} INFO - Sync 1 DAGs
[2025-11-23T10:06:27.758+0000] {logging_mixin.py:190} INFO - [2025-11-23T10:06:27.758+0000] {dag.py:4180} INFO - Setting next_dagrun for extract_raw_data_pipeline to 2025-11-23 07:00:00+00:00, run_after=2025-11-24 07:00:00+00:00
[2025-11-23T10:06:27.794+0000] {processor.py:208} INFO - Processing /opt/airflow/dags/driven_data_pipeline.py took 0.216 seconds
[2025-11-23T10:06:58.108+0000] {processor.py:186} INFO - Started process (PID=109) to work on /opt/airflow/dags/driven_data_pipeline.py
[2025-11-23T10:06:58.113+0000] {processor.py:914} INFO - Processing file /opt/airflow/dags/driven_data_pipeline.py for tasks to queue
[2025-11-23T10:06:58.122+0000] {logging_mixin.py:190} INFO - [2025-11-23T10:06:58.120+0000] {dagbag.py:588} INFO - Filling up the DagBag from /opt/airflow/dags/driven_data_pipeline.py
[2025-11-23T10:06:58.163+0000] {processor.py:925} INFO - DAG(s) 'extract_raw_data_pipeline' retrieved from /opt/airflow/dags/driven_data_pipeline.py
[2025-11-23T10:06:58.221+0000] {logging_mixin.py:190} INFO - [2025-11-23T10:06:58.221+0000] {dag.py:3239} INFO - Sync 1 DAGs
[2025-11-23T10:06:58.327+0000] {logging_mixin.py:190} INFO - [2025-11-23T10:06:58.327+0000] {dag.py:4180} INFO - Setting next_dagrun for extract_raw_data_pipeline to 2025-11-23 07:00:00+00:00, run_after=2025-11-24 07:00:00+00:00
[2025-11-23T10:06:58.394+0000] {processor.py:208} INFO - Processing /opt/airflow/dags/driven_data_pipeline.py took 0.300 seconds
[2025-11-23T10:07:28.447+0000] {processor.py:186} INFO - Started process (PID=116) to work on /opt/airflow/dags/driven_data_pipeline.py
[2025-11-23T10:07:28.449+0000] {processor.py:914} INFO - Processing file /opt/airflow/dags/driven_data_pipeline.py for tasks to queue
[2025-11-23T10:07:28.455+0000] {logging_mixin.py:190} INFO - [2025-11-23T10:07:28.455+0000] {dagbag.py:588} INFO - Filling up the DagBag from /opt/airflow/dags/driven_data_pipeline.py
[2025-11-23T10:07:28.491+0000] {processor.py:925} INFO - DAG(s) 'extract_raw_data_pipeline' retrieved from /opt/airflow/dags/driven_data_pipeline.py
[2025-11-23T10:07:28.557+0000] {logging_mixin.py:190} INFO - [2025-11-23T10:07:28.556+0000] {dag.py:3239} INFO - Sync 1 DAGs
[2025-11-23T10:07:28.603+0000] {logging_mixin.py:190} INFO - [2025-11-23T10:07:28.603+0000] {dag.py:4180} INFO - Setting next_dagrun for extract_raw_data_pipeline to 2025-11-23 07:00:00+00:00, run_after=2025-11-24 07:00:00+00:00
[2025-11-23T10:07:28.634+0000] {processor.py:208} INFO - Processing /opt/airflow/dags/driven_data_pipeline.py took 0.200 seconds
[2025-11-23T10:07:58.739+0000] {processor.py:186} INFO - Started process (PID=123) to work on /opt/airflow/dags/driven_data_pipeline.py
[2025-11-23T10:07:58.742+0000] {processor.py:914} INFO - Processing file /opt/airflow/dags/driven_data_pipeline.py for tasks to queue
[2025-11-23T10:07:58.747+0000] {logging_mixin.py:190} INFO - [2025-11-23T10:07:58.746+0000] {dagbag.py:588} INFO - Filling up the DagBag from /opt/airflow/dags/driven_data_pipeline.py
[2025-11-23T10:07:58.790+0000] {processor.py:925} INFO - DAG(s) 'extract_raw_data_pipeline' retrieved from /opt/airflow/dags/driven_data_pipeline.py
[2025-11-23T10:07:58.912+0000] {logging_mixin.py:190} INFO - [2025-11-23T10:07:58.911+0000] {dag.py:3239} INFO - Sync 1 DAGs
[2025-11-23T10:07:59.697+0000] {logging_mixin.py:190} INFO - [2025-11-23T10:07:59.696+0000] {dag.py:4180} INFO - Setting next_dagrun for extract_raw_data_pipeline to 2025-11-23 07:00:00+00:00, run_after=2025-11-24 07:00:00+00:00
[2025-11-23T10:07:59.735+0000] {processor.py:208} INFO - Processing /opt/airflow/dags/driven_data_pipeline.py took 1.011 seconds
[2025-11-23T10:08:30.064+0000] {processor.py:186} INFO - Started process (PID=130) to work on /opt/airflow/dags/driven_data_pipeline.py
[2025-11-23T10:08:30.070+0000] {processor.py:914} INFO - Processing file /opt/airflow/dags/driven_data_pipeline.py for tasks to queue
[2025-11-23T10:08:30.074+0000] {logging_mixin.py:190} INFO - [2025-11-23T10:08:30.073+0000] {dagbag.py:588} INFO - Filling up the DagBag from /opt/airflow/dags/driven_data_pipeline.py
[2025-11-23T10:08:30.110+0000] {processor.py:925} INFO - DAG(s) 'extract_raw_data_pipeline' retrieved from /opt/airflow/dags/driven_data_pipeline.py
[2025-11-23T10:08:30.189+0000] {logging_mixin.py:190} INFO - [2025-11-23T10:08:30.188+0000] {dag.py:3239} INFO - Sync 1 DAGs
[2025-11-23T10:08:30.723+0000] {logging_mixin.py:190} INFO - [2025-11-23T10:08:30.721+0000] {dag.py:4180} INFO - Setting next_dagrun for extract_raw_data_pipeline to 2025-11-23 07:00:00+00:00, run_after=2025-11-24 07:00:00+00:00
[2025-11-23T10:08:30.796+0000] {processor.py:208} INFO - Processing /opt/airflow/dags/driven_data_pipeline.py took 0.744 seconds
[2025-11-23T10:09:01.233+0000] {processor.py:186} INFO - Started process (PID=137) to work on /opt/airflow/dags/driven_data_pipeline.py
[2025-11-23T10:09:01.236+0000] {processor.py:914} INFO - Processing file /opt/airflow/dags/driven_data_pipeline.py for tasks to queue
[2025-11-23T10:09:01.241+0000] {logging_mixin.py:190} INFO - [2025-11-23T10:09:01.240+0000] {dagbag.py:588} INFO - Filling up the DagBag from /opt/airflow/dags/driven_data_pipeline.py
[2025-11-23T10:09:01.281+0000] {processor.py:925} INFO - DAG(s) 'extract_raw_data_pipeline' retrieved from /opt/airflow/dags/driven_data_pipeline.py
[2025-11-23T10:09:01.868+0000] {logging_mixin.py:190} INFO - [2025-11-23T10:09:01.867+0000] {dag.py:3239} INFO - Sync 1 DAGs
[2025-11-23T10:09:01.898+0000] {logging_mixin.py:190} INFO - [2025-11-23T10:09:01.898+0000] {dag.py:4180} INFO - Setting next_dagrun for extract_raw_data_pipeline to 2025-11-23 07:00:00+00:00, run_after=2025-11-24 07:00:00+00:00
[2025-11-23T10:09:01.920+0000] {processor.py:208} INFO - Processing /opt/airflow/dags/driven_data_pipeline.py took 0.701 seconds
[2025-11-23T10:09:32.315+0000] {processor.py:186} INFO - Started process (PID=144) to work on /opt/airflow/dags/driven_data_pipeline.py
[2025-11-23T10:09:32.317+0000] {processor.py:914} INFO - Processing file /opt/airflow/dags/driven_data_pipeline.py for tasks to queue
[2025-11-23T10:09:32.321+0000] {logging_mixin.py:190} INFO - [2025-11-23T10:09:32.320+0000] {dagbag.py:588} INFO - Filling up the DagBag from /opt/airflow/dags/driven_data_pipeline.py
[2025-11-23T10:09:32.356+0000] {processor.py:925} INFO - DAG(s) 'extract_raw_data_pipeline' retrieved from /opt/airflow/dags/driven_data_pipeline.py
[2025-11-23T10:09:32.410+0000] {logging_mixin.py:190} INFO - [2025-11-23T10:09:32.410+0000] {dag.py:3239} INFO - Sync 1 DAGs
[2025-11-23T10:09:32.451+0000] {logging_mixin.py:190} INFO - [2025-11-23T10:09:32.451+0000] {dag.py:4180} INFO - Setting next_dagrun for extract_raw_data_pipeline to 2025-11-23 07:00:00+00:00, run_after=2025-11-24 07:00:00+00:00
[2025-11-23T10:09:32.488+0000] {processor.py:208} INFO - Processing /opt/airflow/dags/driven_data_pipeline.py took 0.185 seconds
[2025-11-23T10:10:02.613+0000] {processor.py:186} INFO - Started process (PID=151) to work on /opt/airflow/dags/driven_data_pipeline.py
[2025-11-23T10:10:02.615+0000] {processor.py:914} INFO - Processing file /opt/airflow/dags/driven_data_pipeline.py for tasks to queue
[2025-11-23T10:10:02.620+0000] {logging_mixin.py:190} INFO - [2025-11-23T10:10:02.619+0000] {dagbag.py:588} INFO - Filling up the DagBag from /opt/airflow/dags/driven_data_pipeline.py
[2025-11-23T10:10:02.651+0000] {processor.py:925} INFO - DAG(s) 'extract_raw_data_pipeline' retrieved from /opt/airflow/dags/driven_data_pipeline.py
[2025-11-23T10:10:02.708+0000] {logging_mixin.py:190} INFO - [2025-11-23T10:10:02.708+0000] {dag.py:3239} INFO - Sync 1 DAGs
[2025-11-23T10:10:02.748+0000] {logging_mixin.py:190} INFO - [2025-11-23T10:10:02.748+0000] {dag.py:4180} INFO - Setting next_dagrun for extract_raw_data_pipeline to 2025-11-23 07:00:00+00:00, run_after=2025-11-24 07:00:00+00:00
[2025-11-23T10:10:02.779+0000] {processor.py:208} INFO - Processing /opt/airflow/dags/driven_data_pipeline.py took 0.179 seconds
[2025-11-23T10:10:32.912+0000] {processor.py:186} INFO - Started process (PID=158) to work on /opt/airflow/dags/driven_data_pipeline.py
[2025-11-23T10:10:32.916+0000] {processor.py:914} INFO - Processing file /opt/airflow/dags/driven_data_pipeline.py for tasks to queue
[2025-11-23T10:10:32.921+0000] {logging_mixin.py:190} INFO - [2025-11-23T10:10:32.920+0000] {dagbag.py:588} INFO - Filling up the DagBag from /opt/airflow/dags/driven_data_pipeline.py
[2025-11-23T10:10:32.952+0000] {processor.py:925} INFO - DAG(s) 'extract_raw_data_pipeline' retrieved from /opt/airflow/dags/driven_data_pipeline.py
[2025-11-23T10:10:33.007+0000] {logging_mixin.py:190} INFO - [2025-11-23T10:10:33.006+0000] {dag.py:3239} INFO - Sync 1 DAGs
[2025-11-23T10:10:33.048+0000] {logging_mixin.py:190} INFO - [2025-11-23T10:10:33.048+0000] {dag.py:4180} INFO - Setting next_dagrun for extract_raw_data_pipeline to 2025-11-23 07:00:00+00:00, run_after=2025-11-24 07:00:00+00:00
[2025-11-23T10:10:33.331+0000] {processor.py:208} INFO - Processing /opt/airflow/dags/driven_data_pipeline.py took 0.432 seconds
[2025-11-23T10:11:03.652+0000] {processor.py:186} INFO - Started process (PID=165) to work on /opt/airflow/dags/driven_data_pipeline.py
[2025-11-23T10:11:03.654+0000] {processor.py:914} INFO - Processing file /opt/airflow/dags/driven_data_pipeline.py for tasks to queue
[2025-11-23T10:11:03.659+0000] {logging_mixin.py:190} INFO - [2025-11-23T10:11:03.658+0000] {dagbag.py:588} INFO - Filling up the DagBag from /opt/airflow/dags/driven_data_pipeline.py
[2025-11-23T10:11:03.701+0000] {processor.py:925} INFO - DAG(s) 'extract_raw_data_pipeline' retrieved from /opt/airflow/dags/driven_data_pipeline.py
[2025-11-23T10:11:03.756+0000] {logging_mixin.py:190} INFO - [2025-11-23T10:11:03.756+0000] {dag.py:3239} INFO - Sync 1 DAGs
[2025-11-23T10:11:04.180+0000] {logging_mixin.py:190} INFO - [2025-11-23T10:11:04.179+0000] {dag.py:4180} INFO - Setting next_dagrun for extract_raw_data_pipeline to 2025-11-23 07:00:00+00:00, run_after=2025-11-24 07:00:00+00:00
[2025-11-23T10:11:04.203+0000] {processor.py:208} INFO - Processing /opt/airflow/dags/driven_data_pipeline.py took 0.565 seconds
[2025-11-23T10:11:34.560+0000] {processor.py:186} INFO - Started process (PID=171) to work on /opt/airflow/dags/driven_data_pipeline.py
[2025-11-23T10:11:34.563+0000] {processor.py:914} INFO - Processing file /opt/airflow/dags/driven_data_pipeline.py for tasks to queue
[2025-11-23T10:11:34.567+0000] {logging_mixin.py:190} INFO - [2025-11-23T10:11:34.566+0000] {dagbag.py:588} INFO - Filling up the DagBag from /opt/airflow/dags/driven_data_pipeline.py
[2025-11-23T10:11:34.595+0000] {processor.py:925} INFO - DAG(s) 'extract_raw_data_pipeline' retrieved from /opt/airflow/dags/driven_data_pipeline.py
[2025-11-23T10:11:34.988+0000] {logging_mixin.py:190} INFO - [2025-11-23T10:11:34.987+0000] {dag.py:3239} INFO - Sync 1 DAGs
[2025-11-23T10:11:35.029+0000] {logging_mixin.py:190} INFO - [2025-11-23T10:11:35.029+0000] {dag.py:4180} INFO - Setting next_dagrun for extract_raw_data_pipeline to 2025-11-23 07:00:00+00:00, run_after=2025-11-24 07:00:00+00:00
[2025-11-23T10:11:35.054+0000] {processor.py:208} INFO - Processing /opt/airflow/dags/driven_data_pipeline.py took 0.506 seconds
[2025-11-23T10:12:05.564+0000] {processor.py:186} INFO - Started process (PID=178) to work on /opt/airflow/dags/driven_data_pipeline.py
[2025-11-23T10:12:05.567+0000] {processor.py:914} INFO - Processing file /opt/airflow/dags/driven_data_pipeline.py for tasks to queue
[2025-11-23T10:12:05.574+0000] {logging_mixin.py:190} INFO - [2025-11-23T10:12:05.573+0000] {dagbag.py:588} INFO - Filling up the DagBag from /opt/airflow/dags/driven_data_pipeline.py
[2025-11-23T10:12:05.626+0000] {processor.py:925} INFO - DAG(s) 'extract_raw_data_pipeline' retrieved from /opt/airflow/dags/driven_data_pipeline.py
[2025-11-23T10:12:06.112+0000] {logging_mixin.py:190} INFO - [2025-11-23T10:12:06.111+0000] {dag.py:3239} INFO - Sync 1 DAGs
[2025-11-23T10:12:06.146+0000] {logging_mixin.py:190} INFO - [2025-11-23T10:12:06.146+0000] {dag.py:4180} INFO - Setting next_dagrun for extract_raw_data_pipeline to 2025-11-23 07:00:00+00:00, run_after=2025-11-24 07:00:00+00:00
[2025-11-23T10:12:06.169+0000] {processor.py:208} INFO - Processing /opt/airflow/dags/driven_data_pipeline.py took 0.635 seconds
[2025-11-23T10:12:36.556+0000] {processor.py:186} INFO - Started process (PID=185) to work on /opt/airflow/dags/driven_data_pipeline.py
[2025-11-23T10:12:36.558+0000] {processor.py:914} INFO - Processing file /opt/airflow/dags/driven_data_pipeline.py for tasks to queue
[2025-11-23T10:12:36.562+0000] {logging_mixin.py:190} INFO - [2025-11-23T10:12:36.561+0000] {dagbag.py:588} INFO - Filling up the DagBag from /opt/airflow/dags/driven_data_pipeline.py
[2025-11-23T10:12:36.589+0000] {processor.py:925} INFO - DAG(s) 'extract_raw_data_pipeline' retrieved from /opt/airflow/dags/driven_data_pipeline.py
[2025-11-23T10:12:36.647+0000] {logging_mixin.py:190} INFO - [2025-11-23T10:12:36.647+0000] {dag.py:3239} INFO - Sync 1 DAGs
[2025-11-23T10:12:36.690+0000] {logging_mixin.py:190} INFO - [2025-11-23T10:12:36.690+0000] {dag.py:4180} INFO - Setting next_dagrun for extract_raw_data_pipeline to 2025-11-23 07:00:00+00:00, run_after=2025-11-24 07:00:00+00:00
[2025-11-23T10:12:36.723+0000] {processor.py:208} INFO - Processing /opt/airflow/dags/driven_data_pipeline.py took 0.177 seconds
[2025-11-23T10:13:06.862+0000] {processor.py:186} INFO - Started process (PID=192) to work on /opt/airflow/dags/driven_data_pipeline.py
[2025-11-23T10:13:06.865+0000] {processor.py:914} INFO - Processing file /opt/airflow/dags/driven_data_pipeline.py for tasks to queue
[2025-11-23T10:13:06.872+0000] {logging_mixin.py:190} INFO - [2025-11-23T10:13:06.869+0000] {dagbag.py:588} INFO - Filling up the DagBag from /opt/airflow/dags/driven_data_pipeline.py
[2025-11-23T10:13:06.912+0000] {processor.py:925} INFO - DAG(s) 'extract_raw_data_pipeline' retrieved from /opt/airflow/dags/driven_data_pipeline.py
[2025-11-23T10:13:07.039+0000] {logging_mixin.py:190} INFO - [2025-11-23T10:13:07.039+0000] {dag.py:3239} INFO - Sync 1 DAGs
[2025-11-23T10:13:07.084+0000] {logging_mixin.py:190} INFO - [2025-11-23T10:13:07.084+0000] {dag.py:4180} INFO - Setting next_dagrun for extract_raw_data_pipeline to 2025-11-23 07:00:00+00:00, run_after=2025-11-24 07:00:00+00:00
[2025-11-23T10:13:07.119+0000] {processor.py:208} INFO - Processing /opt/airflow/dags/driven_data_pipeline.py took 0.273 seconds
[2025-11-23T10:13:37.396+0000] {processor.py:186} INFO - Started process (PID=199) to work on /opt/airflow/dags/driven_data_pipeline.py
[2025-11-23T10:13:37.399+0000] {processor.py:914} INFO - Processing file /opt/airflow/dags/driven_data_pipeline.py for tasks to queue
[2025-11-23T10:13:37.403+0000] {logging_mixin.py:190} INFO - [2025-11-23T10:13:37.402+0000] {dagbag.py:588} INFO - Filling up the DagBag from /opt/airflow/dags/driven_data_pipeline.py
[2025-11-23T10:13:37.430+0000] {processor.py:925} INFO - DAG(s) 'extract_raw_data_pipeline' retrieved from /opt/airflow/dags/driven_data_pipeline.py
[2025-11-23T10:13:37.476+0000] {logging_mixin.py:190} INFO - [2025-11-23T10:13:37.476+0000] {dag.py:3239} INFO - Sync 1 DAGs
[2025-11-23T10:13:37.519+0000] {logging_mixin.py:190} INFO - [2025-11-23T10:13:37.518+0000] {dag.py:4180} INFO - Setting next_dagrun for extract_raw_data_pipeline to 2025-11-23 07:00:00+00:00, run_after=2025-11-24 07:00:00+00:00
[2025-11-23T10:13:37.821+0000] {processor.py:208} INFO - Processing /opt/airflow/dags/driven_data_pipeline.py took 0.438 seconds
[2025-11-23T10:14:07.958+0000] {processor.py:186} INFO - Started process (PID=206) to work on /opt/airflow/dags/driven_data_pipeline.py
[2025-11-23T10:14:07.960+0000] {processor.py:914} INFO - Processing file /opt/airflow/dags/driven_data_pipeline.py for tasks to queue
[2025-11-23T10:14:07.964+0000] {logging_mixin.py:190} INFO - [2025-11-23T10:14:07.964+0000] {dagbag.py:588} INFO - Filling up the DagBag from /opt/airflow/dags/driven_data_pipeline.py
[2025-11-23T10:14:07.997+0000] {processor.py:925} INFO - DAG(s) 'extract_raw_data_pipeline' retrieved from /opt/airflow/dags/driven_data_pipeline.py
[2025-11-23T10:14:08.053+0000] {logging_mixin.py:190} INFO - [2025-11-23T10:14:08.052+0000] {dag.py:3239} INFO - Sync 1 DAGs
[2025-11-23T10:14:08.374+0000] {logging_mixin.py:190} INFO - [2025-11-23T10:14:08.371+0000] {dag.py:4180} INFO - Setting next_dagrun for extract_raw_data_pipeline to 2025-11-23 07:00:00+00:00, run_after=2025-11-24 07:00:00+00:00
[2025-11-23T10:14:08.403+0000] {processor.py:208} INFO - Processing /opt/airflow/dags/driven_data_pipeline.py took 0.528 seconds
[2025-11-23T10:14:38.472+0000] {processor.py:186} INFO - Started process (PID=213) to work on /opt/airflow/dags/driven_data_pipeline.py
[2025-11-23T10:14:38.475+0000] {processor.py:914} INFO - Processing file /opt/airflow/dags/driven_data_pipeline.py for tasks to queue
[2025-11-23T10:14:38.479+0000] {logging_mixin.py:190} INFO - [2025-11-23T10:14:38.478+0000] {dagbag.py:588} INFO - Filling up the DagBag from /opt/airflow/dags/driven_data_pipeline.py
[2025-11-23T10:14:38.504+0000] {processor.py:925} INFO - DAG(s) 'extract_raw_data_pipeline' retrieved from /opt/airflow/dags/driven_data_pipeline.py
[2025-11-23T10:14:38.758+0000] {logging_mixin.py:190} INFO - [2025-11-23T10:14:38.757+0000] {dag.py:3239} INFO - Sync 1 DAGs
[2025-11-23T10:14:38.794+0000] {logging_mixin.py:190} INFO - [2025-11-23T10:14:38.793+0000] {dag.py:4180} INFO - Setting next_dagrun for extract_raw_data_pipeline to 2025-11-23 07:00:00+00:00, run_after=2025-11-24 07:00:00+00:00
[2025-11-23T10:14:38.816+0000] {processor.py:208} INFO - Processing /opt/airflow/dags/driven_data_pipeline.py took 0.357 seconds
[2025-11-23T10:15:09.045+0000] {processor.py:186} INFO - Started process (PID=220) to work on /opt/airflow/dags/driven_data_pipeline.py
[2025-11-23T10:15:09.047+0000] {processor.py:914} INFO - Processing file /opt/airflow/dags/driven_data_pipeline.py for tasks to queue
[2025-11-23T10:15:09.051+0000] {logging_mixin.py:190} INFO - [2025-11-23T10:15:09.050+0000] {dagbag.py:588} INFO - Filling up the DagBag from /opt/airflow/dags/driven_data_pipeline.py
[2025-11-23T10:15:09.078+0000] {processor.py:925} INFO - DAG(s) 'extract_raw_data_pipeline' retrieved from /opt/airflow/dags/driven_data_pipeline.py
[2025-11-23T10:15:09.129+0000] {logging_mixin.py:190} INFO - [2025-11-23T10:15:09.129+0000] {dag.py:3239} INFO - Sync 1 DAGs
[2025-11-23T10:15:09.161+0000] {logging_mixin.py:190} INFO - [2025-11-23T10:15:09.161+0000] {dag.py:4180} INFO - Setting next_dagrun for extract_raw_data_pipeline to 2025-11-23 07:00:00+00:00, run_after=2025-11-24 07:00:00+00:00
[2025-11-23T10:15:09.186+0000] {processor.py:208} INFO - Processing /opt/airflow/dags/driven_data_pipeline.py took 0.153 seconds
[2025-11-23T10:15:39.404+0000] {processor.py:186} INFO - Started process (PID=227) to work on /opt/airflow/dags/driven_data_pipeline.py
[2025-11-23T10:15:39.407+0000] {processor.py:914} INFO - Processing file /opt/airflow/dags/driven_data_pipeline.py for tasks to queue
[2025-11-23T10:15:39.410+0000] {logging_mixin.py:190} INFO - [2025-11-23T10:15:39.409+0000] {dagbag.py:588} INFO - Filling up the DagBag from /opt/airflow/dags/driven_data_pipeline.py
[2025-11-23T10:15:39.434+0000] {processor.py:925} INFO - DAG(s) 'extract_raw_data_pipeline' retrieved from /opt/airflow/dags/driven_data_pipeline.py
[2025-11-23T10:15:39.479+0000] {logging_mixin.py:190} INFO - [2025-11-23T10:15:39.478+0000] {dag.py:3239} INFO - Sync 1 DAGs
[2025-11-23T10:15:39.511+0000] {logging_mixin.py:190} INFO - [2025-11-23T10:15:39.511+0000] {dag.py:4180} INFO - Setting next_dagrun for extract_raw_data_pipeline to 2025-11-23 07:00:00+00:00, run_after=2025-11-24 07:00:00+00:00
[2025-11-23T10:15:39.537+0000] {processor.py:208} INFO - Processing /opt/airflow/dags/driven_data_pipeline.py took 0.143 seconds
[2025-11-23T10:16:09.784+0000] {processor.py:186} INFO - Started process (PID=234) to work on /opt/airflow/dags/driven_data_pipeline.py
[2025-11-23T10:16:09.786+0000] {processor.py:914} INFO - Processing file /opt/airflow/dags/driven_data_pipeline.py for tasks to queue
[2025-11-23T10:16:09.791+0000] {logging_mixin.py:190} INFO - [2025-11-23T10:16:09.790+0000] {dagbag.py:588} INFO - Filling up the DagBag from /opt/airflow/dags/driven_data_pipeline.py
[2025-11-23T10:16:09.831+0000] {processor.py:925} INFO - DAG(s) 'extract_raw_data_pipeline' retrieved from /opt/airflow/dags/driven_data_pipeline.py
[2025-11-23T10:16:09.917+0000] {logging_mixin.py:190} INFO - [2025-11-23T10:16:09.913+0000] {dag.py:3239} INFO - Sync 1 DAGs
[2025-11-23T10:16:09.973+0000] {logging_mixin.py:190} INFO - [2025-11-23T10:16:09.973+0000] {dag.py:4180} INFO - Setting next_dagrun for extract_raw_data_pipeline to 2025-11-23 07:00:00+00:00, run_after=2025-11-24 07:00:00+00:00
[2025-11-23T10:16:10.537+0000] {processor.py:208} INFO - Processing /opt/airflow/dags/driven_data_pipeline.py took 0.762 seconds
[2025-11-23T10:16:40.925+0000] {processor.py:186} INFO - Started process (PID=241) to work on /opt/airflow/dags/driven_data_pipeline.py
[2025-11-23T10:16:40.928+0000] {processor.py:914} INFO - Processing file /opt/airflow/dags/driven_data_pipeline.py for tasks to queue
[2025-11-23T10:16:40.932+0000] {logging_mixin.py:190} INFO - [2025-11-23T10:16:40.932+0000] {dagbag.py:588} INFO - Filling up the DagBag from /opt/airflow/dags/driven_data_pipeline.py
[2025-11-23T10:16:40.965+0000] {processor.py:925} INFO - DAG(s) 'extract_raw_data_pipeline' retrieved from /opt/airflow/dags/driven_data_pipeline.py
[2025-11-23T10:16:41.021+0000] {logging_mixin.py:190} INFO - [2025-11-23T10:16:41.021+0000] {dag.py:3239} INFO - Sync 1 DAGs
[2025-11-23T10:16:41.276+0000] {logging_mixin.py:190} INFO - [2025-11-23T10:16:41.276+0000] {dag.py:4180} INFO - Setting next_dagrun for extract_raw_data_pipeline to 2025-11-23 07:00:00+00:00, run_after=2025-11-24 07:00:00+00:00
[2025-11-23T10:16:41.306+0000] {processor.py:208} INFO - Processing /opt/airflow/dags/driven_data_pipeline.py took 0.404 seconds
[2025-11-23T10:17:11.635+0000] {processor.py:186} INFO - Started process (PID=248) to work on /opt/airflow/dags/driven_data_pipeline.py
[2025-11-23T10:17:11.638+0000] {processor.py:914} INFO - Processing file /opt/airflow/dags/driven_data_pipeline.py for tasks to queue
[2025-11-23T10:17:11.641+0000] {logging_mixin.py:190} INFO - [2025-11-23T10:17:11.641+0000] {dagbag.py:588} INFO - Filling up the DagBag from /opt/airflow/dags/driven_data_pipeline.py
[2025-11-23T10:17:11.665+0000] {processor.py:925} INFO - DAG(s) 'extract_raw_data_pipeline' retrieved from /opt/airflow/dags/driven_data_pipeline.py
[2025-11-23T10:17:11.752+0000] {logging_mixin.py:190} INFO - [2025-11-23T10:17:11.752+0000] {dag.py:3239} INFO - Sync 1 DAGs
[2025-11-23T10:17:12.417+0000] {logging_mixin.py:190} INFO - [2025-11-23T10:17:12.413+0000] {dag.py:4180} INFO - Setting next_dagrun for extract_raw_data_pipeline to 2025-11-23 07:00:00+00:00, run_after=2025-11-24 07:00:00+00:00
[2025-11-23T10:17:12.473+0000] {processor.py:208} INFO - Processing /opt/airflow/dags/driven_data_pipeline.py took 0.846 seconds
[2025-11-23T10:17:42.854+0000] {processor.py:186} INFO - Started process (PID=255) to work on /opt/airflow/dags/driven_data_pipeline.py
[2025-11-23T10:17:42.856+0000] {processor.py:914} INFO - Processing file /opt/airflow/dags/driven_data_pipeline.py for tasks to queue
[2025-11-23T10:17:42.859+0000] {logging_mixin.py:190} INFO - [2025-11-23T10:17:42.859+0000] {dagbag.py:588} INFO - Filling up the DagBag from /opt/airflow/dags/driven_data_pipeline.py
[2025-11-23T10:17:42.884+0000] {processor.py:925} INFO - DAG(s) 'extract_raw_data_pipeline' retrieved from /opt/airflow/dags/driven_data_pipeline.py
[2025-11-23T10:17:43.146+0000] {logging_mixin.py:190} INFO - [2025-11-23T10:17:43.146+0000] {dag.py:3239} INFO - Sync 1 DAGs
[2025-11-23T10:17:43.175+0000] {logging_mixin.py:190} INFO - [2025-11-23T10:17:43.175+0000] {dag.py:4180} INFO - Setting next_dagrun for extract_raw_data_pipeline to 2025-11-23 07:00:00+00:00, run_after=2025-11-24 07:00:00+00:00
[2025-11-23T10:17:43.196+0000] {processor.py:208} INFO - Processing /opt/airflow/dags/driven_data_pipeline.py took 0.351 seconds
[2025-11-23T10:18:13.432+0000] {processor.py:186} INFO - Started process (PID=262) to work on /opt/airflow/dags/driven_data_pipeline.py
[2025-11-23T10:18:13.434+0000] {processor.py:914} INFO - Processing file /opt/airflow/dags/driven_data_pipeline.py for tasks to queue
[2025-11-23T10:18:13.438+0000] {logging_mixin.py:190} INFO - [2025-11-23T10:18:13.437+0000] {dagbag.py:588} INFO - Filling up the DagBag from /opt/airflow/dags/driven_data_pipeline.py
[2025-11-23T10:18:13.471+0000] {processor.py:925} INFO - DAG(s) 'extract_raw_data_pipeline' retrieved from /opt/airflow/dags/driven_data_pipeline.py
[2025-11-23T10:18:13.522+0000] {logging_mixin.py:190} INFO - [2025-11-23T10:18:13.521+0000] {dag.py:3239} INFO - Sync 1 DAGs
[2025-11-23T10:18:13.555+0000] {logging_mixin.py:190} INFO - [2025-11-23T10:18:13.555+0000] {dag.py:4180} INFO - Setting next_dagrun for extract_raw_data_pipeline to 2025-11-23 07:00:00+00:00, run_after=2025-11-24 07:00:00+00:00
[2025-11-23T10:18:13.580+0000] {processor.py:208} INFO - Processing /opt/airflow/dags/driven_data_pipeline.py took 0.161 seconds
[2025-11-23T10:18:43.907+0000] {processor.py:186} INFO - Started process (PID=269) to work on /opt/airflow/dags/driven_data_pipeline.py
[2025-11-23T10:18:43.910+0000] {processor.py:914} INFO - Processing file /opt/airflow/dags/driven_data_pipeline.py for tasks to queue
[2025-11-23T10:18:43.914+0000] {logging_mixin.py:190} INFO - [2025-11-23T10:18:43.914+0000] {dagbag.py:588} INFO - Filling up the DagBag from /opt/airflow/dags/driven_data_pipeline.py
[2025-11-23T10:18:43.945+0000] {processor.py:925} INFO - DAG(s) 'extract_raw_data_pipeline' retrieved from /opt/airflow/dags/driven_data_pipeline.py
[2025-11-23T10:18:43.998+0000] {logging_mixin.py:190} INFO - [2025-11-23T10:18:43.998+0000] {dag.py:3239} INFO - Sync 1 DAGs
[2025-11-23T10:18:44.074+0000] {logging_mixin.py:190} INFO - [2025-11-23T10:18:44.074+0000] {dag.py:4180} INFO - Setting next_dagrun for extract_raw_data_pipeline to 2025-11-23 07:00:00+00:00, run_after=2025-11-24 07:00:00+00:00
[2025-11-23T10:18:44.119+0000] {processor.py:208} INFO - Processing /opt/airflow/dags/driven_data_pipeline.py took 0.224 seconds
[2025-11-23T10:19:14.238+0000] {processor.py:186} INFO - Started process (PID=276) to work on /opt/airflow/dags/driven_data_pipeline.py
[2025-11-23T10:19:14.240+0000] {processor.py:914} INFO - Processing file /opt/airflow/dags/driven_data_pipeline.py for tasks to queue
[2025-11-23T10:19:14.244+0000] {logging_mixin.py:190} INFO - [2025-11-23T10:19:14.243+0000] {dagbag.py:588} INFO - Filling up the DagBag from /opt/airflow/dags/driven_data_pipeline.py
[2025-11-23T10:19:14.268+0000] {processor.py:925} INFO - DAG(s) 'extract_raw_data_pipeline' retrieved from /opt/airflow/dags/driven_data_pipeline.py
[2025-11-23T10:19:14.316+0000] {logging_mixin.py:190} INFO - [2025-11-23T10:19:14.316+0000] {dag.py:3239} INFO - Sync 1 DAGs
[2025-11-23T10:19:14.350+0000] {logging_mixin.py:190} INFO - [2025-11-23T10:19:14.349+0000] {dag.py:4180} INFO - Setting next_dagrun for extract_raw_data_pipeline to 2025-11-23 07:00:00+00:00, run_after=2025-11-24 07:00:00+00:00
[2025-11-23T10:19:14.622+0000] {processor.py:208} INFO - Processing /opt/airflow/dags/driven_data_pipeline.py took 0.403 seconds
[2025-11-23T10:19:44.703+0000] {processor.py:186} INFO - Started process (PID=283) to work on /opt/airflow/dags/driven_data_pipeline.py
[2025-11-23T10:19:44.706+0000] {processor.py:914} INFO - Processing file /opt/airflow/dags/driven_data_pipeline.py for tasks to queue
[2025-11-23T10:19:44.711+0000] {logging_mixin.py:190} INFO - [2025-11-23T10:19:44.711+0000] {dagbag.py:588} INFO - Filling up the DagBag from /opt/airflow/dags/driven_data_pipeline.py
[2025-11-23T10:19:44.745+0000] {processor.py:925} INFO - DAG(s) 'extract_raw_data_pipeline' retrieved from /opt/airflow/dags/driven_data_pipeline.py
[2025-11-23T10:19:44.817+0000] {logging_mixin.py:190} INFO - [2025-11-23T10:19:44.816+0000] {dag.py:3239} INFO - Sync 1 DAGs
[2025-11-23T10:19:45.066+0000] {logging_mixin.py:190} INFO - [2025-11-23T10:19:45.066+0000] {dag.py:4180} INFO - Setting next_dagrun for extract_raw_data_pipeline to 2025-11-23 07:00:00+00:00, run_after=2025-11-24 07:00:00+00:00
[2025-11-23T10:19:45.093+0000] {processor.py:208} INFO - Processing /opt/airflow/dags/driven_data_pipeline.py took 0.401 seconds
[2025-11-23T10:20:15.302+0000] {processor.py:186} INFO - Started process (PID=290) to work on /opt/airflow/dags/driven_data_pipeline.py
[2025-11-23T10:20:15.307+0000] {processor.py:914} INFO - Processing file /opt/airflow/dags/driven_data_pipeline.py for tasks to queue
[2025-11-23T10:20:15.312+0000] {logging_mixin.py:190} INFO - [2025-11-23T10:20:15.311+0000] {dagbag.py:588} INFO - Filling up the DagBag from /opt/airflow/dags/driven_data_pipeline.py
[2025-11-23T10:20:15.341+0000] {processor.py:925} INFO - DAG(s) 'extract_raw_data_pipeline' retrieved from /opt/airflow/dags/driven_data_pipeline.py
[2025-11-23T10:20:15.902+0000] {logging_mixin.py:190} INFO - [2025-11-23T10:20:15.894+0000] {dag.py:3239} INFO - Sync 1 DAGs
[2025-11-23T10:20:16.453+0000] {logging_mixin.py:190} INFO - [2025-11-23T10:20:16.443+0000] {dag.py:4180} INFO - Setting next_dagrun for extract_raw_data_pipeline to 2025-11-23 07:00:00+00:00, run_after=2025-11-24 07:00:00+00:00
[2025-11-23T10:20:16.726+0000] {processor.py:208} INFO - Processing /opt/airflow/dags/driven_data_pipeline.py took 1.432 seconds
[2025-11-23T10:20:47.095+0000] {processor.py:186} INFO - Started process (PID=297) to work on /opt/airflow/dags/driven_data_pipeline.py
[2025-11-23T10:20:47.099+0000] {processor.py:914} INFO - Processing file /opt/airflow/dags/driven_data_pipeline.py for tasks to queue
[2025-11-23T10:20:47.103+0000] {logging_mixin.py:190} INFO - [2025-11-23T10:20:47.102+0000] {dagbag.py:588} INFO - Filling up the DagBag from /opt/airflow/dags/driven_data_pipeline.py
[2025-11-23T10:20:47.372+0000] {processor.py:925} INFO - DAG(s) 'extract_raw_data_pipeline' retrieved from /opt/airflow/dags/driven_data_pipeline.py
[2025-11-23T10:20:47.423+0000] {logging_mixin.py:190} INFO - [2025-11-23T10:20:47.422+0000] {dag.py:3239} INFO - Sync 1 DAGs
[2025-11-23T10:20:47.454+0000] {logging_mixin.py:190} INFO - [2025-11-23T10:20:47.454+0000] {dag.py:4180} INFO - Setting next_dagrun for extract_raw_data_pipeline to 2025-11-23 07:00:00+00:00, run_after=2025-11-24 07:00:00+00:00
[2025-11-23T10:20:47.478+0000] {processor.py:208} INFO - Processing /opt/airflow/dags/driven_data_pipeline.py took 0.395 seconds
[2025-11-23T10:21:18.362+0000] {processor.py:186} INFO - Started process (PID=305) to work on /opt/airflow/dags/driven_data_pipeline.py
[2025-11-23T10:21:18.364+0000] {processor.py:914} INFO - Processing file /opt/airflow/dags/driven_data_pipeline.py for tasks to queue
[2025-11-23T10:21:18.368+0000] {logging_mixin.py:190} INFO - [2025-11-23T10:21:18.367+0000] {dagbag.py:588} INFO - Filling up the DagBag from /opt/airflow/dags/driven_data_pipeline.py
[2025-11-23T10:21:18.393+0000] {processor.py:925} INFO - DAG(s) 'extract_raw_data_pipeline' retrieved from /opt/airflow/dags/driven_data_pipeline.py
[2025-11-23T10:21:18.442+0000] {logging_mixin.py:190} INFO - [2025-11-23T10:21:18.442+0000] {dag.py:3239} INFO - Sync 1 DAGs
[2025-11-23T10:21:18.476+0000] {logging_mixin.py:190} INFO - [2025-11-23T10:21:18.476+0000] {dag.py:4180} INFO - Setting next_dagrun for extract_raw_data_pipeline to 2025-11-23 07:00:00+00:00, run_after=2025-11-24 07:00:00+00:00
[2025-11-23T10:21:18.502+0000] {processor.py:208} INFO - Processing /opt/airflow/dags/driven_data_pipeline.py took 0.152 seconds
[2025-11-23T10:21:23.427+0000] {processor.py:186} INFO - Started process (PID=312) to work on /opt/airflow/dags/driven_data_pipeline.py
[2025-11-23T10:21:23.429+0000] {processor.py:914} INFO - Processing file /opt/airflow/dags/driven_data_pipeline.py for tasks to queue
[2025-11-23T10:21:23.436+0000] {logging_mixin.py:190} INFO - [2025-11-23T10:21:23.434+0000] {dagbag.py:588} INFO - Filling up the DagBag from /opt/airflow/dags/driven_data_pipeline.py
[2025-11-23T10:21:23.476+0000] {processor.py:925} INFO - DAG(s) 'extract_raw_data_pipeline' retrieved from /opt/airflow/dags/driven_data_pipeline.py
[2025-11-23T10:21:23.776+0000] {logging_mixin.py:190} INFO - [2025-11-23T10:21:23.776+0000] {dag.py:3239} INFO - Sync 1 DAGs
[2025-11-23T10:21:23.810+0000] {logging_mixin.py:190} INFO - [2025-11-23T10:21:23.810+0000] {dag.py:4180} INFO - Setting next_dagrun for extract_raw_data_pipeline to 2025-11-23 07:00:00+00:00, run_after=2025-11-24 07:00:00+00:00
[2025-11-23T10:21:23.837+0000] {processor.py:208} INFO - Processing /opt/airflow/dags/driven_data_pipeline.py took 0.421 seconds
[2025-11-23T10:21:36.723+0000] {processor.py:186} INFO - Started process (PID=313) to work on /opt/airflow/dags/driven_data_pipeline.py
[2025-11-23T10:21:36.727+0000] {processor.py:914} INFO - Processing file /opt/airflow/dags/driven_data_pipeline.py for tasks to queue
[2025-11-23T10:21:36.734+0000] {logging_mixin.py:190} INFO - [2025-11-23T10:21:36.732+0000] {dagbag.py:588} INFO - Filling up the DagBag from /opt/airflow/dags/driven_data_pipeline.py
[2025-11-23T10:21:36.781+0000] {processor.py:925} INFO - DAG(s) 'extract_raw_data_pipeline' retrieved from /opt/airflow/dags/driven_data_pipeline.py
[2025-11-23T10:21:36.818+0000] {logging_mixin.py:190} INFO - [2025-11-23T10:21:36.818+0000] {dag.py:3239} INFO - Sync 1 DAGs
[2025-11-23T10:21:36.886+0000] {logging_mixin.py:190} INFO - [2025-11-23T10:21:36.885+0000] {dag.py:4180} INFO - Setting next_dagrun for extract_raw_data_pipeline to 2025-11-23 07:00:00+00:00, run_after=2025-11-24 07:00:00+00:00
[2025-11-23T10:21:36.939+0000] {processor.py:208} INFO - Processing /opt/airflow/dags/driven_data_pipeline.py took 0.233 seconds
[2025-11-23T10:21:40.760+0000] {processor.py:186} INFO - Started process (PID=314) to work on /opt/airflow/dags/driven_data_pipeline.py
[2025-11-23T10:21:40.763+0000] {processor.py:914} INFO - Processing file /opt/airflow/dags/driven_data_pipeline.py for tasks to queue
[2025-11-23T10:21:40.766+0000] {logging_mixin.py:190} INFO - [2025-11-23T10:21:40.766+0000] {dagbag.py:588} INFO - Filling up the DagBag from /opt/airflow/dags/driven_data_pipeline.py
[2025-11-23T10:21:40.794+0000] {processor.py:925} INFO - DAG(s) 'extract_raw_data_pipeline' retrieved from /opt/airflow/dags/driven_data_pipeline.py
[2025-11-23T10:21:40.813+0000] {logging_mixin.py:190} INFO - [2025-11-23T10:21:40.812+0000] {dag.py:3239} INFO - Sync 1 DAGs
[2025-11-23T10:21:40.854+0000] {logging_mixin.py:190} INFO - [2025-11-23T10:21:40.854+0000] {dag.py:4180} INFO - Setting next_dagrun for extract_raw_data_pipeline to 2025-11-23 07:00:00+00:00, run_after=2025-11-24 07:00:00+00:00
[2025-11-23T10:21:40.882+0000] {processor.py:208} INFO - Processing /opt/airflow/dags/driven_data_pipeline.py took 0.132 seconds
[2025-11-23T10:22:11.084+0000] {processor.py:186} INFO - Started process (PID=321) to work on /opt/airflow/dags/driven_data_pipeline.py
[2025-11-23T10:22:11.087+0000] {processor.py:914} INFO - Processing file /opt/airflow/dags/driven_data_pipeline.py for tasks to queue
[2025-11-23T10:22:11.090+0000] {logging_mixin.py:190} INFO - [2025-11-23T10:22:11.089+0000] {dagbag.py:588} INFO - Filling up the DagBag from /opt/airflow/dags/driven_data_pipeline.py
[2025-11-23T10:22:11.118+0000] {processor.py:925} INFO - DAG(s) 'extract_raw_data_pipeline' retrieved from /opt/airflow/dags/driven_data_pipeline.py
[2025-11-23T10:22:11.376+0000] {logging_mixin.py:190} INFO - [2025-11-23T10:22:11.375+0000] {dag.py:3239} INFO - Sync 1 DAGs
[2025-11-23T10:22:11.411+0000] {logging_mixin.py:190} INFO - [2025-11-23T10:22:11.410+0000] {dag.py:4180} INFO - Setting next_dagrun for extract_raw_data_pipeline to 2025-11-23 07:00:00+00:00, run_after=2025-11-24 07:00:00+00:00
[2025-11-23T10:22:11.446+0000] {processor.py:208} INFO - Processing /opt/airflow/dags/driven_data_pipeline.py took 0.374 seconds
[2025-11-23T10:23:30.642+0000] {processor.py:186} INFO - Started process (PID=329) to work on /opt/airflow/dags/driven_data_pipeline.py
[2025-11-23T10:23:30.668+0000] {processor.py:914} INFO - Processing file /opt/airflow/dags/driven_data_pipeline.py for tasks to queue
[2025-11-23T10:23:30.795+0000] {logging_mixin.py:190} INFO - [2025-11-23T10:23:30.784+0000] {dagbag.py:588} INFO - Filling up the DagBag from /opt/airflow/dags/driven_data_pipeline.py
[2025-11-23T10:23:31.328+0000] {processor.py:925} INFO - DAG(s) 'extract_raw_data_pipeline' retrieved from /opt/airflow/dags/driven_data_pipeline.py
[2025-11-23T10:23:32.750+0000] {logging_mixin.py:190} INFO - [2025-11-23T10:23:32.745+0000] {dag.py:3239} INFO - Sync 1 DAGs
[2025-11-23T10:23:32.799+0000] {logging_mixin.py:190} INFO - [2025-11-23T10:23:32.799+0000] {dag.py:4180} INFO - Setting next_dagrun for extract_raw_data_pipeline to 2025-11-23 07:00:00+00:00, run_after=2025-11-24 07:00:00+00:00
[2025-11-23T10:23:32.841+0000] {processor.py:208} INFO - Processing /opt/airflow/dags/driven_data_pipeline.py took 6.610 seconds
[2025-11-23T10:25:29.821+0000] {processor.py:186} INFO - Started process (PID=64) to work on /opt/airflow/dags/driven_data_pipeline.py
[2025-11-23T10:25:29.830+0000] {processor.py:914} INFO - Processing file /opt/airflow/dags/driven_data_pipeline.py for tasks to queue
[2025-11-23T10:25:29.841+0000] {logging_mixin.py:190} INFO - [2025-11-23T10:25:29.838+0000] {dagbag.py:588} INFO - Filling up the DagBag from /opt/airflow/dags/driven_data_pipeline.py
[2025-11-23T10:25:29.910+0000] {processor.py:925} INFO - DAG(s) 'extract_raw_data_pipeline' retrieved from /opt/airflow/dags/driven_data_pipeline.py
[2025-11-23T10:25:30.025+0000] {logging_mixin.py:190} INFO - [2025-11-23T10:25:30.024+0000] {dag.py:3239} INFO - Sync 1 DAGs
[2025-11-23T10:25:30.097+0000] {logging_mixin.py:190} INFO - [2025-11-23T10:25:30.095+0000] {dag.py:4180} INFO - Setting next_dagrun for extract_raw_data_pipeline to 2025-11-23 07:00:00+00:00, run_after=2025-11-24 07:00:00+00:00
[2025-11-23T10:25:30.138+0000] {processor.py:208} INFO - Processing /opt/airflow/dags/driven_data_pipeline.py took 0.340 seconds
[2025-11-23T10:26:00.989+0000] {processor.py:186} INFO - Started process (PID=71) to work on /opt/airflow/dags/driven_data_pipeline.py
[2025-11-23T10:26:00.996+0000] {processor.py:914} INFO - Processing file /opt/airflow/dags/driven_data_pipeline.py for tasks to queue
[2025-11-23T10:26:01.123+0000] {logging_mixin.py:190} INFO - [2025-11-23T10:26:01.109+0000] {dagbag.py:588} INFO - Filling up the DagBag from /opt/airflow/dags/driven_data_pipeline.py
[2025-11-23T10:26:01.621+0000] {processor.py:925} INFO - DAG(s) 'extract_raw_data_pipeline' retrieved from /opt/airflow/dags/driven_data_pipeline.py
[2025-11-23T10:26:02.026+0000] {logging_mixin.py:190} INFO - [2025-11-23T10:26:02.024+0000] {dag.py:3239} INFO - Sync 1 DAGs
[2025-11-23T10:26:02.270+0000] {logging_mixin.py:190} INFO - [2025-11-23T10:26:02.269+0000] {dag.py:4180} INFO - Setting next_dagrun for extract_raw_data_pipeline to 2025-11-23 07:00:00+00:00, run_after=2025-11-24 07:00:00+00:00
[2025-11-23T10:26:02.372+0000] {processor.py:208} INFO - Processing /opt/airflow/dags/driven_data_pipeline.py took 1.627 seconds
[2025-11-23T10:26:32.631+0000] {processor.py:186} INFO - Started process (PID=78) to work on /opt/airflow/dags/driven_data_pipeline.py
[2025-11-23T10:26:32.635+0000] {processor.py:914} INFO - Processing file /opt/airflow/dags/driven_data_pipeline.py for tasks to queue
[2025-11-23T10:26:32.642+0000] {logging_mixin.py:190} INFO - [2025-11-23T10:26:32.641+0000] {dagbag.py:588} INFO - Filling up the DagBag from /opt/airflow/dags/driven_data_pipeline.py
[2025-11-23T10:26:32.684+0000] {processor.py:925} INFO - DAG(s) 'extract_raw_data_pipeline' retrieved from /opt/airflow/dags/driven_data_pipeline.py
[2025-11-23T10:26:32.745+0000] {logging_mixin.py:190} INFO - [2025-11-23T10:26:32.745+0000] {dag.py:3239} INFO - Sync 1 DAGs
[2025-11-23T10:26:32.787+0000] {logging_mixin.py:190} INFO - [2025-11-23T10:26:32.787+0000] {dag.py:4180} INFO - Setting next_dagrun for extract_raw_data_pipeline to 2025-11-23 07:00:00+00:00, run_after=2025-11-24 07:00:00+00:00
[2025-11-23T10:26:32.814+0000] {processor.py:208} INFO - Processing /opt/airflow/dags/driven_data_pipeline.py took 0.196 seconds
[2025-11-23T10:28:30.317+0000] {processor.py:186} INFO - Started process (PID=85) to work on /opt/airflow/dags/driven_data_pipeline.py
[2025-11-23T10:28:30.432+0000] {processor.py:914} INFO - Processing file /opt/airflow/dags/driven_data_pipeline.py for tasks to queue
[2025-11-23T10:28:30.644+0000] {logging_mixin.py:190} INFO - [2025-11-23T10:28:30.628+0000] {dagbag.py:588} INFO - Filling up the DagBag from /opt/airflow/dags/driven_data_pipeline.py
[2025-11-23T10:29:01.610+0000] {processor.py:186} INFO - Started process (PID=86) to work on /opt/airflow/dags/driven_data_pipeline.py
[2025-11-23T10:29:01.621+0000] {processor.py:914} INFO - Processing file /opt/airflow/dags/driven_data_pipeline.py for tasks to queue
[2025-11-23T10:29:01.655+0000] {logging_mixin.py:190} INFO - [2025-11-23T10:29:01.649+0000] {dagbag.py:588} INFO - Filling up the DagBag from /opt/airflow/dags/driven_data_pipeline.py
[2025-11-23T10:29:01.909+0000] {processor.py:925} INFO - DAG(s) 'extract_raw_data_pipeline' retrieved from /opt/airflow/dags/driven_data_pipeline.py
[2025-11-23T10:29:02.330+0000] {logging_mixin.py:190} INFO - [2025-11-23T10:29:02.325+0000] {dag.py:3239} INFO - Sync 1 DAGs
[2025-11-23T10:29:02.531+0000] {logging_mixin.py:190} INFO - [2025-11-23T10:29:02.527+0000] {dag.py:4180} INFO - Setting next_dagrun for extract_raw_data_pipeline to 2025-11-23 07:00:00+00:00, run_after=2025-11-24 07:00:00+00:00
[2025-11-23T10:29:02.751+0000] {processor.py:208} INFO - Processing /opt/airflow/dags/driven_data_pipeline.py took 1.202 seconds
[2025-11-23T10:31:46.738+0000] {processor.py:186} INFO - Started process (PID=93) to work on /opt/airflow/dags/driven_data_pipeline.py
[2025-11-23T10:31:46.768+0000] {processor.py:914} INFO - Processing file /opt/airflow/dags/driven_data_pipeline.py for tasks to queue
[2025-11-23T10:31:46.936+0000] {logging_mixin.py:190} INFO - [2025-11-23T10:31:46.933+0000] {dagbag.py:588} INFO - Filling up the DagBag from /opt/airflow/dags/driven_data_pipeline.py
[2025-11-23T10:31:47.272+0000] {processor.py:925} INFO - DAG(s) 'extract_raw_data_pipeline' retrieved from /opt/airflow/dags/driven_data_pipeline.py
[2025-11-23T10:31:47.582+0000] {logging_mixin.py:190} INFO - [2025-11-23T10:31:47.581+0000] {dag.py:3239} INFO - Sync 1 DAGs
[2025-11-23T10:31:48.263+0000] {logging_mixin.py:190} INFO - [2025-11-23T10:31:48.261+0000] {dag.py:4180} INFO - Setting next_dagrun for extract_raw_data_pipeline to 2025-11-23 07:00:00+00:00, run_after=2025-11-24 07:00:00+00:00
[2025-11-23T10:31:48.792+0000] {processor.py:208} INFO - Processing /opt/airflow/dags/driven_data_pipeline.py took 2.472 seconds
[2025-11-23T10:34:55.313+0000] {processor.py:186} INFO - Started process (PID=63) to work on /opt/airflow/dags/driven_data_pipeline.py
[2025-11-23T10:34:55.330+0000] {processor.py:914} INFO - Processing file /opt/airflow/dags/driven_data_pipeline.py for tasks to queue
[2025-11-23T10:34:55.338+0000] {logging_mixin.py:190} INFO - [2025-11-23T10:34:55.337+0000] {dagbag.py:588} INFO - Filling up the DagBag from /opt/airflow/dags/driven_data_pipeline.py
[2025-11-23T10:34:55.484+0000] {processor.py:925} INFO - DAG(s) 'extract_raw_data_pipeline' retrieved from /opt/airflow/dags/driven_data_pipeline.py
[2025-11-23T10:34:56.330+0000] {logging_mixin.py:190} INFO - [2025-11-23T10:34:56.325+0000] {override.py:1900} INFO - Created Permission View: can edit on DAG:extract_raw_data_pipeline
[2025-11-23T10:34:56.362+0000] {logging_mixin.py:190} INFO - [2025-11-23T10:34:56.362+0000] {override.py:1900} INFO - Created Permission View: can delete on DAG:extract_raw_data_pipeline
[2025-11-23T10:34:56.376+0000] {logging_mixin.py:190} INFO - [2025-11-23T10:34:56.375+0000] {override.py:1900} INFO - Created Permission View: can read on DAG:extract_raw_data_pipeline
[2025-11-23T10:34:56.389+0000] {logging_mixin.py:190} INFO - [2025-11-23T10:34:56.388+0000] {override.py:1900} INFO - Created Permission View: menu access on DAG Run:extract_raw_data_pipeline
[2025-11-23T10:34:56.400+0000] {logging_mixin.py:190} INFO - [2025-11-23T10:34:56.400+0000] {override.py:1900} INFO - Created Permission View: can delete on DAG Run:extract_raw_data_pipeline
[2025-11-23T10:34:56.412+0000] {logging_mixin.py:190} INFO - [2025-11-23T10:34:56.412+0000] {override.py:1900} INFO - Created Permission View: can read on DAG Run:extract_raw_data_pipeline
[2025-11-23T10:34:56.425+0000] {logging_mixin.py:190} INFO - [2025-11-23T10:34:56.425+0000] {override.py:1900} INFO - Created Permission View: can create on DAG Run:extract_raw_data_pipeline
[2025-11-23T10:34:56.426+0000] {logging_mixin.py:190} INFO - [2025-11-23T10:34:56.426+0000] {dag.py:3239} INFO - Sync 1 DAGs
[2025-11-23T10:34:56.467+0000] {logging_mixin.py:190} INFO - [2025-11-23T10:34:56.467+0000] {dag.py:3262} INFO - Creating ORM DAG for extract_raw_data_pipeline
[2025-11-23T10:34:56.512+0000] {logging_mixin.py:190} INFO - [2025-11-23T10:34:56.511+0000] {dag.py:4180} INFO - Setting next_dagrun for extract_raw_data_pipeline to 2025-11-22 07:00:00+00:00, run_after=2025-11-23 07:00:00+00:00
[2025-11-23T10:34:56.570+0000] {processor.py:208} INFO - Processing /opt/airflow/dags/driven_data_pipeline.py took 1.309 seconds
[2025-11-23T10:36:24.368+0000] {processor.py:186} INFO - Started process (PID=65) to work on /opt/airflow/dags/driven_data_pipeline.py
[2025-11-23T10:36:24.377+0000] {processor.py:914} INFO - Processing file /opt/airflow/dags/driven_data_pipeline.py for tasks to queue
[2025-11-23T10:36:24.386+0000] {logging_mixin.py:190} INFO - [2025-11-23T10:36:24.384+0000] {dagbag.py:588} INFO - Filling up the DagBag from /opt/airflow/dags/driven_data_pipeline.py
[2025-11-23T10:36:24.482+0000] {processor.py:925} INFO - DAG(s) 'extract_raw_data_pipeline' retrieved from /opt/airflow/dags/driven_data_pipeline.py
[2025-11-23T10:36:24.682+0000] {logging_mixin.py:190} INFO - [2025-11-23T10:36:24.682+0000] {dag.py:3239} INFO - Sync 1 DAGs
[2025-11-23T10:36:24.766+0000] {logging_mixin.py:190} INFO - [2025-11-23T10:36:24.765+0000] {dag.py:4180} INFO - Setting next_dagrun for extract_raw_data_pipeline to 2025-11-22 07:00:00+00:00, run_after=2025-11-23 07:00:00+00:00
[2025-11-23T10:36:24.827+0000] {processor.py:208} INFO - Processing /opt/airflow/dags/driven_data_pipeline.py took 0.472 seconds
[2025-11-23T10:37:42.003+0000] {processor.py:186} INFO - Started process (PID=64) to work on /opt/airflow/dags/driven_data_pipeline.py
[2025-11-23T10:37:42.013+0000] {processor.py:914} INFO - Processing file /opt/airflow/dags/driven_data_pipeline.py for tasks to queue
[2025-11-23T10:37:42.021+0000] {logging_mixin.py:190} INFO - [2025-11-23T10:37:42.021+0000] {dagbag.py:588} INFO - Filling up the DagBag from /opt/airflow/dags/driven_data_pipeline.py
[2025-11-23T10:37:42.075+0000] {processor.py:925} INFO - DAG(s) 'extract_raw_data_pipeline' retrieved from /opt/airflow/dags/driven_data_pipeline.py
[2025-11-23T10:37:42.200+0000] {logging_mixin.py:190} INFO - [2025-11-23T10:37:42.198+0000] {dag.py:3239} INFO - Sync 1 DAGs
[2025-11-23T10:37:42.250+0000] {logging_mixin.py:190} INFO - [2025-11-23T10:37:42.250+0000] {dag.py:4180} INFO - Setting next_dagrun for extract_raw_data_pipeline to 2025-11-22 07:00:00+00:00, run_after=2025-11-23 07:00:00+00:00
[2025-11-23T10:37:42.308+0000] {processor.py:208} INFO - Processing /opt/airflow/dags/driven_data_pipeline.py took 0.320 seconds
[2025-11-23T10:38:13.133+0000] {processor.py:186} INFO - Started process (PID=71) to work on /opt/airflow/dags/driven_data_pipeline.py
[2025-11-23T10:38:13.140+0000] {processor.py:914} INFO - Processing file /opt/airflow/dags/driven_data_pipeline.py for tasks to queue
[2025-11-23T10:38:13.175+0000] {logging_mixin.py:190} INFO - [2025-11-23T10:38:13.164+0000] {dagbag.py:588} INFO - Filling up the DagBag from /opt/airflow/dags/driven_data_pipeline.py
[2025-11-23T10:38:13.758+0000] {processor.py:925} INFO - DAG(s) 'extract_raw_data_pipeline' retrieved from /opt/airflow/dags/driven_data_pipeline.py
[2025-11-23T10:38:14.366+0000] {logging_mixin.py:190} INFO - [2025-11-23T10:38:14.331+0000] {dag.py:3239} INFO - Sync 1 DAGs
[2025-11-23T10:38:14.635+0000] {logging_mixin.py:190} INFO - [2025-11-23T10:38:14.633+0000] {dag.py:4180} INFO - Setting next_dagrun for extract_raw_data_pipeline to 2025-11-22 07:00:00+00:00, run_after=2025-11-23 07:00:00+00:00
[2025-11-23T10:38:14.868+0000] {processor.py:208} INFO - Processing /opt/airflow/dags/driven_data_pipeline.py took 1.958 seconds
[2025-11-23T10:38:50.106+0000] {processor.py:186} INFO - Started process (PID=78) to work on /opt/airflow/dags/driven_data_pipeline.py
[2025-11-23T10:38:50.118+0000] {processor.py:914} INFO - Processing file /opt/airflow/dags/driven_data_pipeline.py for tasks to queue
[2025-11-23T10:38:50.152+0000] {logging_mixin.py:190} INFO - [2025-11-23T10:38:50.139+0000] {dagbag.py:588} INFO - Filling up the DagBag from /opt/airflow/dags/driven_data_pipeline.py
[2025-11-23T10:38:50.453+0000] {processor.py:925} INFO - DAG(s) 'extract_raw_data_pipeline' retrieved from /opt/airflow/dags/driven_data_pipeline.py
[2025-11-23T10:38:50.923+0000] {logging_mixin.py:190} INFO - [2025-11-23T10:38:50.922+0000] {dag.py:3239} INFO - Sync 1 DAGs
[2025-11-23T10:38:51.168+0000] {logging_mixin.py:190} INFO - [2025-11-23T10:38:51.167+0000] {dag.py:4180} INFO - Setting next_dagrun for extract_raw_data_pipeline to 2025-11-22 07:00:00+00:00, run_after=2025-11-23 07:00:00+00:00
[2025-11-23T10:38:51.327+0000] {processor.py:208} INFO - Processing /opt/airflow/dags/driven_data_pipeline.py took 1.381 seconds
[2025-11-23T10:39:22.057+0000] {processor.py:186} INFO - Started process (PID=86) to work on /opt/airflow/dags/driven_data_pipeline.py
[2025-11-23T10:39:22.069+0000] {processor.py:914} INFO - Processing file /opt/airflow/dags/driven_data_pipeline.py for tasks to queue
[2025-11-23T10:39:22.099+0000] {logging_mixin.py:190} INFO - [2025-11-23T10:39:22.091+0000] {dagbag.py:588} INFO - Filling up the DagBag from /opt/airflow/dags/driven_data_pipeline.py
[2025-11-23T10:40:09.978+0000] {logging_mixin.py:190} INFO - [2025-11-23T10:39:54.138+0000] {timeout.py:68} ERROR - Process timed out, PID: 86
[2025-11-23T10:45:55.012+0000] {processor.py:186} INFO - Started process (PID=65) to work on /opt/airflow/dags/driven_data_pipeline.py
[2025-11-23T10:45:55.019+0000] {processor.py:914} INFO - Processing file /opt/airflow/dags/driven_data_pipeline.py for tasks to queue
[2025-11-23T10:45:55.023+0000] {logging_mixin.py:190} INFO - [2025-11-23T10:45:55.022+0000] {dagbag.py:588} INFO - Filling up the DagBag from /opt/airflow/dags/driven_data_pipeline.py
[2025-11-23T10:45:55.097+0000] {processor.py:925} INFO - DAG(s) 'extract_raw_data_pipeline' retrieved from /opt/airflow/dags/driven_data_pipeline.py
[2025-11-23T10:45:55.602+0000] {logging_mixin.py:190} INFO - [2025-11-23T10:45:55.601+0000] {override.py:1900} INFO - Created Permission View: can delete on DAG:extract_raw_data_pipeline
[2025-11-23T10:45:55.616+0000] {logging_mixin.py:190} INFO - [2025-11-23T10:45:55.616+0000] {override.py:1900} INFO - Created Permission View: can read on DAG:extract_raw_data_pipeline
[2025-11-23T10:45:55.650+0000] {logging_mixin.py:190} INFO - [2025-11-23T10:45:55.649+0000] {override.py:1900} INFO - Created Permission View: can edit on DAG:extract_raw_data_pipeline
[2025-11-23T10:45:55.679+0000] {logging_mixin.py:190} INFO - [2025-11-23T10:45:55.678+0000] {override.py:1900} INFO - Created Permission View: can delete on DAG Run:extract_raw_data_pipeline
[2025-11-23T10:45:55.711+0000] {logging_mixin.py:190} INFO - [2025-11-23T10:45:55.709+0000] {override.py:1900} INFO - Created Permission View: can read on DAG Run:extract_raw_data_pipeline
[2025-11-23T10:45:55.721+0000] {logging_mixin.py:190} INFO - [2025-11-23T10:45:55.720+0000] {override.py:1900} INFO - Created Permission View: can create on DAG Run:extract_raw_data_pipeline
[2025-11-23T10:45:55.730+0000] {logging_mixin.py:190} INFO - [2025-11-23T10:45:55.730+0000] {override.py:1900} INFO - Created Permission View: menu access on DAG Run:extract_raw_data_pipeline
[2025-11-23T10:45:55.731+0000] {logging_mixin.py:190} INFO - [2025-11-23T10:45:55.731+0000] {dag.py:3239} INFO - Sync 1 DAGs
[2025-11-23T10:45:55.755+0000] {logging_mixin.py:190} INFO - [2025-11-23T10:45:55.755+0000] {dag.py:3262} INFO - Creating ORM DAG for extract_raw_data_pipeline
[2025-11-23T10:45:55.778+0000] {logging_mixin.py:190} INFO - [2025-11-23T10:45:55.778+0000] {dag.py:4180} INFO - Setting next_dagrun for extract_raw_data_pipeline to 2025-11-22 07:00:00+00:00, run_after=2025-11-23 07:00:00+00:00
[2025-11-23T10:45:55.828+0000] {processor.py:208} INFO - Processing /opt/airflow/dags/driven_data_pipeline.py took 0.853 seconds
[2025-11-23T10:46:53.953+0000] {processor.py:186} INFO - Started process (PID=52) to work on /opt/airflow/dags/driven_data_pipeline.py
[2025-11-23T10:46:53.956+0000] {processor.py:914} INFO - Processing file /opt/airflow/dags/driven_data_pipeline.py for tasks to queue
[2025-11-23T10:46:53.962+0000] {logging_mixin.py:190} INFO - [2025-11-23T10:46:53.962+0000] {dagbag.py:588} INFO - Filling up the DagBag from /opt/airflow/dags/driven_data_pipeline.py
[2025-11-23T10:46:54.014+0000] {processor.py:925} INFO - DAG(s) 'extract_raw_data_pipeline' retrieved from /opt/airflow/dags/driven_data_pipeline.py
[2025-11-23T10:46:54.072+0000] {logging_mixin.py:190} INFO - [2025-11-23T10:46:54.072+0000] {dag.py:3239} INFO - Sync 1 DAGs
[2025-11-23T10:46:54.116+0000] {logging_mixin.py:190} INFO - [2025-11-23T10:46:54.116+0000] {dag.py:4180} INFO - Setting next_dagrun for extract_raw_data_pipeline to 2025-11-22 07:00:00+00:00, run_after=2025-11-23 07:00:00+00:00
[2025-11-23T10:46:54.142+0000] {processor.py:208} INFO - Processing /opt/airflow/dags/driven_data_pipeline.py took 0.205 seconds
[2025-11-23T10:47:24.316+0000] {processor.py:186} INFO - Started process (PID=59) to work on /opt/airflow/dags/driven_data_pipeline.py
[2025-11-23T10:47:24.318+0000] {processor.py:914} INFO - Processing file /opt/airflow/dags/driven_data_pipeline.py for tasks to queue
[2025-11-23T10:47:24.321+0000] {logging_mixin.py:190} INFO - [2025-11-23T10:47:24.321+0000] {dagbag.py:588} INFO - Filling up the DagBag from /opt/airflow/dags/driven_data_pipeline.py
[2025-11-23T10:47:24.348+0000] {processor.py:925} INFO - DAG(s) 'extract_raw_data_pipeline' retrieved from /opt/airflow/dags/driven_data_pipeline.py
[2025-11-23T10:47:24.383+0000] {logging_mixin.py:190} INFO - [2025-11-23T10:47:24.383+0000] {dag.py:3239} INFO - Sync 1 DAGs
[2025-11-23T10:47:24.415+0000] {logging_mixin.py:190} INFO - [2025-11-23T10:47:24.415+0000] {dag.py:4180} INFO - Setting next_dagrun for extract_raw_data_pipeline to 2025-11-22 07:00:00+00:00, run_after=2025-11-23 07:00:00+00:00
[2025-11-23T10:47:24.437+0000] {processor.py:208} INFO - Processing /opt/airflow/dags/driven_data_pipeline.py took 0.129 seconds
[2025-11-23T10:47:54.826+0000] {processor.py:186} INFO - Started process (PID=70) to work on /opt/airflow/dags/driven_data_pipeline.py
[2025-11-23T10:47:54.828+0000] {processor.py:914} INFO - Processing file /opt/airflow/dags/driven_data_pipeline.py for tasks to queue
[2025-11-23T10:47:54.832+0000] {logging_mixin.py:190} INFO - [2025-11-23T10:47:54.832+0000] {dagbag.py:588} INFO - Filling up the DagBag from /opt/airflow/dags/driven_data_pipeline.py
[2025-11-23T10:47:54.891+0000] {processor.py:925} INFO - DAG(s) 'extract_raw_data_pipeline' retrieved from /opt/airflow/dags/driven_data_pipeline.py
[2025-11-23T10:47:54.943+0000] {logging_mixin.py:190} INFO - [2025-11-23T10:47:54.943+0000] {dag.py:3239} INFO - Sync 1 DAGs
[2025-11-23T10:47:54.991+0000] {logging_mixin.py:190} INFO - [2025-11-23T10:47:54.991+0000] {dag.py:4180} INFO - Setting next_dagrun for extract_raw_data_pipeline to 2025-11-23 07:00:00+00:00, run_after=2025-11-24 07:00:00+00:00
[2025-11-23T10:47:55.021+0000] {processor.py:208} INFO - Processing /opt/airflow/dags/driven_data_pipeline.py took 0.206 seconds
[2025-11-23T10:48:25.169+0000] {processor.py:186} INFO - Started process (PID=77) to work on /opt/airflow/dags/driven_data_pipeline.py
[2025-11-23T10:48:25.172+0000] {processor.py:914} INFO - Processing file /opt/airflow/dags/driven_data_pipeline.py for tasks to queue
[2025-11-23T10:48:25.176+0000] {logging_mixin.py:190} INFO - [2025-11-23T10:48:25.175+0000] {dagbag.py:588} INFO - Filling up the DagBag from /opt/airflow/dags/driven_data_pipeline.py
[2025-11-23T10:48:25.227+0000] {processor.py:925} INFO - DAG(s) 'extract_raw_data_pipeline' retrieved from /opt/airflow/dags/driven_data_pipeline.py
[2025-11-23T10:48:25.273+0000] {logging_mixin.py:190} INFO - [2025-11-23T10:48:25.272+0000] {dag.py:3239} INFO - Sync 1 DAGs
[2025-11-23T10:48:25.308+0000] {logging_mixin.py:190} INFO - [2025-11-23T10:48:25.307+0000] {dag.py:4180} INFO - Setting next_dagrun for extract_raw_data_pipeline to 2025-11-23 07:00:00+00:00, run_after=2025-11-24 07:00:00+00:00
[2025-11-23T10:48:25.659+0000] {processor.py:208} INFO - Processing /opt/airflow/dags/driven_data_pipeline.py took 0.501 seconds
[2025-11-23T10:48:55.979+0000] {processor.py:186} INFO - Started process (PID=84) to work on /opt/airflow/dags/driven_data_pipeline.py
[2025-11-23T10:48:55.982+0000] {processor.py:914} INFO - Processing file /opt/airflow/dags/driven_data_pipeline.py for tasks to queue
[2025-11-23T10:48:55.988+0000] {logging_mixin.py:190} INFO - [2025-11-23T10:48:55.987+0000] {dagbag.py:588} INFO - Filling up the DagBag from /opt/airflow/dags/driven_data_pipeline.py
[2025-11-23T10:48:56.039+0000] {processor.py:925} INFO - DAG(s) 'extract_raw_data_pipeline' retrieved from /opt/airflow/dags/driven_data_pipeline.py
[2025-11-23T10:48:56.122+0000] {logging_mixin.py:190} INFO - [2025-11-23T10:48:56.122+0000] {dag.py:3239} INFO - Sync 1 DAGs
[2025-11-23T10:48:56.446+0000] {logging_mixin.py:190} INFO - [2025-11-23T10:48:56.441+0000] {dag.py:4180} INFO - Setting next_dagrun for extract_raw_data_pipeline to 2025-11-23 07:00:00+00:00, run_after=2025-11-24 07:00:00+00:00
[2025-11-23T10:48:56.481+0000] {processor.py:208} INFO - Processing /opt/airflow/dags/driven_data_pipeline.py took 0.518 seconds
[2025-11-23T10:50:33.007+0000] {processor.py:186} INFO - Started process (PID=91) to work on /opt/airflow/dags/driven_data_pipeline.py
[2025-11-23T10:50:33.041+0000] {processor.py:914} INFO - Processing file /opt/airflow/dags/driven_data_pipeline.py for tasks to queue
[2025-11-23T10:50:33.437+0000] {logging_mixin.py:190} INFO - [2025-11-23T10:50:33.357+0000] {dagbag.py:588} INFO - Filling up the DagBag from /opt/airflow/dags/driven_data_pipeline.py
[2025-11-23T10:51:10.466+0000] {processor.py:186} INFO - Started process (PID=92) to work on /opt/airflow/dags/driven_data_pipeline.py
[2025-11-23T10:51:10.470+0000] {processor.py:914} INFO - Processing file /opt/airflow/dags/driven_data_pipeline.py for tasks to queue
[2025-11-23T10:51:10.478+0000] {logging_mixin.py:190} INFO - [2025-11-23T10:51:10.478+0000] {dagbag.py:588} INFO - Filling up the DagBag from /opt/airflow/dags/driven_data_pipeline.py
[2025-11-23T10:51:10.620+0000] {processor.py:925} INFO - DAG(s) 'extract_raw_data_pipeline' retrieved from /opt/airflow/dags/driven_data_pipeline.py
[2025-11-23T10:51:11.202+0000] {logging_mixin.py:190} INFO - [2025-11-23T10:51:11.201+0000] {dag.py:3239} INFO - Sync 1 DAGs
[2025-11-23T10:51:11.247+0000] {logging_mixin.py:190} INFO - [2025-11-23T10:51:11.246+0000] {dag.py:4180} INFO - Setting next_dagrun for extract_raw_data_pipeline to 2025-11-23 07:00:00+00:00, run_after=2025-11-24 07:00:00+00:00
[2025-11-23T10:51:11.281+0000] {processor.py:208} INFO - Processing /opt/airflow/dags/driven_data_pipeline.py took 0.829 seconds
[2025-11-23T10:51:41.644+0000] {processor.py:186} INFO - Started process (PID=99) to work on /opt/airflow/dags/driven_data_pipeline.py
[2025-11-23T10:51:41.648+0000] {processor.py:914} INFO - Processing file /opt/airflow/dags/driven_data_pipeline.py for tasks to queue
[2025-11-23T10:51:41.652+0000] {logging_mixin.py:190} INFO - [2025-11-23T10:51:41.651+0000] {dagbag.py:588} INFO - Filling up the DagBag from /opt/airflow/dags/driven_data_pipeline.py
[2025-11-23T10:51:41.694+0000] {processor.py:925} INFO - DAG(s) 'extract_raw_data_pipeline' retrieved from /opt/airflow/dags/driven_data_pipeline.py
[2025-11-23T10:51:41.919+0000] {logging_mixin.py:190} INFO - [2025-11-23T10:51:41.919+0000] {dag.py:3239} INFO - Sync 1 DAGs
[2025-11-23T10:51:41.953+0000] {logging_mixin.py:190} INFO - [2025-11-23T10:51:41.952+0000] {dag.py:4180} INFO - Setting next_dagrun for extract_raw_data_pipeline to 2025-11-23 07:00:00+00:00, run_after=2025-11-24 07:00:00+00:00
[2025-11-23T10:51:41.978+0000] {processor.py:208} INFO - Processing /opt/airflow/dags/driven_data_pipeline.py took 0.346 seconds
[2025-11-23T10:52:12.142+0000] {processor.py:186} INFO - Started process (PID=106) to work on /opt/airflow/dags/driven_data_pipeline.py
[2025-11-23T10:52:12.144+0000] {processor.py:914} INFO - Processing file /opt/airflow/dags/driven_data_pipeline.py for tasks to queue
[2025-11-23T10:52:12.148+0000] {logging_mixin.py:190} INFO - [2025-11-23T10:52:12.147+0000] {dagbag.py:588} INFO - Filling up the DagBag from /opt/airflow/dags/driven_data_pipeline.py
[2025-11-23T10:52:12.183+0000] {processor.py:925} INFO - DAG(s) 'extract_raw_data_pipeline' retrieved from /opt/airflow/dags/driven_data_pipeline.py
[2025-11-23T10:52:12.229+0000] {logging_mixin.py:190} INFO - [2025-11-23T10:52:12.228+0000] {dag.py:3239} INFO - Sync 1 DAGs
[2025-11-23T10:52:12.262+0000] {logging_mixin.py:190} INFO - [2025-11-23T10:52:12.262+0000] {dag.py:4180} INFO - Setting next_dagrun for extract_raw_data_pipeline to 2025-11-23 07:00:00+00:00, run_after=2025-11-24 07:00:00+00:00
[2025-11-23T10:52:12.287+0000] {processor.py:208} INFO - Processing /opt/airflow/dags/driven_data_pipeline.py took 0.155 seconds
[2025-11-23T10:52:31.343+0000] {processor.py:186} INFO - Started process (PID=113) to work on /opt/airflow/dags/driven_data_pipeline.py
[2025-11-23T10:52:31.346+0000] {processor.py:914} INFO - Processing file /opt/airflow/dags/driven_data_pipeline.py for tasks to queue
[2025-11-23T10:52:31.350+0000] {logging_mixin.py:190} INFO - [2025-11-23T10:52:31.350+0000] {dagbag.py:588} INFO - Filling up the DagBag from /opt/airflow/dags/driven_data_pipeline.py
[2025-11-23T10:52:31.418+0000] {processor.py:925} INFO - DAG(s) 'extract_raw_data_pipeline' retrieved from /opt/airflow/dags/driven_data_pipeline.py
[2025-11-23T10:52:31.752+0000] {logging_mixin.py:190} INFO - [2025-11-23T10:52:31.752+0000] {dag.py:3239} INFO - Sync 1 DAGs
[2025-11-23T10:52:31.785+0000] {logging_mixin.py:190} INFO - [2025-11-23T10:52:31.785+0000] {dag.py:4180} INFO - Setting next_dagrun for extract_raw_data_pipeline to 2025-11-23 07:00:00+00:00, run_after=2025-11-24 07:00:00+00:00
[2025-11-23T10:52:31.817+0000] {processor.py:208} INFO - Processing /opt/airflow/dags/driven_data_pipeline.py took 0.487 seconds
[2025-11-23T10:52:57.924+0000] {processor.py:186} INFO - Started process (PID=120) to work on /opt/airflow/dags/driven_data_pipeline.py
[2025-11-23T10:52:57.930+0000] {processor.py:914} INFO - Processing file /opt/airflow/dags/driven_data_pipeline.py for tasks to queue
[2025-11-23T10:52:57.944+0000] {logging_mixin.py:190} INFO - [2025-11-23T10:52:57.940+0000] {dagbag.py:588} INFO - Filling up the DagBag from /opt/airflow/dags/driven_data_pipeline.py
[2025-11-23T10:52:58.029+0000] {processor.py:925} INFO - DAG(s) 'extract_raw_data_pipeline' retrieved from /opt/airflow/dags/driven_data_pipeline.py
[2025-11-23T10:52:58.081+0000] {logging_mixin.py:190} INFO - [2025-11-23T10:52:58.080+0000] {dag.py:3239} INFO - Sync 1 DAGs
[2025-11-23T10:52:58.194+0000] {logging_mixin.py:190} INFO - [2025-11-23T10:52:58.192+0000] {dag.py:4180} INFO - Setting next_dagrun for extract_raw_data_pipeline to 2025-11-23 07:00:00+00:00, run_after=2025-11-24 07:00:00+00:00
[2025-11-23T10:52:58.259+0000] {processor.py:208} INFO - Processing /opt/airflow/dags/driven_data_pipeline.py took 0.353 seconds
[2025-11-23T10:52:59.169+0000] {processor.py:186} INFO - Started process (PID=121) to work on /opt/airflow/dags/driven_data_pipeline.py
[2025-11-23T10:52:59.172+0000] {processor.py:914} INFO - Processing file /opt/airflow/dags/driven_data_pipeline.py for tasks to queue
[2025-11-23T10:52:59.175+0000] {logging_mixin.py:190} INFO - [2025-11-23T10:52:59.174+0000] {dagbag.py:588} INFO - Filling up the DagBag from /opt/airflow/dags/driven_data_pipeline.py
[2025-11-23T10:52:59.209+0000] {processor.py:925} INFO - DAG(s) 'extract_raw_data_pipeline' retrieved from /opt/airflow/dags/driven_data_pipeline.py
[2025-11-23T10:52:59.229+0000] {logging_mixin.py:190} INFO - [2025-11-23T10:52:59.229+0000] {dag.py:3239} INFO - Sync 1 DAGs
[2025-11-23T10:52:59.267+0000] {logging_mixin.py:190} INFO - [2025-11-23T10:52:59.266+0000] {dag.py:4180} INFO - Setting next_dagrun for extract_raw_data_pipeline to 2025-11-23 07:00:00+00:00, run_after=2025-11-24 07:00:00+00:00
[2025-11-23T10:52:59.296+0000] {processor.py:208} INFO - Processing /opt/airflow/dags/driven_data_pipeline.py took 0.140 seconds
[2025-11-23T10:53:30.128+0000] {processor.py:186} INFO - Started process (PID=128) to work on /opt/airflow/dags/driven_data_pipeline.py
[2025-11-23T10:53:30.132+0000] {processor.py:914} INFO - Processing file /opt/airflow/dags/driven_data_pipeline.py for tasks to queue
[2025-11-23T10:53:30.138+0000] {logging_mixin.py:190} INFO - [2025-11-23T10:53:30.136+0000] {dagbag.py:588} INFO - Filling up the DagBag from /opt/airflow/dags/driven_data_pipeline.py
[2025-11-23T10:53:30.177+0000] {processor.py:925} INFO - DAG(s) 'extract_raw_data_pipeline' retrieved from /opt/airflow/dags/driven_data_pipeline.py
[2025-11-23T10:53:30.414+0000] {logging_mixin.py:190} INFO - [2025-11-23T10:53:30.413+0000] {dag.py:3239} INFO - Sync 1 DAGs
[2025-11-23T10:53:30.444+0000] {logging_mixin.py:190} INFO - [2025-11-23T10:53:30.443+0000] {dag.py:4180} INFO - Setting next_dagrun for extract_raw_data_pipeline to 2025-11-23 07:00:00+00:00, run_after=2025-11-24 07:00:00+00:00
[2025-11-23T10:53:30.469+0000] {processor.py:208} INFO - Processing /opt/airflow/dags/driven_data_pipeline.py took 0.358 seconds
[2025-11-23T10:54:01.422+0000] {processor.py:186} INFO - Started process (PID=135) to work on /opt/airflow/dags/driven_data_pipeline.py
[2025-11-23T10:54:01.444+0000] {processor.py:914} INFO - Processing file /opt/airflow/dags/driven_data_pipeline.py for tasks to queue
[2025-11-23T10:54:01.459+0000] {logging_mixin.py:190} INFO - [2025-11-23T10:54:01.454+0000] {dagbag.py:588} INFO - Filling up the DagBag from /opt/airflow/dags/driven_data_pipeline.py
[2025-11-23T10:54:01.679+0000] {processor.py:925} INFO - DAG(s) 'extract_raw_data_pipeline' retrieved from /opt/airflow/dags/driven_data_pipeline.py
[2025-11-23T10:54:02.513+0000] {logging_mixin.py:190} INFO - [2025-11-23T10:54:02.491+0000] {dag.py:3239} INFO - Sync 1 DAGs
[2025-11-23T10:54:02.639+0000] {logging_mixin.py:190} INFO - [2025-11-23T10:54:02.637+0000] {dag.py:4180} INFO - Setting next_dagrun for extract_raw_data_pipeline to 2025-11-23 07:00:00+00:00, run_after=2025-11-24 07:00:00+00:00
[2025-11-23T10:54:02.679+0000] {processor.py:208} INFO - Processing /opt/airflow/dags/driven_data_pipeline.py took 1.330 seconds
[2025-11-23T10:58:34.921+0000] {processor.py:186} INFO - Started process (PID=64) to work on /opt/airflow/dags/driven_data_pipeline.py
[2025-11-23T10:58:34.928+0000] {processor.py:914} INFO - Processing file /opt/airflow/dags/driven_data_pipeline.py for tasks to queue
[2025-11-23T10:58:34.934+0000] {logging_mixin.py:190} INFO - [2025-11-23T10:58:34.933+0000] {dagbag.py:588} INFO - Filling up the DagBag from /opt/airflow/dags/driven_data_pipeline.py
[2025-11-23T10:58:35.001+0000] {processor.py:925} INFO - DAG(s) 'extract_raw_data_pipeline' retrieved from /opt/airflow/dags/driven_data_pipeline.py
[2025-11-23T10:58:35.382+0000] {logging_mixin.py:190} INFO - [2025-11-23T10:58:35.381+0000] {override.py:1900} INFO - Created Permission View: can delete on DAG:extract_raw_data_pipeline
[2025-11-23T10:58:35.399+0000] {logging_mixin.py:190} INFO - [2025-11-23T10:58:35.398+0000] {override.py:1900} INFO - Created Permission View: can read on DAG:extract_raw_data_pipeline
[2025-11-23T10:58:35.412+0000] {logging_mixin.py:190} INFO - [2025-11-23T10:58:35.411+0000] {override.py:1900} INFO - Created Permission View: can edit on DAG:extract_raw_data_pipeline
[2025-11-23T10:58:35.425+0000] {logging_mixin.py:190} INFO - [2025-11-23T10:58:35.424+0000] {override.py:1900} INFO - Created Permission View: can create on DAG Run:extract_raw_data_pipeline
[2025-11-23T10:58:35.438+0000] {logging_mixin.py:190} INFO - [2025-11-23T10:58:35.437+0000] {override.py:1900} INFO - Created Permission View: can delete on DAG Run:extract_raw_data_pipeline
[2025-11-23T10:58:35.454+0000] {logging_mixin.py:190} INFO - [2025-11-23T10:58:35.453+0000] {override.py:1900} INFO - Created Permission View: can read on DAG Run:extract_raw_data_pipeline
[2025-11-23T10:58:35.466+0000] {logging_mixin.py:190} INFO - [2025-11-23T10:58:35.465+0000] {override.py:1900} INFO - Created Permission View: menu access on DAG Run:extract_raw_data_pipeline
[2025-11-23T10:58:35.467+0000] {logging_mixin.py:190} INFO - [2025-11-23T10:58:35.467+0000] {dag.py:3239} INFO - Sync 1 DAGs
[2025-11-23T10:58:35.496+0000] {logging_mixin.py:190} INFO - [2025-11-23T10:58:35.496+0000] {dag.py:3262} INFO - Creating ORM DAG for extract_raw_data_pipeline
[2025-11-23T10:58:35.528+0000] {logging_mixin.py:190} INFO - [2025-11-23T10:58:35.528+0000] {dag.py:4180} INFO - Setting next_dagrun for extract_raw_data_pipeline to 2025-11-22 07:00:00+00:00, run_after=2025-11-23 07:00:00+00:00
[2025-11-23T10:58:35.571+0000] {processor.py:208} INFO - Processing /opt/airflow/dags/driven_data_pipeline.py took 0.660 seconds
[2025-11-23T10:59:06.290+0000] {processor.py:186} INFO - Started process (PID=71) to work on /opt/airflow/dags/driven_data_pipeline.py
[2025-11-23T10:59:06.296+0000] {processor.py:914} INFO - Processing file /opt/airflow/dags/driven_data_pipeline.py for tasks to queue
[2025-11-23T10:59:06.368+0000] {logging_mixin.py:190} INFO - [2025-11-23T10:59:06.357+0000] {dagbag.py:588} INFO - Filling up the DagBag from /opt/airflow/dags/driven_data_pipeline.py
[2025-11-23T10:59:06.644+0000] {processor.py:925} INFO - DAG(s) 'extract_raw_data_pipeline' retrieved from /opt/airflow/dags/driven_data_pipeline.py
[2025-11-23T10:59:06.919+0000] {logging_mixin.py:190} INFO - [2025-11-23T10:59:06.919+0000] {dag.py:3239} INFO - Sync 1 DAGs
[2025-11-23T10:59:07.104+0000] {logging_mixin.py:190} INFO - [2025-11-23T10:59:07.103+0000] {dag.py:4180} INFO - Setting next_dagrun for extract_raw_data_pipeline to 2025-11-22 07:00:00+00:00, run_after=2025-11-23 07:00:00+00:00
[2025-11-23T10:59:07.186+0000] {processor.py:208} INFO - Processing /opt/airflow/dags/driven_data_pipeline.py took 1.064 seconds
[2025-11-23T10:59:37.656+0000] {processor.py:186} INFO - Started process (PID=78) to work on /opt/airflow/dags/driven_data_pipeline.py
[2025-11-23T10:59:37.662+0000] {processor.py:914} INFO - Processing file /opt/airflow/dags/driven_data_pipeline.py for tasks to queue
[2025-11-23T10:59:37.676+0000] {logging_mixin.py:190} INFO - [2025-11-23T10:59:37.674+0000] {dagbag.py:588} INFO - Filling up the DagBag from /opt/airflow/dags/driven_data_pipeline.py
[2025-11-23T10:59:37.724+0000] {processor.py:925} INFO - DAG(s) 'extract_raw_data_pipeline' retrieved from /opt/airflow/dags/driven_data_pipeline.py
[2025-11-23T10:59:37.799+0000] {logging_mixin.py:190} INFO - [2025-11-23T10:59:37.799+0000] {dag.py:3239} INFO - Sync 1 DAGs
[2025-11-23T10:59:37.930+0000] {logging_mixin.py:190} INFO - [2025-11-23T10:59:37.929+0000] {dag.py:4180} INFO - Setting next_dagrun for extract_raw_data_pipeline to 2025-11-22 07:00:00+00:00, run_after=2025-11-23 07:00:00+00:00
[2025-11-23T10:59:38.032+0000] {processor.py:208} INFO - Processing /opt/airflow/dags/driven_data_pipeline.py took 0.423 seconds
[2025-11-23T11:00:08.394+0000] {processor.py:186} INFO - Started process (PID=85) to work on /opt/airflow/dags/driven_data_pipeline.py
[2025-11-23T11:00:08.399+0000] {processor.py:914} INFO - Processing file /opt/airflow/dags/driven_data_pipeline.py for tasks to queue
[2025-11-23T11:00:08.409+0000] {logging_mixin.py:190} INFO - [2025-11-23T11:00:08.409+0000] {dagbag.py:588} INFO - Filling up the DagBag from /opt/airflow/dags/driven_data_pipeline.py
[2025-11-23T11:00:08.464+0000] {processor.py:925} INFO - DAG(s) 'extract_raw_data_pipeline' retrieved from /opt/airflow/dags/driven_data_pipeline.py
[2025-11-23T11:00:08.555+0000] {logging_mixin.py:190} INFO - [2025-11-23T11:00:08.555+0000] {dag.py:3239} INFO - Sync 1 DAGs
[2025-11-23T11:00:08.659+0000] {logging_mixin.py:190} INFO - [2025-11-23T11:00:08.659+0000] {dag.py:4180} INFO - Setting next_dagrun for extract_raw_data_pipeline to 2025-11-22 07:00:00+00:00, run_after=2025-11-23 07:00:00+00:00
[2025-11-23T11:00:08.717+0000] {processor.py:208} INFO - Processing /opt/airflow/dags/driven_data_pipeline.py took 0.334 seconds
[2025-11-23T11:00:38.784+0000] {processor.py:186} INFO - Started process (PID=91) to work on /opt/airflow/dags/driven_data_pipeline.py
[2025-11-23T11:00:38.787+0000] {processor.py:914} INFO - Processing file /opt/airflow/dags/driven_data_pipeline.py for tasks to queue
[2025-11-23T11:00:38.792+0000] {logging_mixin.py:190} INFO - [2025-11-23T11:00:38.791+0000] {dagbag.py:588} INFO - Filling up the DagBag from /opt/airflow/dags/driven_data_pipeline.py
[2025-11-23T11:00:38.829+0000] {processor.py:925} INFO - DAG(s) 'extract_raw_data_pipeline' retrieved from /opt/airflow/dags/driven_data_pipeline.py
[2025-11-23T11:00:38.901+0000] {logging_mixin.py:190} INFO - [2025-11-23T11:00:38.900+0000] {dag.py:3239} INFO - Sync 1 DAGs
[2025-11-23T11:00:38.955+0000] {logging_mixin.py:190} INFO - [2025-11-23T11:00:38.955+0000] {dag.py:4180} INFO - Setting next_dagrun for extract_raw_data_pipeline to 2025-11-22 07:00:00+00:00, run_after=2025-11-23 07:00:00+00:00
[2025-11-23T11:00:38.988+0000] {processor.py:208} INFO - Processing /opt/airflow/dags/driven_data_pipeline.py took 0.218 seconds
[2025-11-23T11:01:09.837+0000] {processor.py:186} INFO - Started process (PID=102) to work on /opt/airflow/dags/driven_data_pipeline.py
[2025-11-23T11:01:09.840+0000] {processor.py:914} INFO - Processing file /opt/airflow/dags/driven_data_pipeline.py for tasks to queue
[2025-11-23T11:01:09.846+0000] {logging_mixin.py:190} INFO - [2025-11-23T11:01:09.845+0000] {dagbag.py:588} INFO - Filling up the DagBag from /opt/airflow/dags/driven_data_pipeline.py
[2025-11-23T11:01:09.887+0000] {processor.py:925} INFO - DAG(s) 'extract_raw_data_pipeline' retrieved from /opt/airflow/dags/driven_data_pipeline.py
[2025-11-23T11:01:09.961+0000] {logging_mixin.py:190} INFO - [2025-11-23T11:01:09.961+0000] {dag.py:3239} INFO - Sync 1 DAGs
[2025-11-23T11:01:10.014+0000] {logging_mixin.py:190} INFO - [2025-11-23T11:01:10.013+0000] {dag.py:4180} INFO - Setting next_dagrun for extract_raw_data_pipeline to 2025-11-23 07:00:00+00:00, run_after=2025-11-24 07:00:00+00:00
[2025-11-23T11:01:10.045+0000] {processor.py:208} INFO - Processing /opt/airflow/dags/driven_data_pipeline.py took 0.221 seconds
[2025-11-23T11:01:40.373+0000] {processor.py:186} INFO - Started process (PID=109) to work on /opt/airflow/dags/driven_data_pipeline.py
[2025-11-23T11:01:40.379+0000] {processor.py:914} INFO - Processing file /opt/airflow/dags/driven_data_pipeline.py for tasks to queue
[2025-11-23T11:01:40.394+0000] {logging_mixin.py:190} INFO - [2025-11-23T11:01:40.392+0000] {dagbag.py:588} INFO - Filling up the DagBag from /opt/airflow/dags/driven_data_pipeline.py
[2025-11-23T11:01:40.452+0000] {processor.py:925} INFO - DAG(s) 'extract_raw_data_pipeline' retrieved from /opt/airflow/dags/driven_data_pipeline.py
[2025-11-23T11:01:40.551+0000] {logging_mixin.py:190} INFO - [2025-11-23T11:01:40.550+0000] {dag.py:3239} INFO - Sync 1 DAGs
[2025-11-23T11:01:40.635+0000] {logging_mixin.py:190} INFO - [2025-11-23T11:01:40.635+0000] {dag.py:4180} INFO - Setting next_dagrun for extract_raw_data_pipeline to 2025-11-23 07:00:00+00:00, run_after=2025-11-24 07:00:00+00:00
[2025-11-23T11:01:40.665+0000] {processor.py:208} INFO - Processing /opt/airflow/dags/driven_data_pipeline.py took 0.325 seconds
[2025-11-23T11:02:10.942+0000] {processor.py:186} INFO - Started process (PID=116) to work on /opt/airflow/dags/driven_data_pipeline.py
[2025-11-23T11:02:10.946+0000] {processor.py:914} INFO - Processing file /opt/airflow/dags/driven_data_pipeline.py for tasks to queue
[2025-11-23T11:02:10.950+0000] {logging_mixin.py:190} INFO - [2025-11-23T11:02:10.949+0000] {dagbag.py:588} INFO - Filling up the DagBag from /opt/airflow/dags/driven_data_pipeline.py
[2025-11-23T11:02:10.977+0000] {processor.py:925} INFO - DAG(s) 'extract_raw_data_pipeline' retrieved from /opt/airflow/dags/driven_data_pipeline.py
[2025-11-23T11:02:11.026+0000] {logging_mixin.py:190} INFO - [2025-11-23T11:02:11.025+0000] {dag.py:3239} INFO - Sync 1 DAGs
[2025-11-23T11:02:11.060+0000] {logging_mixin.py:190} INFO - [2025-11-23T11:02:11.059+0000] {dag.py:4180} INFO - Setting next_dagrun for extract_raw_data_pipeline to 2025-11-23 07:00:00+00:00, run_after=2025-11-24 07:00:00+00:00
[2025-11-23T11:02:11.084+0000] {processor.py:208} INFO - Processing /opt/airflow/dags/driven_data_pipeline.py took 0.154 seconds
[2025-11-23T11:02:41.311+0000] {processor.py:186} INFO - Started process (PID=123) to work on /opt/airflow/dags/driven_data_pipeline.py
[2025-11-23T11:02:41.314+0000] {processor.py:914} INFO - Processing file /opt/airflow/dags/driven_data_pipeline.py for tasks to queue
[2025-11-23T11:02:41.319+0000] {logging_mixin.py:190} INFO - [2025-11-23T11:02:41.319+0000] {dagbag.py:588} INFO - Filling up the DagBag from /opt/airflow/dags/driven_data_pipeline.py
[2025-11-23T11:02:41.350+0000] {processor.py:925} INFO - DAG(s) 'extract_raw_data_pipeline' retrieved from /opt/airflow/dags/driven_data_pipeline.py
[2025-11-23T11:02:41.412+0000] {logging_mixin.py:190} INFO - [2025-11-23T11:02:41.411+0000] {dag.py:3239} INFO - Sync 1 DAGs
[2025-11-23T11:02:46.543+0000] {logging_mixin.py:190} INFO - [2025-11-23T11:02:46.539+0000] {dag.py:4180} INFO - Setting next_dagrun for extract_raw_data_pipeline to 2025-11-23 07:00:00+00:00, run_after=2025-11-24 07:00:00+00:00
[2025-11-23T11:02:46.584+0000] {processor.py:208} INFO - Processing /opt/airflow/dags/driven_data_pipeline.py took 5.283 seconds
[2025-11-23T11:03:16.861+0000] {processor.py:186} INFO - Started process (PID=130) to work on /opt/airflow/dags/driven_data_pipeline.py
[2025-11-23T11:03:16.864+0000] {processor.py:914} INFO - Processing file /opt/airflow/dags/driven_data_pipeline.py for tasks to queue
[2025-11-23T11:03:16.870+0000] {logging_mixin.py:190} INFO - [2025-11-23T11:03:16.869+0000] {dagbag.py:588} INFO - Filling up the DagBag from /opt/airflow/dags/driven_data_pipeline.py
[2025-11-23T11:03:16.924+0000] {processor.py:925} INFO - DAG(s) 'extract_raw_data_pipeline' retrieved from /opt/airflow/dags/driven_data_pipeline.py
[2025-11-23T11:03:17.015+0000] {logging_mixin.py:190} INFO - [2025-11-23T11:03:17.015+0000] {dag.py:3239} INFO - Sync 1 DAGs
[2025-11-23T11:03:17.411+0000] {logging_mixin.py:190} INFO - [2025-11-23T11:03:17.411+0000] {dag.py:4180} INFO - Setting next_dagrun for extract_raw_data_pipeline to 2025-11-23 07:00:00+00:00, run_after=2025-11-24 07:00:00+00:00
[2025-11-23T11:03:17.450+0000] {processor.py:208} INFO - Processing /opt/airflow/dags/driven_data_pipeline.py took 0.600 seconds
[2025-11-23T11:03:47.787+0000] {processor.py:186} INFO - Started process (PID=138) to work on /opt/airflow/dags/driven_data_pipeline.py
[2025-11-23T11:03:47.789+0000] {processor.py:914} INFO - Processing file /opt/airflow/dags/driven_data_pipeline.py for tasks to queue
[2025-11-23T11:03:47.794+0000] {logging_mixin.py:190} INFO - [2025-11-23T11:03:47.793+0000] {dagbag.py:588} INFO - Filling up the DagBag from /opt/airflow/dags/driven_data_pipeline.py
[2025-11-23T11:03:47.822+0000] {processor.py:925} INFO - DAG(s) 'extract_raw_data_pipeline' retrieved from /opt/airflow/dags/driven_data_pipeline.py
[2025-11-23T11:03:48.153+0000] {logging_mixin.py:190} INFO - [2025-11-23T11:03:48.153+0000] {dag.py:3239} INFO - Sync 1 DAGs
[2025-11-23T11:03:48.185+0000] {logging_mixin.py:190} INFO - [2025-11-23T11:03:48.185+0000] {dag.py:4180} INFO - Setting next_dagrun for extract_raw_data_pipeline to 2025-11-23 07:00:00+00:00, run_after=2025-11-24 07:00:00+00:00
[2025-11-23T11:03:48.206+0000] {processor.py:208} INFO - Processing /opt/airflow/dags/driven_data_pipeline.py took 0.431 seconds
[2025-11-23T11:04:18.504+0000] {processor.py:186} INFO - Started process (PID=145) to work on /opt/airflow/dags/driven_data_pipeline.py
[2025-11-23T11:04:18.507+0000] {processor.py:914} INFO - Processing file /opt/airflow/dags/driven_data_pipeline.py for tasks to queue
[2025-11-23T11:04:18.512+0000] {logging_mixin.py:190} INFO - [2025-11-23T11:04:18.511+0000] {dagbag.py:588} INFO - Filling up the DagBag from /opt/airflow/dags/driven_data_pipeline.py
[2025-11-23T11:04:18.543+0000] {processor.py:925} INFO - DAG(s) 'extract_raw_data_pipeline' retrieved from /opt/airflow/dags/driven_data_pipeline.py
[2025-11-23T11:04:18.602+0000] {logging_mixin.py:190} INFO - [2025-11-23T11:04:18.601+0000] {dag.py:3239} INFO - Sync 1 DAGs
[2025-11-23T11:04:18.637+0000] {logging_mixin.py:190} INFO - [2025-11-23T11:04:18.637+0000] {dag.py:4180} INFO - Setting next_dagrun for extract_raw_data_pipeline to 2025-11-23 07:00:00+00:00, run_after=2025-11-24 07:00:00+00:00
[2025-11-23T11:04:18.666+0000] {processor.py:208} INFO - Processing /opt/airflow/dags/driven_data_pipeline.py took 0.174 seconds
[2025-11-23T11:04:48.858+0000] {processor.py:186} INFO - Started process (PID=152) to work on /opt/airflow/dags/driven_data_pipeline.py
[2025-11-23T11:04:48.861+0000] {processor.py:914} INFO - Processing file /opt/airflow/dags/driven_data_pipeline.py for tasks to queue
[2025-11-23T11:04:48.866+0000] {logging_mixin.py:190} INFO - [2025-11-23T11:04:48.865+0000] {dagbag.py:588} INFO - Filling up the DagBag from /opt/airflow/dags/driven_data_pipeline.py
[2025-11-23T11:04:48.907+0000] {processor.py:925} INFO - DAG(s) 'extract_raw_data_pipeline' retrieved from /opt/airflow/dags/driven_data_pipeline.py
[2025-11-23T11:04:48.977+0000] {logging_mixin.py:190} INFO - [2025-11-23T11:04:48.976+0000] {dag.py:3239} INFO - Sync 1 DAGs
[2025-11-23T11:04:49.030+0000] {logging_mixin.py:190} INFO - [2025-11-23T11:04:49.029+0000] {dag.py:4180} INFO - Setting next_dagrun for extract_raw_data_pipeline to 2025-11-23 07:00:00+00:00, run_after=2025-11-24 07:00:00+00:00
[2025-11-23T11:04:49.057+0000] {processor.py:208} INFO - Processing /opt/airflow/dags/driven_data_pipeline.py took 0.211 seconds
[2025-11-23T11:05:19.327+0000] {processor.py:186} INFO - Started process (PID=159) to work on /opt/airflow/dags/driven_data_pipeline.py
[2025-11-23T11:05:19.330+0000] {processor.py:914} INFO - Processing file /opt/airflow/dags/driven_data_pipeline.py for tasks to queue
[2025-11-23T11:05:19.337+0000] {logging_mixin.py:190} INFO - [2025-11-23T11:05:19.336+0000] {dagbag.py:588} INFO - Filling up the DagBag from /opt/airflow/dags/driven_data_pipeline.py
[2025-11-23T11:05:19.373+0000] {processor.py:925} INFO - DAG(s) 'extract_raw_data_pipeline' retrieved from /opt/airflow/dags/driven_data_pipeline.py
[2025-11-23T11:05:19.429+0000] {logging_mixin.py:190} INFO - [2025-11-23T11:05:19.429+0000] {dag.py:3239} INFO - Sync 1 DAGs
[2025-11-23T11:05:19.465+0000] {logging_mixin.py:190} INFO - [2025-11-23T11:05:19.465+0000] {dag.py:4180} INFO - Setting next_dagrun for extract_raw_data_pipeline to 2025-11-23 07:00:00+00:00, run_after=2025-11-24 07:00:00+00:00
[2025-11-23T11:05:19.715+0000] {processor.py:208} INFO - Processing /opt/airflow/dags/driven_data_pipeline.py took 0.399 seconds
[2025-11-23T11:05:50.092+0000] {processor.py:186} INFO - Started process (PID=166) to work on /opt/airflow/dags/driven_data_pipeline.py
[2025-11-23T11:05:50.094+0000] {processor.py:914} INFO - Processing file /opt/airflow/dags/driven_data_pipeline.py for tasks to queue
[2025-11-23T11:05:50.098+0000] {logging_mixin.py:190} INFO - [2025-11-23T11:05:50.098+0000] {dagbag.py:588} INFO - Filling up the DagBag from /opt/airflow/dags/driven_data_pipeline.py
[2025-11-23T11:05:50.125+0000] {processor.py:925} INFO - DAG(s) 'extract_raw_data_pipeline' retrieved from /opt/airflow/dags/driven_data_pipeline.py
[2025-11-23T11:05:50.176+0000] {logging_mixin.py:190} INFO - [2025-11-23T11:05:50.176+0000] {dag.py:3239} INFO - Sync 1 DAGs
[2025-11-23T11:05:50.419+0000] {logging_mixin.py:190} INFO - [2025-11-23T11:05:50.418+0000] {dag.py:4180} INFO - Setting next_dagrun for extract_raw_data_pipeline to 2025-11-23 07:00:00+00:00, run_after=2025-11-24 07:00:00+00:00
[2025-11-23T11:05:50.444+0000] {processor.py:208} INFO - Processing /opt/airflow/dags/driven_data_pipeline.py took 0.362 seconds
[2025-11-23T11:06:20.792+0000] {processor.py:186} INFO - Started process (PID=173) to work on /opt/airflow/dags/driven_data_pipeline.py
[2025-11-23T11:06:20.796+0000] {processor.py:914} INFO - Processing file /opt/airflow/dags/driven_data_pipeline.py for tasks to queue
[2025-11-23T11:06:20.800+0000] {logging_mixin.py:190} INFO - [2025-11-23T11:06:20.799+0000] {dagbag.py:588} INFO - Filling up the DagBag from /opt/airflow/dags/driven_data_pipeline.py
[2025-11-23T11:06:20.834+0000] {processor.py:925} INFO - DAG(s) 'extract_raw_data_pipeline' retrieved from /opt/airflow/dags/driven_data_pipeline.py
[2025-11-23T11:06:21.183+0000] {logging_mixin.py:190} INFO - [2025-11-23T11:06:21.182+0000] {dag.py:3239} INFO - Sync 1 DAGs
[2025-11-23T11:06:21.220+0000] {logging_mixin.py:190} INFO - [2025-11-23T11:06:21.220+0000] {dag.py:4180} INFO - Setting next_dagrun for extract_raw_data_pipeline to 2025-11-23 07:00:00+00:00, run_after=2025-11-24 07:00:00+00:00
[2025-11-23T11:06:21.243+0000] {processor.py:208} INFO - Processing /opt/airflow/dags/driven_data_pipeline.py took 0.464 seconds
[2025-11-23T11:06:51.660+0000] {processor.py:186} INFO - Started process (PID=180) to work on /opt/airflow/dags/driven_data_pipeline.py
[2025-11-23T11:06:51.663+0000] {processor.py:914} INFO - Processing file /opt/airflow/dags/driven_data_pipeline.py for tasks to queue
[2025-11-23T11:06:51.668+0000] {logging_mixin.py:190} INFO - [2025-11-23T11:06:51.667+0000] {dagbag.py:588} INFO - Filling up the DagBag from /opt/airflow/dags/driven_data_pipeline.py
[2025-11-23T11:06:51.707+0000] {processor.py:925} INFO - DAG(s) 'extract_raw_data_pipeline' retrieved from /opt/airflow/dags/driven_data_pipeline.py
[2025-11-23T11:06:52.052+0000] {logging_mixin.py:190} INFO - [2025-11-23T11:06:52.050+0000] {dag.py:3239} INFO - Sync 1 DAGs
[2025-11-23T11:06:52.089+0000] {logging_mixin.py:190} INFO - [2025-11-23T11:06:52.088+0000] {dag.py:4180} INFO - Setting next_dagrun for extract_raw_data_pipeline to 2025-11-23 07:00:00+00:00, run_after=2025-11-24 07:00:00+00:00
[2025-11-23T11:06:52.114+0000] {processor.py:208} INFO - Processing /opt/airflow/dags/driven_data_pipeline.py took 0.470 seconds
[2025-11-23T11:07:22.469+0000] {processor.py:186} INFO - Started process (PID=186) to work on /opt/airflow/dags/driven_data_pipeline.py
[2025-11-23T11:07:22.471+0000] {processor.py:914} INFO - Processing file /opt/airflow/dags/driven_data_pipeline.py for tasks to queue
[2025-11-23T11:07:22.476+0000] {logging_mixin.py:190} INFO - [2025-11-23T11:07:22.475+0000] {dagbag.py:588} INFO - Filling up the DagBag from /opt/airflow/dags/driven_data_pipeline.py
[2025-11-23T11:07:22.504+0000] {processor.py:925} INFO - DAG(s) 'extract_raw_data_pipeline' retrieved from /opt/airflow/dags/driven_data_pipeline.py
[2025-11-23T11:07:22.558+0000] {logging_mixin.py:190} INFO - [2025-11-23T11:07:22.557+0000] {dag.py:3239} INFO - Sync 1 DAGs
[2025-11-23T11:07:22.594+0000] {logging_mixin.py:190} INFO - [2025-11-23T11:07:22.593+0000] {dag.py:4180} INFO - Setting next_dagrun for extract_raw_data_pipeline to 2025-11-23 07:00:00+00:00, run_after=2025-11-24 07:00:00+00:00
[2025-11-23T11:07:22.694+0000] {processor.py:208} INFO - Processing /opt/airflow/dags/driven_data_pipeline.py took 0.235 seconds
[2025-11-23T11:07:52.819+0000] {processor.py:186} INFO - Started process (PID=193) to work on /opt/airflow/dags/driven_data_pipeline.py
[2025-11-23T11:07:52.823+0000] {processor.py:914} INFO - Processing file /opt/airflow/dags/driven_data_pipeline.py for tasks to queue
[2025-11-23T11:07:52.830+0000] {logging_mixin.py:190} INFO - [2025-11-23T11:07:52.827+0000] {dagbag.py:588} INFO - Filling up the DagBag from /opt/airflow/dags/driven_data_pipeline.py
[2025-11-23T11:07:52.874+0000] {processor.py:925} INFO - DAG(s) 'extract_raw_data_pipeline' retrieved from /opt/airflow/dags/driven_data_pipeline.py
[2025-11-23T11:07:52.992+0000] {logging_mixin.py:190} INFO - [2025-11-23T11:07:52.989+0000] {dag.py:3239} INFO - Sync 1 DAGs
[2025-11-23T11:07:53.047+0000] {logging_mixin.py:190} INFO - [2025-11-23T11:07:53.046+0000] {dag.py:4180} INFO - Setting next_dagrun for extract_raw_data_pipeline to 2025-11-23 07:00:00+00:00, run_after=2025-11-24 07:00:00+00:00
[2025-11-23T11:07:53.129+0000] {processor.py:208} INFO - Processing /opt/airflow/dags/driven_data_pipeline.py took 0.326 seconds
[2025-11-23T11:08:23.350+0000] {processor.py:186} INFO - Started process (PID=200) to work on /opt/airflow/dags/driven_data_pipeline.py
[2025-11-23T11:08:23.352+0000] {processor.py:914} INFO - Processing file /opt/airflow/dags/driven_data_pipeline.py for tasks to queue
[2025-11-23T11:08:23.356+0000] {logging_mixin.py:190} INFO - [2025-11-23T11:08:23.355+0000] {dagbag.py:588} INFO - Filling up the DagBag from /opt/airflow/dags/driven_data_pipeline.py
[2025-11-23T11:08:23.382+0000] {processor.py:925} INFO - DAG(s) 'extract_raw_data_pipeline' retrieved from /opt/airflow/dags/driven_data_pipeline.py
[2025-11-23T11:08:23.429+0000] {logging_mixin.py:190} INFO - [2025-11-23T11:08:23.429+0000] {dag.py:3239} INFO - Sync 1 DAGs
[2025-11-23T11:08:23.463+0000] {logging_mixin.py:190} INFO - [2025-11-23T11:08:23.463+0000] {dag.py:4180} INFO - Setting next_dagrun for extract_raw_data_pipeline to 2025-11-23 07:00:00+00:00, run_after=2025-11-24 07:00:00+00:00
[2025-11-23T11:08:23.697+0000] {processor.py:208} INFO - Processing /opt/airflow/dags/driven_data_pipeline.py took 0.356 seconds
[2025-11-23T11:08:53.770+0000] {processor.py:186} INFO - Started process (PID=207) to work on /opt/airflow/dags/driven_data_pipeline.py
[2025-11-23T11:08:53.772+0000] {processor.py:914} INFO - Processing file /opt/airflow/dags/driven_data_pipeline.py for tasks to queue
[2025-11-23T11:08:53.776+0000] {logging_mixin.py:190} INFO - [2025-11-23T11:08:53.776+0000] {dagbag.py:588} INFO - Filling up the DagBag from /opt/airflow/dags/driven_data_pipeline.py
[2025-11-23T11:08:53.805+0000] {processor.py:925} INFO - DAG(s) 'extract_raw_data_pipeline' retrieved from /opt/airflow/dags/driven_data_pipeline.py
[2025-11-23T11:08:53.854+0000] {logging_mixin.py:190} INFO - [2025-11-23T11:08:53.854+0000] {dag.py:3239} INFO - Sync 1 DAGs
[2025-11-23T11:08:54.116+0000] {logging_mixin.py:190} INFO - [2025-11-23T11:08:54.115+0000] {dag.py:4180} INFO - Setting next_dagrun for extract_raw_data_pipeline to 2025-11-23 07:00:00+00:00, run_after=2025-11-24 07:00:00+00:00
[2025-11-23T11:08:54.142+0000] {processor.py:208} INFO - Processing /opt/airflow/dags/driven_data_pipeline.py took 0.383 seconds
[2025-11-23T11:09:24.300+0000] {processor.py:186} INFO - Started process (PID=213) to work on /opt/airflow/dags/driven_data_pipeline.py
[2025-11-23T11:09:24.303+0000] {processor.py:914} INFO - Processing file /opt/airflow/dags/driven_data_pipeline.py for tasks to queue
[2025-11-23T11:09:24.307+0000] {logging_mixin.py:190} INFO - [2025-11-23T11:09:24.306+0000] {dagbag.py:588} INFO - Filling up the DagBag from /opt/airflow/dags/driven_data_pipeline.py
[2025-11-23T11:09:24.337+0000] {processor.py:925} INFO - DAG(s) 'extract_raw_data_pipeline' retrieved from /opt/airflow/dags/driven_data_pipeline.py
[2025-11-23T11:09:24.608+0000] {logging_mixin.py:190} INFO - [2025-11-23T11:09:24.608+0000] {dag.py:3239} INFO - Sync 1 DAGs
[2025-11-23T11:09:24.643+0000] {logging_mixin.py:190} INFO - [2025-11-23T11:09:24.643+0000] {dag.py:4180} INFO - Setting next_dagrun for extract_raw_data_pipeline to 2025-11-23 07:00:00+00:00, run_after=2025-11-24 07:00:00+00:00
[2025-11-23T11:09:24.666+0000] {processor.py:208} INFO - Processing /opt/airflow/dags/driven_data_pipeline.py took 0.374 seconds
[2025-11-23T11:09:54.898+0000] {processor.py:186} INFO - Started process (PID=220) to work on /opt/airflow/dags/driven_data_pipeline.py
[2025-11-23T11:09:54.900+0000] {processor.py:914} INFO - Processing file /opt/airflow/dags/driven_data_pipeline.py for tasks to queue
[2025-11-23T11:09:54.904+0000] {logging_mixin.py:190} INFO - [2025-11-23T11:09:54.904+0000] {dagbag.py:588} INFO - Filling up the DagBag from /opt/airflow/dags/driven_data_pipeline.py
[2025-11-23T11:09:54.933+0000] {processor.py:925} INFO - DAG(s) 'extract_raw_data_pipeline' retrieved from /opt/airflow/dags/driven_data_pipeline.py
[2025-11-23T11:09:54.983+0000] {logging_mixin.py:190} INFO - [2025-11-23T11:09:54.982+0000] {dag.py:3239} INFO - Sync 1 DAGs
[2025-11-23T11:09:55.016+0000] {logging_mixin.py:190} INFO - [2025-11-23T11:09:55.016+0000] {dag.py:4180} INFO - Setting next_dagrun for extract_raw_data_pipeline to 2025-11-23 07:00:00+00:00, run_after=2025-11-24 07:00:00+00:00
[2025-11-23T11:09:55.042+0000] {processor.py:208} INFO - Processing /opt/airflow/dags/driven_data_pipeline.py took 0.154 seconds
[2025-11-23T11:10:25.237+0000] {processor.py:186} INFO - Started process (PID=227) to work on /opt/airflow/dags/driven_data_pipeline.py
[2025-11-23T11:10:25.240+0000] {processor.py:914} INFO - Processing file /opt/airflow/dags/driven_data_pipeline.py for tasks to queue
[2025-11-23T11:10:25.244+0000] {logging_mixin.py:190} INFO - [2025-11-23T11:10:25.243+0000] {dagbag.py:588} INFO - Filling up the DagBag from /opt/airflow/dags/driven_data_pipeline.py
[2025-11-23T11:10:25.273+0000] {processor.py:925} INFO - DAG(s) 'extract_raw_data_pipeline' retrieved from /opt/airflow/dags/driven_data_pipeline.py
[2025-11-23T11:10:25.328+0000] {logging_mixin.py:190} INFO - [2025-11-23T11:10:25.327+0000] {dag.py:3239} INFO - Sync 1 DAGs
[2025-11-23T11:10:25.364+0000] {logging_mixin.py:190} INFO - [2025-11-23T11:10:25.364+0000] {dag.py:4180} INFO - Setting next_dagrun for extract_raw_data_pipeline to 2025-11-23 07:00:00+00:00, run_after=2025-11-24 07:00:00+00:00
[2025-11-23T11:10:25.389+0000] {processor.py:208} INFO - Processing /opt/airflow/dags/driven_data_pipeline.py took 0.164 seconds
[2025-11-23T11:10:55.555+0000] {processor.py:186} INFO - Started process (PID=234) to work on /opt/airflow/dags/driven_data_pipeline.py
[2025-11-23T11:10:55.558+0000] {processor.py:914} INFO - Processing file /opt/airflow/dags/driven_data_pipeline.py for tasks to queue
[2025-11-23T11:10:55.562+0000] {logging_mixin.py:190} INFO - [2025-11-23T11:10:55.561+0000] {dagbag.py:588} INFO - Filling up the DagBag from /opt/airflow/dags/driven_data_pipeline.py
[2025-11-23T11:10:55.601+0000] {processor.py:925} INFO - DAG(s) 'extract_raw_data_pipeline' retrieved from /opt/airflow/dags/driven_data_pipeline.py
[2025-11-23T11:10:55.686+0000] {logging_mixin.py:190} INFO - [2025-11-23T11:10:55.685+0000] {dag.py:3239} INFO - Sync 1 DAGs
[2025-11-23T11:10:55.728+0000] {logging_mixin.py:190} INFO - [2025-11-23T11:10:55.727+0000] {dag.py:4180} INFO - Setting next_dagrun for extract_raw_data_pipeline to 2025-11-23 07:00:00+00:00, run_after=2025-11-24 07:00:00+00:00
[2025-11-23T11:10:56.530+0000] {processor.py:208} INFO - Processing /opt/airflow/dags/driven_data_pipeline.py took 0.987 seconds
[2025-11-23T11:11:26.939+0000] {processor.py:186} INFO - Started process (PID=241) to work on /opt/airflow/dags/driven_data_pipeline.py
[2025-11-23T11:11:26.943+0000] {processor.py:914} INFO - Processing file /opt/airflow/dags/driven_data_pipeline.py for tasks to queue
[2025-11-23T11:11:26.950+0000] {logging_mixin.py:190} INFO - [2025-11-23T11:11:26.949+0000] {dagbag.py:588} INFO - Filling up the DagBag from /opt/airflow/dags/driven_data_pipeline.py
[2025-11-23T11:11:26.983+0000] {processor.py:925} INFO - DAG(s) 'extract_raw_data_pipeline' retrieved from /opt/airflow/dags/driven_data_pipeline.py
[2025-11-23T11:11:27.036+0000] {logging_mixin.py:190} INFO - [2025-11-23T11:11:27.036+0000] {dag.py:3239} INFO - Sync 1 DAGs
[2025-11-23T11:11:27.304+0000] {logging_mixin.py:190} INFO - [2025-11-23T11:11:27.303+0000] {dag.py:4180} INFO - Setting next_dagrun for extract_raw_data_pipeline to 2025-11-23 07:00:00+00:00, run_after=2025-11-24 07:00:00+00:00
[2025-11-23T11:11:27.326+0000] {processor.py:208} INFO - Processing /opt/airflow/dags/driven_data_pipeline.py took 0.403 seconds
[2025-11-23T11:11:57.731+0000] {processor.py:186} INFO - Started process (PID=249) to work on /opt/airflow/dags/driven_data_pipeline.py
[2025-11-23T11:11:57.734+0000] {processor.py:914} INFO - Processing file /opt/airflow/dags/driven_data_pipeline.py for tasks to queue
[2025-11-23T11:11:57.741+0000] {logging_mixin.py:190} INFO - [2025-11-23T11:11:57.740+0000] {dagbag.py:588} INFO - Filling up the DagBag from /opt/airflow/dags/driven_data_pipeline.py
[2025-11-23T11:11:57.781+0000] {processor.py:925} INFO - DAG(s) 'extract_raw_data_pipeline' retrieved from /opt/airflow/dags/driven_data_pipeline.py
[2025-11-23T11:11:57.863+0000] {logging_mixin.py:190} INFO - [2025-11-23T11:11:57.862+0000] {dag.py:3239} INFO - Sync 1 DAGs
[2025-11-23T11:11:58.236+0000] {logging_mixin.py:190} INFO - [2025-11-23T11:11:58.235+0000] {dag.py:4180} INFO - Setting next_dagrun for extract_raw_data_pipeline to 2025-11-23 07:00:00+00:00, run_after=2025-11-24 07:00:00+00:00
[2025-11-23T11:11:58.281+0000] {processor.py:208} INFO - Processing /opt/airflow/dags/driven_data_pipeline.py took 0.563 seconds
[2025-11-23T11:12:28.505+0000] {processor.py:186} INFO - Started process (PID=256) to work on /opt/airflow/dags/driven_data_pipeline.py
[2025-11-23T11:12:28.508+0000] {processor.py:914} INFO - Processing file /opt/airflow/dags/driven_data_pipeline.py for tasks to queue
[2025-11-23T11:12:28.512+0000] {logging_mixin.py:190} INFO - [2025-11-23T11:12:28.511+0000] {dagbag.py:588} INFO - Filling up the DagBag from /opt/airflow/dags/driven_data_pipeline.py
[2025-11-23T11:12:28.544+0000] {processor.py:925} INFO - DAG(s) 'extract_raw_data_pipeline' retrieved from /opt/airflow/dags/driven_data_pipeline.py
[2025-11-23T11:12:28.855+0000] {logging_mixin.py:190} INFO - [2025-11-23T11:12:28.854+0000] {dag.py:3239} INFO - Sync 1 DAGs
[2025-11-23T11:12:28.892+0000] {logging_mixin.py:190} INFO - [2025-11-23T11:12:28.892+0000] {dag.py:4180} INFO - Setting next_dagrun for extract_raw_data_pipeline to 2025-11-23 07:00:00+00:00, run_after=2025-11-24 07:00:00+00:00
[2025-11-23T11:12:28.918+0000] {processor.py:208} INFO - Processing /opt/airflow/dags/driven_data_pipeline.py took 0.425 seconds
[2025-11-23T11:12:59.259+0000] {processor.py:186} INFO - Started process (PID=263) to work on /opt/airflow/dags/driven_data_pipeline.py
[2025-11-23T11:12:59.262+0000] {processor.py:914} INFO - Processing file /opt/airflow/dags/driven_data_pipeline.py for tasks to queue
[2025-11-23T11:12:59.266+0000] {logging_mixin.py:190} INFO - [2025-11-23T11:12:59.265+0000] {dagbag.py:588} INFO - Filling up the DagBag from /opt/airflow/dags/driven_data_pipeline.py
[2025-11-23T11:12:59.298+0000] {processor.py:925} INFO - DAG(s) 'extract_raw_data_pipeline' retrieved from /opt/airflow/dags/driven_data_pipeline.py
[2025-11-23T11:12:59.351+0000] {logging_mixin.py:190} INFO - [2025-11-23T11:12:59.351+0000] {dag.py:3239} INFO - Sync 1 DAGs
[2025-11-23T11:12:59.394+0000] {logging_mixin.py:190} INFO - [2025-11-23T11:12:59.393+0000] {dag.py:4180} INFO - Setting next_dagrun for extract_raw_data_pipeline to 2025-11-23 07:00:00+00:00, run_after=2025-11-24 07:00:00+00:00
[2025-11-23T11:12:59.425+0000] {processor.py:208} INFO - Processing /opt/airflow/dags/driven_data_pipeline.py took 0.177 seconds
[2025-11-23T11:13:29.625+0000] {processor.py:186} INFO - Started process (PID=270) to work on /opt/airflow/dags/driven_data_pipeline.py
[2025-11-23T11:13:29.628+0000] {processor.py:914} INFO - Processing file /opt/airflow/dags/driven_data_pipeline.py for tasks to queue
[2025-11-23T11:13:29.632+0000] {logging_mixin.py:190} INFO - [2025-11-23T11:13:29.631+0000] {dagbag.py:588} INFO - Filling up the DagBag from /opt/airflow/dags/driven_data_pipeline.py
[2025-11-23T11:13:29.661+0000] {processor.py:925} INFO - DAG(s) 'extract_raw_data_pipeline' retrieved from /opt/airflow/dags/driven_data_pipeline.py
[2025-11-23T11:13:29.712+0000] {logging_mixin.py:190} INFO - [2025-11-23T11:13:29.712+0000] {dag.py:3239} INFO - Sync 1 DAGs
[2025-11-23T11:13:29.747+0000] {logging_mixin.py:190} INFO - [2025-11-23T11:13:29.747+0000] {dag.py:4180} INFO - Setting next_dagrun for extract_raw_data_pipeline to 2025-11-23 07:00:00+00:00, run_after=2025-11-24 07:00:00+00:00
[2025-11-23T11:13:29.773+0000] {processor.py:208} INFO - Processing /opt/airflow/dags/driven_data_pipeline.py took 0.160 seconds
[2025-11-23T11:13:59.920+0000] {processor.py:186} INFO - Started process (PID=277) to work on /opt/airflow/dags/driven_data_pipeline.py
[2025-11-23T11:13:59.924+0000] {processor.py:914} INFO - Processing file /opt/airflow/dags/driven_data_pipeline.py for tasks to queue
[2025-11-23T11:13:59.928+0000] {logging_mixin.py:190} INFO - [2025-11-23T11:13:59.928+0000] {dagbag.py:588} INFO - Filling up the DagBag from /opt/airflow/dags/driven_data_pipeline.py
[2025-11-23T11:13:59.962+0000] {processor.py:925} INFO - DAG(s) 'extract_raw_data_pipeline' retrieved from /opt/airflow/dags/driven_data_pipeline.py
[2025-11-23T11:14:00.022+0000] {logging_mixin.py:190} INFO - [2025-11-23T11:14:00.021+0000] {dag.py:3239} INFO - Sync 1 DAGs
[2025-11-23T11:14:00.267+0000] {logging_mixin.py:190} INFO - [2025-11-23T11:14:00.265+0000] {dag.py:4180} INFO - Setting next_dagrun for extract_raw_data_pipeline to 2025-11-23 07:00:00+00:00, run_after=2025-11-24 07:00:00+00:00
[2025-11-23T11:14:00.293+0000] {processor.py:208} INFO - Processing /opt/airflow/dags/driven_data_pipeline.py took 0.384 seconds
[2025-11-23T11:14:30.555+0000] {processor.py:186} INFO - Started process (PID=284) to work on /opt/airflow/dags/driven_data_pipeline.py
[2025-11-23T11:14:30.558+0000] {processor.py:914} INFO - Processing file /opt/airflow/dags/driven_data_pipeline.py for tasks to queue
[2025-11-23T11:14:30.563+0000] {logging_mixin.py:190} INFO - [2025-11-23T11:14:30.562+0000] {dagbag.py:588} INFO - Filling up the DagBag from /opt/airflow/dags/driven_data_pipeline.py
[2025-11-23T11:14:30.594+0000] {processor.py:925} INFO - DAG(s) 'extract_raw_data_pipeline' retrieved from /opt/airflow/dags/driven_data_pipeline.py
[2025-11-23T11:14:30.643+0000] {logging_mixin.py:190} INFO - [2025-11-23T11:14:30.643+0000] {dag.py:3239} INFO - Sync 1 DAGs
[2025-11-23T11:14:30.871+0000] {logging_mixin.py:190} INFO - [2025-11-23T11:14:30.871+0000] {dag.py:4180} INFO - Setting next_dagrun for extract_raw_data_pipeline to 2025-11-23 07:00:00+00:00, run_after=2025-11-24 07:00:00+00:00
[2025-11-23T11:14:30.902+0000] {processor.py:208} INFO - Processing /opt/airflow/dags/driven_data_pipeline.py took 0.357 seconds
[2025-11-23T11:15:01.195+0000] {processor.py:186} INFO - Started process (PID=291) to work on /opt/airflow/dags/driven_data_pipeline.py
[2025-11-23T11:15:01.199+0000] {processor.py:914} INFO - Processing file /opt/airflow/dags/driven_data_pipeline.py for tasks to queue
[2025-11-23T11:15:01.205+0000] {logging_mixin.py:190} INFO - [2025-11-23T11:15:01.204+0000] {dagbag.py:588} INFO - Filling up the DagBag from /opt/airflow/dags/driven_data_pipeline.py
[2025-11-23T11:15:01.275+0000] {processor.py:925} INFO - DAG(s) 'extract_raw_data_pipeline' retrieved from /opt/airflow/dags/driven_data_pipeline.py
[2025-11-23T11:15:01.592+0000] {logging_mixin.py:190} INFO - [2025-11-23T11:15:01.590+0000] {dag.py:3239} INFO - Sync 1 DAGs
[2025-11-23T11:15:01.628+0000] {logging_mixin.py:190} INFO - [2025-11-23T11:15:01.628+0000] {dag.py:4180} INFO - Setting next_dagrun for extract_raw_data_pipeline to 2025-11-23 07:00:00+00:00, run_after=2025-11-24 07:00:00+00:00
[2025-11-23T11:15:01.655+0000] {processor.py:208} INFO - Processing /opt/airflow/dags/driven_data_pipeline.py took 0.474 seconds
[2025-11-23T11:15:23.448+0000] {processor.py:186} INFO - Started process (PID=299) to work on /opt/airflow/dags/driven_data_pipeline.py
[2025-11-23T11:15:23.451+0000] {processor.py:914} INFO - Processing file /opt/airflow/dags/driven_data_pipeline.py for tasks to queue
[2025-11-23T11:15:23.456+0000] {logging_mixin.py:190} INFO - [2025-11-23T11:15:23.455+0000] {dagbag.py:588} INFO - Filling up the DagBag from /opt/airflow/dags/driven_data_pipeline.py
[2025-11-23T11:15:23.714+0000] {processor.py:925} INFO - DAG(s) 'extract_raw_data_pipeline' retrieved from /opt/airflow/dags/driven_data_pipeline.py
[2025-11-23T11:15:24.011+0000] {logging_mixin.py:190} INFO - [2025-11-23T11:15:24.010+0000] {dag.py:3239} INFO - Sync 1 DAGs
[2025-11-23T11:15:24.044+0000] {logging_mixin.py:190} INFO - [2025-11-23T11:15:24.044+0000] {dag.py:4180} INFO - Setting next_dagrun for extract_raw_data_pipeline to 2025-11-23 07:00:00+00:00, run_after=2025-11-24 07:00:00+00:00
[2025-11-23T11:15:24.081+0000] {processor.py:208} INFO - Processing /opt/airflow/dags/driven_data_pipeline.py took 0.646 seconds
[2025-11-23T11:15:29.987+0000] {processor.py:186} INFO - Started process (PID=300) to work on /opt/airflow/dags/driven_data_pipeline.py
[2025-11-23T11:15:29.990+0000] {processor.py:914} INFO - Processing file /opt/airflow/dags/driven_data_pipeline.py for tasks to queue
[2025-11-23T11:15:29.994+0000] {logging_mixin.py:190} INFO - [2025-11-23T11:15:29.994+0000] {dagbag.py:588} INFO - Filling up the DagBag from /opt/airflow/dags/driven_data_pipeline.py
[2025-11-23T11:15:30.354+0000] {processor.py:925} INFO - DAG(s) 'extract_raw_data_pipeline' retrieved from /opt/airflow/dags/driven_data_pipeline.py
[2025-11-23T11:15:30.399+0000] {logging_mixin.py:190} INFO - [2025-11-23T11:15:30.398+0000] {dag.py:3239} INFO - Sync 1 DAGs
[2025-11-23T11:15:30.456+0000] {logging_mixin.py:190} INFO - [2025-11-23T11:15:30.456+0000] {dag.py:4180} INFO - Setting next_dagrun for extract_raw_data_pipeline to 2025-11-23 07:00:00+00:00, run_after=2025-11-24 07:00:00+00:00
[2025-11-23T11:15:30.515+0000] {processor.py:208} INFO - Processing /opt/airflow/dags/driven_data_pipeline.py took 0.539 seconds
[2025-11-23T11:16:00.852+0000] {processor.py:186} INFO - Started process (PID=307) to work on /opt/airflow/dags/driven_data_pipeline.py
[2025-11-23T11:16:00.855+0000] {processor.py:914} INFO - Processing file /opt/airflow/dags/driven_data_pipeline.py for tasks to queue
[2025-11-23T11:16:00.863+0000] {logging_mixin.py:190} INFO - [2025-11-23T11:16:00.860+0000] {dagbag.py:588} INFO - Filling up the DagBag from /opt/airflow/dags/driven_data_pipeline.py
[2025-11-23T11:16:00.902+0000] {processor.py:925} INFO - DAG(s) 'extract_raw_data_pipeline' retrieved from /opt/airflow/dags/driven_data_pipeline.py
[2025-11-23T11:16:01.218+0000] {logging_mixin.py:190} INFO - [2025-11-23T11:16:01.218+0000] {dag.py:3239} INFO - Sync 1 DAGs
[2025-11-23T11:16:01.268+0000] {logging_mixin.py:190} INFO - [2025-11-23T11:16:01.267+0000] {dag.py:4180} INFO - Setting next_dagrun for extract_raw_data_pipeline to 2025-11-23 07:00:00+00:00, run_after=2025-11-24 07:00:00+00:00
[2025-11-23T11:16:01.303+0000] {processor.py:208} INFO - Processing /opt/airflow/dags/driven_data_pipeline.py took 0.479 seconds
[2025-11-23T11:16:31.582+0000] {processor.py:186} INFO - Started process (PID=314) to work on /opt/airflow/dags/driven_data_pipeline.py
[2025-11-23T11:16:31.585+0000] {processor.py:914} INFO - Processing file /opt/airflow/dags/driven_data_pipeline.py for tasks to queue
[2025-11-23T11:16:31.589+0000] {logging_mixin.py:190} INFO - [2025-11-23T11:16:31.588+0000] {dagbag.py:588} INFO - Filling up the DagBag from /opt/airflow/dags/driven_data_pipeline.py
[2025-11-23T11:16:31.621+0000] {processor.py:925} INFO - DAG(s) 'extract_raw_data_pipeline' retrieved from /opt/airflow/dags/driven_data_pipeline.py
[2025-11-23T11:16:31.680+0000] {logging_mixin.py:190} INFO - [2025-11-23T11:16:31.680+0000] {dag.py:3239} INFO - Sync 1 DAGs
[2025-11-23T11:16:31.718+0000] {logging_mixin.py:190} INFO - [2025-11-23T11:16:31.718+0000] {dag.py:4180} INFO - Setting next_dagrun for extract_raw_data_pipeline to 2025-11-23 07:00:00+00:00, run_after=2025-11-24 07:00:00+00:00
[2025-11-23T11:16:31.745+0000] {processor.py:208} INFO - Processing /opt/airflow/dags/driven_data_pipeline.py took 0.175 seconds
[2025-11-23T11:17:01.894+0000] {processor.py:186} INFO - Started process (PID=321) to work on /opt/airflow/dags/driven_data_pipeline.py
[2025-11-23T11:17:01.897+0000] {processor.py:914} INFO - Processing file /opt/airflow/dags/driven_data_pipeline.py for tasks to queue
[2025-11-23T11:17:01.901+0000] {logging_mixin.py:190} INFO - [2025-11-23T11:17:01.901+0000] {dagbag.py:588} INFO - Filling up the DagBag from /opt/airflow/dags/driven_data_pipeline.py
[2025-11-23T11:17:01.937+0000] {processor.py:925} INFO - DAG(s) 'extract_raw_data_pipeline' retrieved from /opt/airflow/dags/driven_data_pipeline.py
[2025-11-23T11:17:02.002+0000] {logging_mixin.py:190} INFO - [2025-11-23T11:17:02.001+0000] {dag.py:3239} INFO - Sync 1 DAGs
[2025-11-23T11:17:02.040+0000] {logging_mixin.py:190} INFO - [2025-11-23T11:17:02.040+0000] {dag.py:4180} INFO - Setting next_dagrun for extract_raw_data_pipeline to 2025-11-23 07:00:00+00:00, run_after=2025-11-24 07:00:00+00:00
[2025-11-23T11:17:02.066+0000] {processor.py:208} INFO - Processing /opt/airflow/dags/driven_data_pipeline.py took 0.184 seconds
[2025-11-23T11:17:32.393+0000] {processor.py:186} INFO - Started process (PID=328) to work on /opt/airflow/dags/driven_data_pipeline.py
[2025-11-23T11:17:32.396+0000] {processor.py:914} INFO - Processing file /opt/airflow/dags/driven_data_pipeline.py for tasks to queue
[2025-11-23T11:17:32.401+0000] {logging_mixin.py:190} INFO - [2025-11-23T11:17:32.400+0000] {dagbag.py:588} INFO - Filling up the DagBag from /opt/airflow/dags/driven_data_pipeline.py
[2025-11-23T11:17:32.430+0000] {processor.py:925} INFO - DAG(s) 'extract_raw_data_pipeline' retrieved from /opt/airflow/dags/driven_data_pipeline.py
[2025-11-23T11:17:32.488+0000] {logging_mixin.py:190} INFO - [2025-11-23T11:17:32.488+0000] {dag.py:3239} INFO - Sync 1 DAGs
[2025-11-23T11:17:32.520+0000] {logging_mixin.py:190} INFO - [2025-11-23T11:17:32.520+0000] {dag.py:4180} INFO - Setting next_dagrun for extract_raw_data_pipeline to 2025-11-23 07:00:00+00:00, run_after=2025-11-24 07:00:00+00:00
[2025-11-23T11:17:32.545+0000] {processor.py:208} INFO - Processing /opt/airflow/dags/driven_data_pipeline.py took 0.166 seconds
[2025-11-23T11:18:02.817+0000] {processor.py:186} INFO - Started process (PID=335) to work on /opt/airflow/dags/driven_data_pipeline.py
[2025-11-23T11:18:02.822+0000] {processor.py:914} INFO - Processing file /opt/airflow/dags/driven_data_pipeline.py for tasks to queue
[2025-11-23T11:18:02.826+0000] {logging_mixin.py:190} INFO - [2025-11-23T11:18:02.825+0000] {dagbag.py:588} INFO - Filling up the DagBag from /opt/airflow/dags/driven_data_pipeline.py
[2025-11-23T11:18:02.862+0000] {processor.py:925} INFO - DAG(s) 'extract_raw_data_pipeline' retrieved from /opt/airflow/dags/driven_data_pipeline.py
[2025-11-23T11:18:02.945+0000] {logging_mixin.py:190} INFO - [2025-11-23T11:18:02.944+0000] {dag.py:3239} INFO - Sync 1 DAGs
[2025-11-23T11:18:02.980+0000] {logging_mixin.py:190} INFO - [2025-11-23T11:18:02.980+0000] {dag.py:4180} INFO - Setting next_dagrun for extract_raw_data_pipeline to 2025-11-23 07:00:00+00:00, run_after=2025-11-24 07:00:00+00:00
[2025-11-23T11:18:03.006+0000] {processor.py:208} INFO - Processing /opt/airflow/dags/driven_data_pipeline.py took 0.200 seconds
[2025-11-23T11:18:33.273+0000] {processor.py:186} INFO - Started process (PID=342) to work on /opt/airflow/dags/driven_data_pipeline.py
[2025-11-23T11:18:33.277+0000] {processor.py:914} INFO - Processing file /opt/airflow/dags/driven_data_pipeline.py for tasks to queue
[2025-11-23T11:18:33.281+0000] {logging_mixin.py:190} INFO - [2025-11-23T11:18:33.280+0000] {dagbag.py:588} INFO - Filling up the DagBag from /opt/airflow/dags/driven_data_pipeline.py
[2025-11-23T11:18:33.314+0000] {processor.py:925} INFO - DAG(s) 'extract_raw_data_pipeline' retrieved from /opt/airflow/dags/driven_data_pipeline.py
[2025-11-23T11:18:33.473+0000] {logging_mixin.py:190} INFO - [2025-11-23T11:18:33.467+0000] {dag.py:3239} INFO - Sync 1 DAGs
[2025-11-23T11:18:33.705+0000] {logging_mixin.py:190} INFO - [2025-11-23T11:18:33.698+0000] {dag.py:4180} INFO - Setting next_dagrun for extract_raw_data_pipeline to 2025-11-23 07:00:00+00:00, run_after=2025-11-24 07:00:00+00:00
[2025-11-23T11:18:33.757+0000] {processor.py:208} INFO - Processing /opt/airflow/dags/driven_data_pipeline.py took 0.494 seconds
[2025-11-23T11:19:04.269+0000] {processor.py:186} INFO - Started process (PID=349) to work on /opt/airflow/dags/driven_data_pipeline.py
[2025-11-23T11:19:04.272+0000] {processor.py:914} INFO - Processing file /opt/airflow/dags/driven_data_pipeline.py for tasks to queue
[2025-11-23T11:19:04.276+0000] {logging_mixin.py:190} INFO - [2025-11-23T11:19:04.275+0000] {dagbag.py:588} INFO - Filling up the DagBag from /opt/airflow/dags/driven_data_pipeline.py
[2025-11-23T11:19:04.307+0000] {processor.py:925} INFO - DAG(s) 'extract_raw_data_pipeline' retrieved from /opt/airflow/dags/driven_data_pipeline.py
[2025-11-23T11:19:04.364+0000] {logging_mixin.py:190} INFO - [2025-11-23T11:19:04.364+0000] {dag.py:3239} INFO - Sync 1 DAGs
[2025-11-23T11:19:04.400+0000] {logging_mixin.py:190} INFO - [2025-11-23T11:19:04.400+0000] {dag.py:4180} INFO - Setting next_dagrun for extract_raw_data_pipeline to 2025-11-23 07:00:00+00:00, run_after=2025-11-24 07:00:00+00:00
[2025-11-23T11:19:04.428+0000] {processor.py:208} INFO - Processing /opt/airflow/dags/driven_data_pipeline.py took 0.174 seconds
[2025-11-23T11:22:33.320+0000] {processor.py:186} INFO - Started process (PID=63) to work on /opt/airflow/dags/driven_data_pipeline.py
[2025-11-23T11:22:33.323+0000] {processor.py:914} INFO - Processing file /opt/airflow/dags/driven_data_pipeline.py for tasks to queue
[2025-11-23T11:22:33.330+0000] {logging_mixin.py:190} INFO - [2025-11-23T11:22:33.329+0000] {dagbag.py:588} INFO - Filling up the DagBag from /opt/airflow/dags/driven_data_pipeline.py
[2025-11-23T11:22:33.412+0000] {processor.py:925} INFO - DAG(s) 'extract_raw_data_pipeline' retrieved from /opt/airflow/dags/driven_data_pipeline.py
[2025-11-23T11:22:33.933+0000] {logging_mixin.py:190} INFO - [2025-11-23T11:22:33.932+0000] {override.py:1900} INFO - Created Permission View: can delete on DAG:extract_raw_data_pipeline
[2025-11-23T11:22:33.952+0000] {logging_mixin.py:190} INFO - [2025-11-23T11:22:33.952+0000] {override.py:1900} INFO - Created Permission View: can read on DAG:extract_raw_data_pipeline
[2025-11-23T11:22:33.963+0000] {logging_mixin.py:190} INFO - [2025-11-23T11:22:33.963+0000] {override.py:1900} INFO - Created Permission View: can edit on DAG:extract_raw_data_pipeline
[2025-11-23T11:22:33.976+0000] {logging_mixin.py:190} INFO - [2025-11-23T11:22:33.975+0000] {override.py:1900} INFO - Created Permission View: can delete on DAG Run:extract_raw_data_pipeline
[2025-11-23T11:22:33.987+0000] {logging_mixin.py:190} INFO - [2025-11-23T11:22:33.987+0000] {override.py:1900} INFO - Created Permission View: can read on DAG Run:extract_raw_data_pipeline
[2025-11-23T11:22:34.009+0000] {logging_mixin.py:190} INFO - [2025-11-23T11:22:34.008+0000] {override.py:1900} INFO - Created Permission View: menu access on DAG Run:extract_raw_data_pipeline
[2025-11-23T11:22:34.030+0000] {logging_mixin.py:190} INFO - [2025-11-23T11:22:34.030+0000] {override.py:1900} INFO - Created Permission View: can create on DAG Run:extract_raw_data_pipeline
[2025-11-23T11:22:34.031+0000] {logging_mixin.py:190} INFO - [2025-11-23T11:22:34.031+0000] {dag.py:3239} INFO - Sync 1 DAGs
[2025-11-23T11:22:34.076+0000] {logging_mixin.py:190} INFO - [2025-11-23T11:22:34.076+0000] {dag.py:3262} INFO - Creating ORM DAG for extract_raw_data_pipeline
[2025-11-23T11:22:34.096+0000] {logging_mixin.py:190} INFO - [2025-11-23T11:22:34.095+0000] {dag.py:4180} INFO - Setting next_dagrun for extract_raw_data_pipeline to 2025-11-22 07:00:00+00:00, run_after=2025-11-23 07:00:00+00:00
[2025-11-23T11:22:34.131+0000] {processor.py:208} INFO - Processing /opt/airflow/dags/driven_data_pipeline.py took 0.821 seconds
[2025-11-23T11:23:04.495+0000] {processor.py:186} INFO - Started process (PID=70) to work on /opt/airflow/dags/driven_data_pipeline.py
[2025-11-23T11:23:04.501+0000] {processor.py:914} INFO - Processing file /opt/airflow/dags/driven_data_pipeline.py for tasks to queue
[2025-11-23T11:23:04.513+0000] {logging_mixin.py:190} INFO - [2025-11-23T11:23:04.508+0000] {dagbag.py:588} INFO - Filling up the DagBag from /opt/airflow/dags/driven_data_pipeline.py
[2025-11-23T11:23:04.659+0000] {processor.py:925} INFO - DAG(s) 'extract_raw_data_pipeline' retrieved from /opt/airflow/dags/driven_data_pipeline.py
[2025-11-23T11:23:04.823+0000] {logging_mixin.py:190} INFO - [2025-11-23T11:23:04.822+0000] {dag.py:3239} INFO - Sync 1 DAGs
[2025-11-23T11:23:04.966+0000] {logging_mixin.py:190} INFO - [2025-11-23T11:23:04.965+0000] {dag.py:4180} INFO - Setting next_dagrun for extract_raw_data_pipeline to 2025-11-22 07:00:00+00:00, run_after=2025-11-23 07:00:00+00:00
[2025-11-23T11:23:05.104+0000] {processor.py:208} INFO - Processing /opt/airflow/dags/driven_data_pipeline.py took 0.642 seconds
[2025-11-23T11:23:35.989+0000] {processor.py:186} INFO - Started process (PID=77) to work on /opt/airflow/dags/driven_data_pipeline.py
[2025-11-23T11:23:35.996+0000] {processor.py:914} INFO - Processing file /opt/airflow/dags/driven_data_pipeline.py for tasks to queue
[2025-11-23T11:23:36.004+0000] {logging_mixin.py:190} INFO - [2025-11-23T11:23:36.003+0000] {dagbag.py:588} INFO - Filling up the DagBag from /opt/airflow/dags/driven_data_pipeline.py
[2025-11-23T11:23:36.050+0000] {processor.py:925} INFO - DAG(s) 'extract_raw_data_pipeline' retrieved from /opt/airflow/dags/driven_data_pipeline.py
[2025-11-23T11:23:36.149+0000] {logging_mixin.py:190} INFO - [2025-11-23T11:23:36.148+0000] {dag.py:3239} INFO - Sync 1 DAGs
[2025-11-23T11:23:36.202+0000] {logging_mixin.py:190} INFO - [2025-11-23T11:23:36.201+0000] {dag.py:4180} INFO - Setting next_dagrun for extract_raw_data_pipeline to 2025-11-22 07:00:00+00:00, run_after=2025-11-23 07:00:00+00:00
[2025-11-23T11:23:36.233+0000] {processor.py:208} INFO - Processing /opt/airflow/dags/driven_data_pipeline.py took 0.260 seconds
[2025-11-23T11:24:06.579+0000] {processor.py:186} INFO - Started process (PID=84) to work on /opt/airflow/dags/driven_data_pipeline.py
[2025-11-23T11:24:06.582+0000] {processor.py:914} INFO - Processing file /opt/airflow/dags/driven_data_pipeline.py for tasks to queue
[2025-11-23T11:24:06.589+0000] {logging_mixin.py:190} INFO - [2025-11-23T11:24:06.588+0000] {dagbag.py:588} INFO - Filling up the DagBag from /opt/airflow/dags/driven_data_pipeline.py
[2025-11-23T11:24:06.623+0000] {processor.py:925} INFO - DAG(s) 'extract_raw_data_pipeline' retrieved from /opt/airflow/dags/driven_data_pipeline.py
[2025-11-23T11:24:06.669+0000] {logging_mixin.py:190} INFO - [2025-11-23T11:24:06.669+0000] {dag.py:3239} INFO - Sync 1 DAGs
[2025-11-23T11:24:06.715+0000] {logging_mixin.py:190} INFO - [2025-11-23T11:24:06.715+0000] {dag.py:4180} INFO - Setting next_dagrun for extract_raw_data_pipeline to 2025-11-22 07:00:00+00:00, run_after=2025-11-23 07:00:00+00:00
[2025-11-23T11:24:06.747+0000] {processor.py:208} INFO - Processing /opt/airflow/dags/driven_data_pipeline.py took 0.189 seconds
[2025-11-23T11:24:36.927+0000] {processor.py:186} INFO - Started process (PID=95) to work on /opt/airflow/dags/driven_data_pipeline.py
[2025-11-23T11:24:36.934+0000] {processor.py:914} INFO - Processing file /opt/airflow/dags/driven_data_pipeline.py for tasks to queue
[2025-11-23T11:24:36.943+0000] {logging_mixin.py:190} INFO - [2025-11-23T11:24:36.943+0000] {dagbag.py:588} INFO - Filling up the DagBag from /opt/airflow/dags/driven_data_pipeline.py
[2025-11-23T11:24:36.968+0000] {processor.py:925} INFO - DAG(s) 'extract_raw_data_pipeline' retrieved from /opt/airflow/dags/driven_data_pipeline.py
[2025-11-23T11:24:37.015+0000] {logging_mixin.py:190} INFO - [2025-11-23T11:24:37.015+0000] {dag.py:3239} INFO - Sync 1 DAGs
[2025-11-23T11:24:37.051+0000] {logging_mixin.py:190} INFO - [2025-11-23T11:24:37.050+0000] {dag.py:4180} INFO - Setting next_dagrun for extract_raw_data_pipeline to 2025-11-23 07:00:00+00:00, run_after=2025-11-24 07:00:00+00:00
[2025-11-23T11:24:37.080+0000] {processor.py:208} INFO - Processing /opt/airflow/dags/driven_data_pipeline.py took 0.162 seconds
[2025-11-23T11:26:12.522+0000] {processor.py:186} INFO - Started process (PID=96) to work on /opt/airflow/dags/driven_data_pipeline.py
[2025-11-23T11:26:12.564+0000] {processor.py:914} INFO - Processing file /opt/airflow/dags/driven_data_pipeline.py for tasks to queue
[2025-11-23T11:26:12.718+0000] {logging_mixin.py:190} INFO - [2025-11-23T11:26:12.658+0000] {dagbag.py:588} INFO - Filling up the DagBag from /opt/airflow/dags/driven_data_pipeline.py
[2025-11-23T11:26:13.114+0000] {processor.py:925} INFO - DAG(s) 'extract_raw_data_pipeline' retrieved from /opt/airflow/dags/driven_data_pipeline.py
[2025-11-23T11:26:14.097+0000] {logging_mixin.py:190} INFO - [2025-11-23T11:26:14.086+0000] {dag.py:3239} INFO - Sync 1 DAGs
[2025-11-23T11:26:14.630+0000] {logging_mixin.py:190} INFO - [2025-11-23T11:26:14.621+0000] {dag.py:4180} INFO - Setting next_dagrun for extract_raw_data_pipeline to 2025-11-23 07:00:00+00:00, run_after=2025-11-24 07:00:00+00:00
[2025-11-23T11:28:23.151+0000] {processor.py:208} INFO - Processing /opt/airflow/dags/driven_data_pipeline.py took 146.934 seconds
[2025-11-23T11:29:45.876+0000] {processor.py:186} INFO - Started process (PID=97) to work on /opt/airflow/dags/driven_data_pipeline.py
[2025-11-23T11:29:45.899+0000] {processor.py:914} INFO - Processing file /opt/airflow/dags/driven_data_pipeline.py for tasks to queue
[2025-11-23T11:29:45.919+0000] {logging_mixin.py:190} INFO - [2025-11-23T11:29:45.913+0000] {dagbag.py:588} INFO - Filling up the DagBag from /opt/airflow/dags/driven_data_pipeline.py
[2025-11-23T11:29:46.507+0000] {processor.py:925} INFO - DAG(s) 'extract_raw_data_pipeline' retrieved from /opt/airflow/dags/driven_data_pipeline.py
[2025-11-23T11:32:56.522+0000] {processor.py:186} INFO - Started process (PID=98) to work on /opt/airflow/dags/driven_data_pipeline.py
[2025-11-23T11:32:56.535+0000] {processor.py:914} INFO - Processing file /opt/airflow/dags/driven_data_pipeline.py for tasks to queue
[2025-11-23T11:32:56.561+0000] {logging_mixin.py:190} INFO - [2025-11-23T11:32:56.542+0000] {dagbag.py:588} INFO - Filling up the DagBag from /opt/airflow/dags/driven_data_pipeline.py
[2025-11-23T11:32:57.229+0000] {processor.py:925} INFO - DAG(s) 'extract_raw_data_pipeline' retrieved from /opt/airflow/dags/driven_data_pipeline.py
[2025-11-23T11:40:30.169+0000] {processor.py:186} INFO - Started process (PID=66) to work on /opt/airflow/dags/driven_data_pipeline.py
[2025-11-23T11:40:30.176+0000] {processor.py:914} INFO - Processing file /opt/airflow/dags/driven_data_pipeline.py for tasks to queue
[2025-11-23T11:40:30.180+0000] {logging_mixin.py:190} INFO - [2025-11-23T11:40:30.180+0000] {dagbag.py:588} INFO - Filling up the DagBag from /opt/airflow/dags/driven_data_pipeline.py
[2025-11-23T11:40:31.604+0000] {processor.py:925} INFO - DAG(s) 'extract_raw_data_pipeline' retrieved from /opt/airflow/dags/driven_data_pipeline.py
[2025-11-23T11:40:32.715+0000] {logging_mixin.py:190} INFO - [2025-11-23T11:40:32.712+0000] {override.py:1900} INFO - Created Permission View: can edit on DAG:extract_raw_data_pipeline
[2025-11-23T11:40:32.911+0000] {logging_mixin.py:190} INFO - [2025-11-23T11:40:32.905+0000] {override.py:1900} INFO - Created Permission View: can read on DAG:extract_raw_data_pipeline
[2025-11-23T11:40:33.016+0000] {logging_mixin.py:190} INFO - [2025-11-23T11:40:33.016+0000] {override.py:1900} INFO - Created Permission View: can delete on DAG:extract_raw_data_pipeline
[2025-11-23T11:40:33.039+0000] {logging_mixin.py:190} INFO - [2025-11-23T11:40:33.038+0000] {override.py:1900} INFO - Created Permission View: can create on DAG Run:extract_raw_data_pipeline
[2025-11-23T11:40:33.049+0000] {logging_mixin.py:190} INFO - [2025-11-23T11:40:33.048+0000] {override.py:1900} INFO - Created Permission View: can read on DAG Run:extract_raw_data_pipeline
[2025-11-23T11:40:33.060+0000] {logging_mixin.py:190} INFO - [2025-11-23T11:40:33.060+0000] {override.py:1900} INFO - Created Permission View: can delete on DAG Run:extract_raw_data_pipeline
[2025-11-23T11:40:33.069+0000] {logging_mixin.py:190} INFO - [2025-11-23T11:40:33.069+0000] {override.py:1900} INFO - Created Permission View: menu access on DAG Run:extract_raw_data_pipeline
[2025-11-23T11:40:33.071+0000] {logging_mixin.py:190} INFO - [2025-11-23T11:40:33.071+0000] {dag.py:3239} INFO - Sync 1 DAGs
[2025-11-23T11:40:33.101+0000] {logging_mixin.py:190} INFO - [2025-11-23T11:40:33.101+0000] {dag.py:3262} INFO - Creating ORM DAG for extract_raw_data_pipeline
[2025-11-23T11:40:33.117+0000] {logging_mixin.py:190} INFO - [2025-11-23T11:40:33.117+0000] {dag.py:4180} INFO - Setting next_dagrun for extract_raw_data_pipeline to 2025-11-23 07:58:00+00:00, run_after=2025-11-23 07:59:00+00:00
[2025-11-23T11:40:33.154+0000] {processor.py:208} INFO - Processing /opt/airflow/dags/driven_data_pipeline.py took 2.993 seconds
[2025-11-23T11:41:03.556+0000] {processor.py:186} INFO - Started process (PID=74) to work on /opt/airflow/dags/driven_data_pipeline.py
[2025-11-23T11:41:03.559+0000] {processor.py:914} INFO - Processing file /opt/airflow/dags/driven_data_pipeline.py for tasks to queue
[2025-11-23T11:41:03.570+0000] {logging_mixin.py:190} INFO - [2025-11-23T11:41:03.565+0000] {dagbag.py:588} INFO - Filling up the DagBag from /opt/airflow/dags/driven_data_pipeline.py
[2025-11-23T11:41:07.120+0000] {processor.py:925} INFO - DAG(s) 'extract_raw_data_pipeline' retrieved from /opt/airflow/dags/driven_data_pipeline.py
[2025-11-23T11:41:07.152+0000] {logging_mixin.py:190} INFO - [2025-11-23T11:41:07.152+0000] {dag.py:3239} INFO - Sync 1 DAGs
[2025-11-23T11:41:07.187+0000] {logging_mixin.py:190} INFO - [2025-11-23T11:41:07.187+0000] {dag.py:4180} INFO - Setting next_dagrun for extract_raw_data_pipeline to 2025-11-23 07:58:00+00:00, run_after=2025-11-23 07:59:00+00:00
[2025-11-23T11:41:07.212+0000] {processor.py:208} INFO - Processing /opt/airflow/dags/driven_data_pipeline.py took 3.681 seconds
[2025-11-23T11:41:37.621+0000] {processor.py:186} INFO - Started process (PID=82) to work on /opt/airflow/dags/driven_data_pipeline.py
[2025-11-23T11:41:37.625+0000] {processor.py:914} INFO - Processing file /opt/airflow/dags/driven_data_pipeline.py for tasks to queue
[2025-11-23T11:41:37.633+0000] {logging_mixin.py:190} INFO - [2025-11-23T11:41:37.632+0000] {dagbag.py:588} INFO - Filling up the DagBag from /opt/airflow/dags/driven_data_pipeline.py
[2025-11-23T11:41:38.515+0000] {processor.py:925} INFO - DAG(s) 'extract_raw_data_pipeline' retrieved from /opt/airflow/dags/driven_data_pipeline.py
[2025-11-23T11:41:38.557+0000] {logging_mixin.py:190} INFO - [2025-11-23T11:41:38.557+0000] {dag.py:3239} INFO - Sync 1 DAGs
[2025-11-23T11:41:38.580+0000] {logging_mixin.py:190} INFO - [2025-11-23T11:41:38.580+0000] {dag.py:4180} INFO - Setting next_dagrun for extract_raw_data_pipeline to 2025-11-23 07:58:00+00:00, run_after=2025-11-23 07:59:00+00:00
[2025-11-23T11:41:38.603+0000] {processor.py:208} INFO - Processing /opt/airflow/dags/driven_data_pipeline.py took 1.008 seconds
[2025-11-23T11:42:08.995+0000] {processor.py:186} INFO - Started process (PID=90) to work on /opt/airflow/dags/driven_data_pipeline.py
[2025-11-23T11:42:08.998+0000] {processor.py:914} INFO - Processing file /opt/airflow/dags/driven_data_pipeline.py for tasks to queue
[2025-11-23T11:42:09.002+0000] {logging_mixin.py:190} INFO - [2025-11-23T11:42:09.001+0000] {dagbag.py:588} INFO - Filling up the DagBag from /opt/airflow/dags/driven_data_pipeline.py
[2025-11-23T11:42:10.082+0000] {processor.py:925} INFO - DAG(s) 'extract_raw_data_pipeline' retrieved from /opt/airflow/dags/driven_data_pipeline.py
[2025-11-23T11:42:10.194+0000] {logging_mixin.py:190} INFO - [2025-11-23T11:42:10.191+0000] {dag.py:3239} INFO - Sync 1 DAGs
[2025-11-23T11:42:10.236+0000] {logging_mixin.py:190} INFO - [2025-11-23T11:42:10.236+0000] {dag.py:4180} INFO - Setting next_dagrun for extract_raw_data_pipeline to 2025-11-23 07:58:00+00:00, run_after=2025-11-23 07:59:00+00:00
[2025-11-23T11:42:10.266+0000] {processor.py:208} INFO - Processing /opt/airflow/dags/driven_data_pipeline.py took 1.280 seconds
[2025-11-23T11:44:12.849+0000] {processor.py:186} INFO - Started process (PID=102) to work on /opt/airflow/dags/driven_data_pipeline.py
[2025-11-23T11:44:12.874+0000] {processor.py:914} INFO - Processing file /opt/airflow/dags/driven_data_pipeline.py for tasks to queue
[2025-11-23T11:44:12.968+0000] {logging_mixin.py:190} INFO - [2025-11-23T11:44:12.943+0000] {dagbag.py:588} INFO - Filling up the DagBag from /opt/airflow/dags/driven_data_pipeline.py
[2025-11-23T11:45:52.251+0000] {processor.py:186} INFO - Started process (PID=103) to work on /opt/airflow/dags/driven_data_pipeline.py
[2025-11-23T11:45:52.281+0000] {processor.py:914} INFO - Processing file /opt/airflow/dags/driven_data_pipeline.py for tasks to queue
[2025-11-23T11:45:52.328+0000] {logging_mixin.py:190} INFO - [2025-11-23T11:45:52.313+0000] {dagbag.py:588} INFO - Filling up the DagBag from /opt/airflow/dags/driven_data_pipeline.py
[2025-11-23T11:45:55.127+0000] {processor.py:925} INFO - DAG(s) 'extract_raw_data_pipeline' retrieved from /opt/airflow/dags/driven_data_pipeline.py
[2025-11-23T11:45:55.540+0000] {logging_mixin.py:190} INFO - [2025-11-23T11:45:55.536+0000] {dag.py:3239} INFO - Sync 1 DAGs
[2025-11-23T11:45:55.603+0000] {logging_mixin.py:190} INFO - [2025-11-23T11:45:55.601+0000] {dag.py:4180} INFO - Setting next_dagrun for extract_raw_data_pipeline to 2025-11-23 07:59:00+00:00, run_after=2025-11-24 07:00:00+00:00
[2025-11-23T11:45:55.675+0000] {processor.py:208} INFO - Processing /opt/airflow/dags/driven_data_pipeline.py took 3.719 seconds
[2025-11-23T11:46:25.987+0000] {processor.py:186} INFO - Started process (PID=110) to work on /opt/airflow/dags/driven_data_pipeline.py
[2025-11-23T11:46:25.990+0000] {processor.py:914} INFO - Processing file /opt/airflow/dags/driven_data_pipeline.py for tasks to queue
[2025-11-23T11:46:25.993+0000] {logging_mixin.py:190} INFO - [2025-11-23T11:46:25.992+0000] {dagbag.py:588} INFO - Filling up the DagBag from /opt/airflow/dags/driven_data_pipeline.py
[2025-11-23T11:46:26.661+0000] {processor.py:925} INFO - DAG(s) 'extract_raw_data_pipeline' retrieved from /opt/airflow/dags/driven_data_pipeline.py
[2025-11-23T11:46:26.715+0000] {logging_mixin.py:190} INFO - [2025-11-23T11:46:26.715+0000] {dag.py:3239} INFO - Sync 1 DAGs
[2025-11-23T11:46:26.747+0000] {logging_mixin.py:190} INFO - [2025-11-23T11:46:26.747+0000] {dag.py:4180} INFO - Setting next_dagrun for extract_raw_data_pipeline to 2025-11-23 07:59:00+00:00, run_after=2025-11-24 07:00:00+00:00
[2025-11-23T11:46:26.781+0000] {processor.py:208} INFO - Processing /opt/airflow/dags/driven_data_pipeline.py took 0.806 seconds
[2025-11-23T11:46:57.186+0000] {processor.py:186} INFO - Started process (PID=118) to work on /opt/airflow/dags/driven_data_pipeline.py
[2025-11-23T11:46:57.190+0000] {processor.py:914} INFO - Processing file /opt/airflow/dags/driven_data_pipeline.py for tasks to queue
[2025-11-23T11:46:57.194+0000] {logging_mixin.py:190} INFO - [2025-11-23T11:46:57.193+0000] {dagbag.py:588} INFO - Filling up the DagBag from /opt/airflow/dags/driven_data_pipeline.py
[2025-11-23T11:46:57.854+0000] {processor.py:925} INFO - DAG(s) 'extract_raw_data_pipeline' retrieved from /opt/airflow/dags/driven_data_pipeline.py
[2025-11-23T11:46:57.891+0000] {logging_mixin.py:190} INFO - [2025-11-23T11:46:57.891+0000] {dag.py:3239} INFO - Sync 1 DAGs
[2025-11-23T11:46:57.922+0000] {logging_mixin.py:190} INFO - [2025-11-23T11:46:57.921+0000] {dag.py:4180} INFO - Setting next_dagrun for extract_raw_data_pipeline to 2025-11-23 07:59:00+00:00, run_after=2025-11-24 07:00:00+00:00
[2025-11-23T11:46:57.942+0000] {processor.py:208} INFO - Processing /opt/airflow/dags/driven_data_pipeline.py took 0.774 seconds
[2025-11-23T11:47:28.813+0000] {processor.py:186} INFO - Started process (PID=126) to work on /opt/airflow/dags/driven_data_pipeline.py
[2025-11-23T11:47:28.817+0000] {processor.py:914} INFO - Processing file /opt/airflow/dags/driven_data_pipeline.py for tasks to queue
[2025-11-23T11:47:28.819+0000] {logging_mixin.py:190} INFO - [2025-11-23T11:47:28.819+0000] {dagbag.py:588} INFO - Filling up the DagBag from /opt/airflow/dags/driven_data_pipeline.py
[2025-11-23T11:47:29.519+0000] {processor.py:925} INFO - DAG(s) 'extract_raw_data_pipeline' retrieved from /opt/airflow/dags/driven_data_pipeline.py
[2025-11-23T11:47:29.558+0000] {logging_mixin.py:190} INFO - [2025-11-23T11:47:29.558+0000] {dag.py:3239} INFO - Sync 1 DAGs
[2025-11-23T11:47:29.583+0000] {logging_mixin.py:190} INFO - [2025-11-23T11:47:29.583+0000] {dag.py:4180} INFO - Setting next_dagrun for extract_raw_data_pipeline to 2025-11-23 07:59:00+00:00, run_after=2025-11-24 07:00:00+00:00
[2025-11-23T11:47:29.603+0000] {processor.py:208} INFO - Processing /opt/airflow/dags/driven_data_pipeline.py took 0.809 seconds
[2025-11-23T11:47:59.972+0000] {processor.py:186} INFO - Started process (PID=134) to work on /opt/airflow/dags/driven_data_pipeline.py
[2025-11-23T11:47:59.976+0000] {processor.py:914} INFO - Processing file /opt/airflow/dags/driven_data_pipeline.py for tasks to queue
[2025-11-23T11:47:59.979+0000] {logging_mixin.py:190} INFO - [2025-11-23T11:47:59.978+0000] {dagbag.py:588} INFO - Filling up the DagBag from /opt/airflow/dags/driven_data_pipeline.py
[2025-11-23T11:48:00.512+0000] {processor.py:925} INFO - DAG(s) 'extract_raw_data_pipeline' retrieved from /opt/airflow/dags/driven_data_pipeline.py
[2025-11-23T11:48:00.546+0000] {logging_mixin.py:190} INFO - [2025-11-23T11:48:00.546+0000] {dag.py:3239} INFO - Sync 1 DAGs
[2025-11-23T11:48:00.572+0000] {logging_mixin.py:190} INFO - [2025-11-23T11:48:00.572+0000] {dag.py:4180} INFO - Setting next_dagrun for extract_raw_data_pipeline to 2025-11-23 07:59:00+00:00, run_after=2025-11-24 07:00:00+00:00
[2025-11-23T11:48:00.593+0000] {processor.py:208} INFO - Processing /opt/airflow/dags/driven_data_pipeline.py took 0.635 seconds
[2025-11-23T11:48:31.039+0000] {processor.py:186} INFO - Started process (PID=142) to work on /opt/airflow/dags/driven_data_pipeline.py
[2025-11-23T11:48:31.044+0000] {processor.py:914} INFO - Processing file /opt/airflow/dags/driven_data_pipeline.py for tasks to queue
[2025-11-23T11:48:31.049+0000] {logging_mixin.py:190} INFO - [2025-11-23T11:48:31.047+0000] {dagbag.py:588} INFO - Filling up the DagBag from /opt/airflow/dags/driven_data_pipeline.py
[2025-11-23T11:48:31.447+0000] {processor.py:925} INFO - DAG(s) 'extract_raw_data_pipeline' retrieved from /opt/airflow/dags/driven_data_pipeline.py
[2025-11-23T11:48:31.486+0000] {logging_mixin.py:190} INFO - [2025-11-23T11:48:31.485+0000] {dag.py:3239} INFO - Sync 1 DAGs
[2025-11-23T11:48:31.516+0000] {logging_mixin.py:190} INFO - [2025-11-23T11:48:31.516+0000] {dag.py:4180} INFO - Setting next_dagrun for extract_raw_data_pipeline to 2025-11-23 07:59:00+00:00, run_after=2025-11-24 07:00:00+00:00
[2025-11-23T11:48:31.536+0000] {processor.py:208} INFO - Processing /opt/airflow/dags/driven_data_pipeline.py took 0.518 seconds
[2025-11-23T11:49:01.902+0000] {processor.py:186} INFO - Started process (PID=150) to work on /opt/airflow/dags/driven_data_pipeline.py
[2025-11-23T11:49:01.904+0000] {processor.py:914} INFO - Processing file /opt/airflow/dags/driven_data_pipeline.py for tasks to queue
[2025-11-23T11:49:01.906+0000] {logging_mixin.py:190} INFO - [2025-11-23T11:49:01.906+0000] {dagbag.py:588} INFO - Filling up the DagBag from /opt/airflow/dags/driven_data_pipeline.py
[2025-11-23T11:49:02.248+0000] {processor.py:925} INFO - DAG(s) 'extract_raw_data_pipeline' retrieved from /opt/airflow/dags/driven_data_pipeline.py
[2025-11-23T11:49:02.289+0000] {logging_mixin.py:190} INFO - [2025-11-23T11:49:02.289+0000] {dag.py:3239} INFO - Sync 1 DAGs
[2025-11-23T11:49:02.322+0000] {logging_mixin.py:190} INFO - [2025-11-23T11:49:02.322+0000] {dag.py:4180} INFO - Setting next_dagrun for extract_raw_data_pipeline to 2025-11-23 07:59:00+00:00, run_after=2025-11-24 07:00:00+00:00
[2025-11-23T11:49:02.343+0000] {processor.py:208} INFO - Processing /opt/airflow/dags/driven_data_pipeline.py took 0.451 seconds
[2025-11-23T11:49:32.575+0000] {processor.py:186} INFO - Started process (PID=158) to work on /opt/airflow/dags/driven_data_pipeline.py
[2025-11-23T11:49:32.590+0000] {processor.py:914} INFO - Processing file /opt/airflow/dags/driven_data_pipeline.py for tasks to queue
[2025-11-23T11:49:32.622+0000] {logging_mixin.py:190} INFO - [2025-11-23T11:49:32.607+0000] {dagbag.py:588} INFO - Filling up the DagBag from /opt/airflow/dags/driven_data_pipeline.py
[2025-11-23T11:50:04.836+0000] {logging_mixin.py:190} INFO - [2025-11-23T11:50:01.270+0000] {timeout.py:68} ERROR - Process timed out, PID: 158
[2025-11-23T11:50:29.268+0000] {logging_mixin.py:190} INFO - [2025-11-23T11:50:09.087+0000] {dagbag.py:387} ERROR - Failed to import: /opt/airflow/dags/driven_data_pipeline.py
Traceback (most recent call last):
  File "/home/airflow/.local/lib/python3.12/site-packages/airflow/models/dagbag.py", line 383, in parse
    loader.exec_module(new_module)
  File "<frozen importlib._bootstrap_external>", line 995, in exec_module
  File "<frozen importlib._bootstrap>", line 488, in _call_with_frames_removed
  File "/opt/airflow/dags/driven_data_pipeline.py", line 6, in <module>
    import polars as pl
  File "/home/airflow/.local/lib/python3.12/site-packages/polars/__init__.py", line 15, in <module>
    from polars.polars import __register_startup_deps
  File "/home/airflow/.local/lib/python3.12/site-packages/airflow/utils/timeout.py", line 69, in handle_timeout
    raise AirflowTaskTimeout(self.error_message)
airflow.exceptions.AirflowTaskTimeout: DagBag import timeout for /opt/airflow/dags/driven_data_pipeline.py after 30.0s.
Please take a look at these docs to improve your DAG import time:
* https://airflow.apache.org/docs/apache-airflow/2.10.2/best-practices.html#top-level-python-code
* https://airflow.apache.org/docs/apache-airflow/2.10.2/best-practices.html#reducing-dag-complexity, PID: 158
[2025-11-23T11:50:34.255+0000] {processor.py:927} WARNING - No viable dags retrieved from /opt/airflow/dags/driven_data_pipeline.py
[2025-11-23T11:53:13.997+0000] {processor.py:186} INFO - Started process (PID=160) to work on /opt/airflow/dags/driven_data_pipeline.py
[2025-11-23T11:53:14.330+0000] {processor.py:914} INFO - Processing file /opt/airflow/dags/driven_data_pipeline.py for tasks to queue
[2025-11-23T11:53:15.407+0000] {logging_mixin.py:190} INFO - [2025-11-23T11:53:14.968+0000] {dagbag.py:588} INFO - Filling up the DagBag from /opt/airflow/dags/driven_data_pipeline.py
[2025-11-23T11:53:32.046+0000] {processor.py:925} INFO - DAG(s) 'extract_raw_data_pipeline' retrieved from /opt/airflow/dags/driven_data_pipeline.py
[2025-11-23T11:53:32.780+0000] {logging_mixin.py:190} INFO - [2025-11-23T11:53:32.773+0000] {dag.py:3239} INFO - Sync 1 DAGs
[2025-11-23T11:53:32.865+0000] {logging_mixin.py:190} INFO - [2025-11-23T11:53:32.865+0000] {dag.py:4180} INFO - Setting next_dagrun for extract_raw_data_pipeline to 2025-11-23 07:59:00+00:00, run_after=2025-11-24 07:00:00+00:00
[2025-11-23T11:53:32.938+0000] {processor.py:208} INFO - Processing /opt/airflow/dags/driven_data_pipeline.py took 21.530 seconds
[2025-11-23T11:54:03.480+0000] {processor.py:186} INFO - Started process (PID=168) to work on /opt/airflow/dags/driven_data_pipeline.py
[2025-11-23T11:54:03.483+0000] {processor.py:914} INFO - Processing file /opt/airflow/dags/driven_data_pipeline.py for tasks to queue
[2025-11-23T11:54:03.485+0000] {logging_mixin.py:190} INFO - [2025-11-23T11:54:03.485+0000] {dagbag.py:588} INFO - Filling up the DagBag from /opt/airflow/dags/driven_data_pipeline.py
[2025-11-23T11:54:03.815+0000] {processor.py:925} INFO - DAG(s) 'extract_raw_data_pipeline' retrieved from /opt/airflow/dags/driven_data_pipeline.py
[2025-11-23T11:54:03.851+0000] {logging_mixin.py:190} INFO - [2025-11-23T11:54:03.851+0000] {dag.py:3239} INFO - Sync 1 DAGs
[2025-11-23T11:54:03.881+0000] {logging_mixin.py:190} INFO - [2025-11-23T11:54:03.881+0000] {dag.py:4180} INFO - Setting next_dagrun for extract_raw_data_pipeline to 2025-11-23 07:59:00+00:00, run_after=2025-11-24 07:00:00+00:00
[2025-11-23T11:54:03.902+0000] {processor.py:208} INFO - Processing /opt/airflow/dags/driven_data_pipeline.py took 0.433 seconds
[2025-11-23T11:54:34.241+0000] {processor.py:186} INFO - Started process (PID=176) to work on /opt/airflow/dags/driven_data_pipeline.py
[2025-11-23T11:54:34.243+0000] {processor.py:914} INFO - Processing file /opt/airflow/dags/driven_data_pipeline.py for tasks to queue
[2025-11-23T11:54:34.246+0000] {logging_mixin.py:190} INFO - [2025-11-23T11:54:34.245+0000] {dagbag.py:588} INFO - Filling up the DagBag from /opt/airflow/dags/driven_data_pipeline.py
[2025-11-23T11:54:34.548+0000] {processor.py:925} INFO - DAG(s) 'extract_raw_data_pipeline' retrieved from /opt/airflow/dags/driven_data_pipeline.py
[2025-11-23T11:54:34.595+0000] {logging_mixin.py:190} INFO - [2025-11-23T11:54:34.594+0000] {dag.py:3239} INFO - Sync 1 DAGs
[2025-11-23T11:54:34.626+0000] {logging_mixin.py:190} INFO - [2025-11-23T11:54:34.626+0000] {dag.py:4180} INFO - Setting next_dagrun for extract_raw_data_pipeline to 2025-11-23 07:59:00+00:00, run_after=2025-11-24 07:00:00+00:00
[2025-11-23T11:54:34.648+0000] {processor.py:208} INFO - Processing /opt/airflow/dags/driven_data_pipeline.py took 0.419 seconds
[2025-11-23T11:55:05.030+0000] {processor.py:186} INFO - Started process (PID=184) to work on /opt/airflow/dags/driven_data_pipeline.py
[2025-11-23T11:55:05.035+0000] {processor.py:914} INFO - Processing file /opt/airflow/dags/driven_data_pipeline.py for tasks to queue
[2025-11-23T11:55:05.037+0000] {logging_mixin.py:190} INFO - [2025-11-23T11:55:05.037+0000] {dagbag.py:588} INFO - Filling up the DagBag from /opt/airflow/dags/driven_data_pipeline.py
[2025-11-23T11:55:05.521+0000] {processor.py:925} INFO - DAG(s) 'extract_raw_data_pipeline' retrieved from /opt/airflow/dags/driven_data_pipeline.py
[2025-11-23T11:55:05.576+0000] {logging_mixin.py:190} INFO - [2025-11-23T11:55:05.576+0000] {dag.py:3239} INFO - Sync 1 DAGs
[2025-11-23T11:55:05.605+0000] {logging_mixin.py:190} INFO - [2025-11-23T11:55:05.605+0000] {dag.py:4180} INFO - Setting next_dagrun for extract_raw_data_pipeline to 2025-11-23 07:59:00+00:00, run_after=2025-11-24 07:00:00+00:00
[2025-11-23T11:55:05.625+0000] {processor.py:208} INFO - Processing /opt/airflow/dags/driven_data_pipeline.py took 0.607 seconds
[2025-11-23T11:55:35.913+0000] {processor.py:186} INFO - Started process (PID=192) to work on /opt/airflow/dags/driven_data_pipeline.py
[2025-11-23T11:55:35.918+0000] {processor.py:914} INFO - Processing file /opt/airflow/dags/driven_data_pipeline.py for tasks to queue
[2025-11-23T11:55:35.921+0000] {logging_mixin.py:190} INFO - [2025-11-23T11:55:35.919+0000] {dagbag.py:588} INFO - Filling up the DagBag from /opt/airflow/dags/driven_data_pipeline.py
[2025-11-23T11:55:36.359+0000] {processor.py:925} INFO - DAG(s) 'extract_raw_data_pipeline' retrieved from /opt/airflow/dags/driven_data_pipeline.py
[2025-11-23T11:55:36.452+0000] {logging_mixin.py:190} INFO - [2025-11-23T11:55:36.450+0000] {dag.py:3239} INFO - Sync 1 DAGs
[2025-11-23T11:55:36.491+0000] {logging_mixin.py:190} INFO - [2025-11-23T11:55:36.491+0000] {dag.py:4180} INFO - Setting next_dagrun for extract_raw_data_pipeline to 2025-11-23 07:59:00+00:00, run_after=2025-11-24 07:00:00+00:00
[2025-11-23T11:55:36.530+0000] {processor.py:208} INFO - Processing /opt/airflow/dags/driven_data_pipeline.py took 0.628 seconds
[2025-11-23T11:56:07.339+0000] {processor.py:186} INFO - Started process (PID=200) to work on /opt/airflow/dags/driven_data_pipeline.py
[2025-11-23T11:56:07.342+0000] {processor.py:914} INFO - Processing file /opt/airflow/dags/driven_data_pipeline.py for tasks to queue
[2025-11-23T11:56:07.346+0000] {logging_mixin.py:190} INFO - [2025-11-23T11:56:07.345+0000] {dagbag.py:588} INFO - Filling up the DagBag from /opt/airflow/dags/driven_data_pipeline.py
[2025-11-23T11:56:07.738+0000] {processor.py:925} INFO - DAG(s) 'extract_raw_data_pipeline' retrieved from /opt/airflow/dags/driven_data_pipeline.py
[2025-11-23T11:56:07.781+0000] {logging_mixin.py:190} INFO - [2025-11-23T11:56:07.781+0000] {dag.py:3239} INFO - Sync 1 DAGs
[2025-11-23T11:56:07.815+0000] {logging_mixin.py:190} INFO - [2025-11-23T11:56:07.815+0000] {dag.py:4180} INFO - Setting next_dagrun for extract_raw_data_pipeline to 2025-11-23 07:59:00+00:00, run_after=2025-11-24 07:00:00+00:00
[2025-11-23T11:56:07.842+0000] {processor.py:208} INFO - Processing /opt/airflow/dags/driven_data_pipeline.py took 0.521 seconds
[2025-11-23T11:56:38.206+0000] {processor.py:186} INFO - Started process (PID=208) to work on /opt/airflow/dags/driven_data_pipeline.py
[2025-11-23T11:56:38.209+0000] {processor.py:914} INFO - Processing file /opt/airflow/dags/driven_data_pipeline.py for tasks to queue
[2025-11-23T11:56:38.211+0000] {logging_mixin.py:190} INFO - [2025-11-23T11:56:38.210+0000] {dagbag.py:588} INFO - Filling up the DagBag from /opt/airflow/dags/driven_data_pipeline.py
[2025-11-23T11:56:38.531+0000] {processor.py:925} INFO - DAG(s) 'extract_raw_data_pipeline' retrieved from /opt/airflow/dags/driven_data_pipeline.py
[2025-11-23T11:56:38.579+0000] {logging_mixin.py:190} INFO - [2025-11-23T11:56:38.579+0000] {dag.py:3239} INFO - Sync 1 DAGs
[2025-11-23T11:56:38.610+0000] {logging_mixin.py:190} INFO - [2025-11-23T11:56:38.610+0000] {dag.py:4180} INFO - Setting next_dagrun for extract_raw_data_pipeline to 2025-11-23 07:59:00+00:00, run_after=2025-11-24 07:00:00+00:00
[2025-11-23T11:56:38.632+0000] {processor.py:208} INFO - Processing /opt/airflow/dags/driven_data_pipeline.py took 0.437 seconds
[2025-11-23T11:57:08.968+0000] {processor.py:186} INFO - Started process (PID=216) to work on /opt/airflow/dags/driven_data_pipeline.py
[2025-11-23T11:57:08.970+0000] {processor.py:914} INFO - Processing file /opt/airflow/dags/driven_data_pipeline.py for tasks to queue
[2025-11-23T11:57:08.973+0000] {logging_mixin.py:190} INFO - [2025-11-23T11:57:08.972+0000] {dagbag.py:588} INFO - Filling up the DagBag from /opt/airflow/dags/driven_data_pipeline.py
[2025-11-23T11:57:09.293+0000] {processor.py:925} INFO - DAG(s) 'extract_raw_data_pipeline' retrieved from /opt/airflow/dags/driven_data_pipeline.py
[2025-11-23T11:57:09.332+0000] {logging_mixin.py:190} INFO - [2025-11-23T11:57:09.332+0000] {dag.py:3239} INFO - Sync 1 DAGs
[2025-11-23T11:57:09.365+0000] {logging_mixin.py:190} INFO - [2025-11-23T11:57:09.365+0000] {dag.py:4180} INFO - Setting next_dagrun for extract_raw_data_pipeline to 2025-11-23 07:59:00+00:00, run_after=2025-11-24 07:00:00+00:00
[2025-11-23T11:57:09.392+0000] {processor.py:208} INFO - Processing /opt/airflow/dags/driven_data_pipeline.py took 0.433 seconds
[2025-11-23T11:57:39.757+0000] {processor.py:186} INFO - Started process (PID=224) to work on /opt/airflow/dags/driven_data_pipeline.py
[2025-11-23T11:57:39.762+0000] {processor.py:914} INFO - Processing file /opt/airflow/dags/driven_data_pipeline.py for tasks to queue
[2025-11-23T11:57:39.764+0000] {logging_mixin.py:190} INFO - [2025-11-23T11:57:39.763+0000] {dagbag.py:588} INFO - Filling up the DagBag from /opt/airflow/dags/driven_data_pipeline.py
[2025-11-23T11:57:40.073+0000] {processor.py:925} INFO - DAG(s) 'extract_raw_data_pipeline' retrieved from /opt/airflow/dags/driven_data_pipeline.py
[2025-11-23T11:57:40.109+0000] {logging_mixin.py:190} INFO - [2025-11-23T11:57:40.109+0000] {dag.py:3239} INFO - Sync 1 DAGs
[2025-11-23T11:57:40.138+0000] {logging_mixin.py:190} INFO - [2025-11-23T11:57:40.137+0000] {dag.py:4180} INFO - Setting next_dagrun for extract_raw_data_pipeline to 2025-11-23 07:59:00+00:00, run_after=2025-11-24 07:00:00+00:00
[2025-11-23T11:57:40.157+0000] {processor.py:208} INFO - Processing /opt/airflow/dags/driven_data_pipeline.py took 0.411 seconds
[2025-11-23T11:58:10.487+0000] {processor.py:186} INFO - Started process (PID=232) to work on /opt/airflow/dags/driven_data_pipeline.py
[2025-11-23T11:58:10.490+0000] {processor.py:914} INFO - Processing file /opt/airflow/dags/driven_data_pipeline.py for tasks to queue
[2025-11-23T11:58:10.492+0000] {logging_mixin.py:190} INFO - [2025-11-23T11:58:10.491+0000] {dagbag.py:588} INFO - Filling up the DagBag from /opt/airflow/dags/driven_data_pipeline.py
[2025-11-23T11:58:10.786+0000] {processor.py:925} INFO - DAG(s) 'extract_raw_data_pipeline' retrieved from /opt/airflow/dags/driven_data_pipeline.py
[2025-11-23T11:58:10.824+0000] {logging_mixin.py:190} INFO - [2025-11-23T11:58:10.824+0000] {dag.py:3239} INFO - Sync 1 DAGs
[2025-11-23T11:58:10.853+0000] {logging_mixin.py:190} INFO - [2025-11-23T11:58:10.853+0000] {dag.py:4180} INFO - Setting next_dagrun for extract_raw_data_pipeline to 2025-11-23 07:59:00+00:00, run_after=2025-11-24 07:00:00+00:00
[2025-11-23T11:58:10.873+0000] {processor.py:208} INFO - Processing /opt/airflow/dags/driven_data_pipeline.py took 0.397 seconds
[2025-11-23T12:00:30.611+0000] {processor.py:186} INFO - Started process (PID=240) to work on /opt/airflow/dags/driven_data_pipeline.py
[2025-11-23T12:00:30.675+0000] {processor.py:914} INFO - Processing file /opt/airflow/dags/driven_data_pipeline.py for tasks to queue
[2025-11-23T12:01:01.523+0000] {processor.py:186} INFO - Started process (PID=247) to work on /opt/airflow/dags/driven_data_pipeline.py
[2025-11-23T12:01:01.525+0000] {processor.py:914} INFO - Processing file /opt/airflow/dags/driven_data_pipeline.py for tasks to queue
[2025-11-23T12:01:01.528+0000] {logging_mixin.py:190} INFO - [2025-11-23T12:01:01.527+0000] {dagbag.py:588} INFO - Filling up the DagBag from /opt/airflow/dags/driven_data_pipeline.py
[2025-11-23T12:01:02.041+0000] {processor.py:925} INFO - DAG(s) 'extract_raw_data_pipeline' retrieved from /opt/airflow/dags/driven_data_pipeline.py
[2025-11-23T12:01:02.352+0000] {logging_mixin.py:190} INFO - [2025-11-23T12:01:02.348+0000] {dag.py:3239} INFO - Sync 1 DAGs
[2025-11-23T12:01:02.440+0000] {logging_mixin.py:190} INFO - [2025-11-23T12:01:02.432+0000] {dag.py:4180} INFO - Setting next_dagrun for extract_raw_data_pipeline to 2025-11-23 07:59:00+00:00, run_after=2025-11-24 07:00:00+00:00
[2025-11-23T12:01:02.538+0000] {processor.py:208} INFO - Processing /opt/airflow/dags/driven_data_pipeline.py took 1.025 seconds
[2025-11-23T12:01:59.205+0000] {processor.py:186} INFO - Started process (PID=255) to work on /opt/airflow/dags/driven_data_pipeline.py
[2025-11-23T12:01:59.209+0000] {processor.py:914} INFO - Processing file /opt/airflow/dags/driven_data_pipeline.py for tasks to queue
[2025-11-23T12:01:59.305+0000] {logging_mixin.py:190} INFO - [2025-11-23T12:01:59.256+0000] {dagbag.py:588} INFO - Filling up the DagBag from /opt/airflow/dags/driven_data_pipeline.py
[2025-11-23T12:02:00.813+0000] {processor.py:925} INFO - DAG(s) 'extract_raw_data_pipeline' retrieved from /opt/airflow/dags/driven_data_pipeline.py
[2025-11-23T12:02:01.203+0000] {logging_mixin.py:190} INFO - [2025-11-23T12:02:01.201+0000] {dag.py:3239} INFO - Sync 1 DAGs
[2025-11-23T12:02:01.258+0000] {logging_mixin.py:190} INFO - [2025-11-23T12:02:01.258+0000] {dag.py:4180} INFO - Setting next_dagrun for extract_raw_data_pipeline to 2025-11-23 07:59:00+00:00, run_after=2025-11-24 07:00:00+00:00
[2025-11-23T12:02:01.286+0000] {processor.py:208} INFO - Processing /opt/airflow/dags/driven_data_pipeline.py took 2.193 seconds
[2025-11-23T12:03:41.365+0000] {processor.py:186} INFO - Started process (PID=263) to work on /opt/airflow/dags/driven_data_pipeline.py
[2025-11-23T12:03:41.392+0000] {processor.py:914} INFO - Processing file /opt/airflow/dags/driven_data_pipeline.py for tasks to queue
[2025-11-23T12:03:41.415+0000] {logging_mixin.py:190} INFO - [2025-11-23T12:03:41.406+0000] {dagbag.py:588} INFO - Filling up the DagBag from /opt/airflow/dags/driven_data_pipeline.py
[2025-11-23T12:04:11.863+0000] {processor.py:186} INFO - Started process (PID=270) to work on /opt/airflow/dags/driven_data_pipeline.py
[2025-11-23T12:04:11.868+0000] {processor.py:914} INFO - Processing file /opt/airflow/dags/driven_data_pipeline.py for tasks to queue
[2025-11-23T12:04:11.871+0000] {logging_mixin.py:190} INFO - [2025-11-23T12:04:11.870+0000] {dagbag.py:588} INFO - Filling up the DagBag from /opt/airflow/dags/driven_data_pipeline.py
[2025-11-23T12:04:12.445+0000] {processor.py:925} INFO - DAG(s) 'extract_raw_data_pipeline' retrieved from /opt/airflow/dags/driven_data_pipeline.py
[2025-11-23T12:04:12.519+0000] {logging_mixin.py:190} INFO - [2025-11-23T12:04:12.519+0000] {dag.py:3239} INFO - Sync 1 DAGs
[2025-11-23T12:04:12.579+0000] {logging_mixin.py:190} INFO - [2025-11-23T12:04:12.578+0000] {dag.py:4180} INFO - Setting next_dagrun for extract_raw_data_pipeline to 2025-11-23 07:59:00+00:00, run_after=2025-11-24 07:00:00+00:00
[2025-11-23T12:04:12.613+0000] {processor.py:208} INFO - Processing /opt/airflow/dags/driven_data_pipeline.py took 0.762 seconds
[2025-11-23T12:04:42.844+0000] {processor.py:186} INFO - Started process (PID=278) to work on /opt/airflow/dags/driven_data_pipeline.py
[2025-11-23T12:04:42.847+0000] {processor.py:914} INFO - Processing file /opt/airflow/dags/driven_data_pipeline.py for tasks to queue
[2025-11-23T12:04:42.849+0000] {logging_mixin.py:190} INFO - [2025-11-23T12:04:42.849+0000] {dagbag.py:588} INFO - Filling up the DagBag from /opt/airflow/dags/driven_data_pipeline.py
[2025-11-23T12:04:43.156+0000] {processor.py:925} INFO - DAG(s) 'extract_raw_data_pipeline' retrieved from /opt/airflow/dags/driven_data_pipeline.py
[2025-11-23T12:04:43.186+0000] {logging_mixin.py:190} INFO - [2025-11-23T12:04:43.186+0000] {dag.py:3239} INFO - Sync 1 DAGs
[2025-11-23T12:04:43.216+0000] {logging_mixin.py:190} INFO - [2025-11-23T12:04:43.216+0000] {dag.py:4180} INFO - Setting next_dagrun for extract_raw_data_pipeline to 2025-11-23 07:59:00+00:00, run_after=2025-11-24 07:00:00+00:00
[2025-11-23T12:04:43.240+0000] {processor.py:208} INFO - Processing /opt/airflow/dags/driven_data_pipeline.py took 0.409 seconds
[2025-11-23T12:05:13.615+0000] {processor.py:186} INFO - Started process (PID=286) to work on /opt/airflow/dags/driven_data_pipeline.py
[2025-11-23T12:05:13.619+0000] {processor.py:914} INFO - Processing file /opt/airflow/dags/driven_data_pipeline.py for tasks to queue
[2025-11-23T12:05:13.622+0000] {logging_mixin.py:190} INFO - [2025-11-23T12:05:13.620+0000] {dagbag.py:588} INFO - Filling up the DagBag from /opt/airflow/dags/driven_data_pipeline.py
[2025-11-23T12:05:13.942+0000] {processor.py:925} INFO - DAG(s) 'extract_raw_data_pipeline' retrieved from /opt/airflow/dags/driven_data_pipeline.py
[2025-11-23T12:05:14.010+0000] {logging_mixin.py:190} INFO - [2025-11-23T12:05:14.010+0000] {dag.py:3239} INFO - Sync 1 DAGs
[2025-11-23T12:05:14.050+0000] {logging_mixin.py:190} INFO - [2025-11-23T12:05:14.050+0000] {dag.py:4180} INFO - Setting next_dagrun for extract_raw_data_pipeline to 2025-11-23 07:59:00+00:00, run_after=2025-11-24 07:00:00+00:00
[2025-11-23T12:05:14.078+0000] {processor.py:208} INFO - Processing /opt/airflow/dags/driven_data_pipeline.py took 0.475 seconds
[2025-11-23T12:05:44.751+0000] {processor.py:186} INFO - Started process (PID=293) to work on /opt/airflow/dags/driven_data_pipeline.py
[2025-11-23T12:05:44.754+0000] {processor.py:914} INFO - Processing file /opt/airflow/dags/driven_data_pipeline.py for tasks to queue
[2025-11-23T12:05:44.756+0000] {logging_mixin.py:190} INFO - [2025-11-23T12:05:44.755+0000] {dagbag.py:588} INFO - Filling up the DagBag from /opt/airflow/dags/driven_data_pipeline.py
[2025-11-23T12:05:45.050+0000] {processor.py:925} INFO - DAG(s) 'extract_raw_data_pipeline' retrieved from /opt/airflow/dags/driven_data_pipeline.py
[2025-11-23T12:05:45.089+0000] {logging_mixin.py:190} INFO - [2025-11-23T12:05:45.088+0000] {dag.py:3239} INFO - Sync 1 DAGs
[2025-11-23T12:05:45.119+0000] {logging_mixin.py:190} INFO - [2025-11-23T12:05:45.119+0000] {dag.py:4180} INFO - Setting next_dagrun for extract_raw_data_pipeline to 2025-11-23 07:59:00+00:00, run_after=2025-11-24 07:00:00+00:00
[2025-11-23T12:05:45.140+0000] {processor.py:208} INFO - Processing /opt/airflow/dags/driven_data_pipeline.py took 0.400 seconds
[2025-11-23T12:06:15.670+0000] {processor.py:186} INFO - Started process (PID=301) to work on /opt/airflow/dags/driven_data_pipeline.py
[2025-11-23T12:06:15.673+0000] {processor.py:914} INFO - Processing file /opt/airflow/dags/driven_data_pipeline.py for tasks to queue
[2025-11-23T12:06:15.676+0000] {logging_mixin.py:190} INFO - [2025-11-23T12:06:15.675+0000] {dagbag.py:588} INFO - Filling up the DagBag from /opt/airflow/dags/driven_data_pipeline.py
[2025-11-23T12:06:15.969+0000] {processor.py:925} INFO - DAG(s) 'extract_raw_data_pipeline' retrieved from /opt/airflow/dags/driven_data_pipeline.py
[2025-11-23T12:06:16.013+0000] {logging_mixin.py:190} INFO - [2025-11-23T12:06:16.013+0000] {dag.py:3239} INFO - Sync 1 DAGs
[2025-11-23T12:06:16.045+0000] {logging_mixin.py:190} INFO - [2025-11-23T12:06:16.045+0000] {dag.py:4180} INFO - Setting next_dagrun for extract_raw_data_pipeline to 2025-11-23 07:59:00+00:00, run_after=2025-11-24 07:00:00+00:00
[2025-11-23T12:06:16.085+0000] {processor.py:208} INFO - Processing /opt/airflow/dags/driven_data_pipeline.py took 0.427 seconds
[2025-11-23T12:06:46.190+0000] {processor.py:186} INFO - Started process (PID=309) to work on /opt/airflow/dags/driven_data_pipeline.py
[2025-11-23T12:06:46.195+0000] {processor.py:914} INFO - Processing file /opt/airflow/dags/driven_data_pipeline.py for tasks to queue
[2025-11-23T12:06:46.198+0000] {logging_mixin.py:190} INFO - [2025-11-23T12:06:46.196+0000] {dagbag.py:588} INFO - Filling up the DagBag from /opt/airflow/dags/driven_data_pipeline.py
[2025-11-23T12:06:46.732+0000] {processor.py:925} INFO - DAG(s) 'extract_raw_data_pipeline' retrieved from /opt/airflow/dags/driven_data_pipeline.py
[2025-11-23T12:06:46.790+0000] {logging_mixin.py:190} INFO - [2025-11-23T12:06:46.788+0000] {dag.py:3239} INFO - Sync 1 DAGs
[2025-11-23T12:06:46.822+0000] {logging_mixin.py:190} INFO - [2025-11-23T12:06:46.822+0000] {dag.py:4180} INFO - Setting next_dagrun for extract_raw_data_pipeline to 2025-11-23 07:59:00+00:00, run_after=2025-11-24 07:00:00+00:00
[2025-11-23T12:06:46.846+0000] {processor.py:208} INFO - Processing /opt/airflow/dags/driven_data_pipeline.py took 0.668 seconds
[2025-11-23T12:07:17.199+0000] {processor.py:186} INFO - Started process (PID=317) to work on /opt/airflow/dags/driven_data_pipeline.py
[2025-11-23T12:07:17.202+0000] {processor.py:914} INFO - Processing file /opt/airflow/dags/driven_data_pipeline.py for tasks to queue
[2025-11-23T12:07:17.204+0000] {logging_mixin.py:190} INFO - [2025-11-23T12:07:17.204+0000] {dagbag.py:588} INFO - Filling up the DagBag from /opt/airflow/dags/driven_data_pipeline.py
[2025-11-23T12:07:17.549+0000] {processor.py:925} INFO - DAG(s) 'extract_raw_data_pipeline' retrieved from /opt/airflow/dags/driven_data_pipeline.py
[2025-11-23T12:07:17.596+0000] {logging_mixin.py:190} INFO - [2025-11-23T12:07:17.595+0000] {dag.py:3239} INFO - Sync 1 DAGs
[2025-11-23T12:07:17.633+0000] {logging_mixin.py:190} INFO - [2025-11-23T12:07:17.633+0000] {dag.py:4180} INFO - Setting next_dagrun for extract_raw_data_pipeline to 2025-11-23 07:59:00+00:00, run_after=2025-11-24 07:00:00+00:00
[2025-11-23T12:07:17.661+0000] {processor.py:208} INFO - Processing /opt/airflow/dags/driven_data_pipeline.py took 0.470 seconds
[2025-11-23T12:07:48.220+0000] {processor.py:186} INFO - Started process (PID=325) to work on /opt/airflow/dags/driven_data_pipeline.py
[2025-11-23T12:07:48.224+0000] {processor.py:914} INFO - Processing file /opt/airflow/dags/driven_data_pipeline.py for tasks to queue
[2025-11-23T12:07:48.226+0000] {logging_mixin.py:190} INFO - [2025-11-23T12:07:48.225+0000] {dagbag.py:588} INFO - Filling up the DagBag from /opt/airflow/dags/driven_data_pipeline.py
[2025-11-23T12:07:48.552+0000] {processor.py:925} INFO - DAG(s) 'extract_raw_data_pipeline' retrieved from /opt/airflow/dags/driven_data_pipeline.py
[2025-11-23T12:07:48.586+0000] {logging_mixin.py:190} INFO - [2025-11-23T12:07:48.586+0000] {dag.py:3239} INFO - Sync 1 DAGs
[2025-11-23T12:07:48.616+0000] {logging_mixin.py:190} INFO - [2025-11-23T12:07:48.616+0000] {dag.py:4180} INFO - Setting next_dagrun for extract_raw_data_pipeline to 2025-11-23 07:59:00+00:00, run_after=2025-11-24 07:00:00+00:00
[2025-11-23T12:07:48.637+0000] {processor.py:208} INFO - Processing /opt/airflow/dags/driven_data_pipeline.py took 0.429 seconds
[2025-11-23T12:08:19.328+0000] {processor.py:186} INFO - Started process (PID=333) to work on /opt/airflow/dags/driven_data_pipeline.py
[2025-11-23T12:08:19.331+0000] {processor.py:914} INFO - Processing file /opt/airflow/dags/driven_data_pipeline.py for tasks to queue
[2025-11-23T12:08:19.333+0000] {logging_mixin.py:190} INFO - [2025-11-23T12:08:19.332+0000] {dagbag.py:588} INFO - Filling up the DagBag from /opt/airflow/dags/driven_data_pipeline.py
[2025-11-23T12:08:19.640+0000] {processor.py:925} INFO - DAG(s) 'extract_raw_data_pipeline' retrieved from /opt/airflow/dags/driven_data_pipeline.py
[2025-11-23T12:08:19.675+0000] {logging_mixin.py:190} INFO - [2025-11-23T12:08:19.675+0000] {dag.py:3239} INFO - Sync 1 DAGs
[2025-11-23T12:08:19.702+0000] {logging_mixin.py:190} INFO - [2025-11-23T12:08:19.702+0000] {dag.py:4180} INFO - Setting next_dagrun for extract_raw_data_pipeline to 2025-11-23 07:59:00+00:00, run_after=2025-11-24 07:00:00+00:00
[2025-11-23T12:08:19.727+0000] {processor.py:208} INFO - Processing /opt/airflow/dags/driven_data_pipeline.py took 0.410 seconds
[2025-11-23T12:08:49.864+0000] {processor.py:186} INFO - Started process (PID=341) to work on /opt/airflow/dags/driven_data_pipeline.py
[2025-11-23T12:08:49.867+0000] {processor.py:914} INFO - Processing file /opt/airflow/dags/driven_data_pipeline.py for tasks to queue
[2025-11-23T12:08:49.869+0000] {logging_mixin.py:190} INFO - [2025-11-23T12:08:49.869+0000] {dagbag.py:588} INFO - Filling up the DagBag from /opt/airflow/dags/driven_data_pipeline.py
[2025-11-23T12:08:50.203+0000] {processor.py:925} INFO - DAG(s) 'extract_raw_data_pipeline' retrieved from /opt/airflow/dags/driven_data_pipeline.py
[2025-11-23T12:08:50.240+0000] {logging_mixin.py:190} INFO - [2025-11-23T12:08:50.239+0000] {dag.py:3239} INFO - Sync 1 DAGs
[2025-11-23T12:08:50.270+0000] {logging_mixin.py:190} INFO - [2025-11-23T12:08:50.270+0000] {dag.py:4180} INFO - Setting next_dagrun for extract_raw_data_pipeline to 2025-11-23 07:59:00+00:00, run_after=2025-11-24 07:00:00+00:00
[2025-11-23T12:08:50.299+0000] {processor.py:208} INFO - Processing /opt/airflow/dags/driven_data_pipeline.py took 0.446 seconds
[2025-11-23T12:09:20.580+0000] {processor.py:186} INFO - Started process (PID=349) to work on /opt/airflow/dags/driven_data_pipeline.py
[2025-11-23T12:09:20.584+0000] {processor.py:914} INFO - Processing file /opt/airflow/dags/driven_data_pipeline.py for tasks to queue
[2025-11-23T12:09:20.586+0000] {logging_mixin.py:190} INFO - [2025-11-23T12:09:20.585+0000] {dagbag.py:588} INFO - Filling up the DagBag from /opt/airflow/dags/driven_data_pipeline.py
[2025-11-23T12:09:20.960+0000] {processor.py:925} INFO - DAG(s) 'extract_raw_data_pipeline' retrieved from /opt/airflow/dags/driven_data_pipeline.py
[2025-11-23T12:09:20.994+0000] {logging_mixin.py:190} INFO - [2025-11-23T12:09:20.993+0000] {dag.py:3239} INFO - Sync 1 DAGs
[2025-11-23T12:09:21.024+0000] {logging_mixin.py:190} INFO - [2025-11-23T12:09:21.024+0000] {dag.py:4180} INFO - Setting next_dagrun for extract_raw_data_pipeline to 2025-11-23 07:59:00+00:00, run_after=2025-11-24 07:00:00+00:00
[2025-11-23T12:09:21.045+0000] {processor.py:208} INFO - Processing /opt/airflow/dags/driven_data_pipeline.py took 0.477 seconds
[2025-11-23T12:09:51.426+0000] {processor.py:186} INFO - Started process (PID=357) to work on /opt/airflow/dags/driven_data_pipeline.py
[2025-11-23T12:09:51.428+0000] {processor.py:914} INFO - Processing file /opt/airflow/dags/driven_data_pipeline.py for tasks to queue
[2025-11-23T12:09:51.430+0000] {logging_mixin.py:190} INFO - [2025-11-23T12:09:51.430+0000] {dagbag.py:588} INFO - Filling up the DagBag from /opt/airflow/dags/driven_data_pipeline.py
[2025-11-23T12:09:51.726+0000] {processor.py:925} INFO - DAG(s) 'extract_raw_data_pipeline' retrieved from /opt/airflow/dags/driven_data_pipeline.py
[2025-11-23T12:09:51.765+0000] {logging_mixin.py:190} INFO - [2025-11-23T12:09:51.764+0000] {dag.py:3239} INFO - Sync 1 DAGs
[2025-11-23T12:09:51.796+0000] {logging_mixin.py:190} INFO - [2025-11-23T12:09:51.796+0000] {dag.py:4180} INFO - Setting next_dagrun for extract_raw_data_pipeline to 2025-11-23 07:59:00+00:00, run_after=2025-11-24 07:00:00+00:00
[2025-11-23T12:09:51.819+0000] {processor.py:208} INFO - Processing /opt/airflow/dags/driven_data_pipeline.py took 0.405 seconds
[2025-11-23T12:10:22.250+0000] {processor.py:186} INFO - Started process (PID=365) to work on /opt/airflow/dags/driven_data_pipeline.py
[2025-11-23T12:10:22.267+0000] {processor.py:914} INFO - Processing file /opt/airflow/dags/driven_data_pipeline.py for tasks to queue
[2025-11-23T12:10:22.315+0000] {logging_mixin.py:190} INFO - [2025-11-23T12:10:22.299+0000] {dagbag.py:588} INFO - Filling up the DagBag from /opt/airflow/dags/driven_data_pipeline.py
[2025-11-23T12:11:46.407+0000] {logging_mixin.py:190} INFO - [2025-11-23T12:11:45.379+0000] {timeout.py:68} ERROR - Process timed out, PID: 365
[2025-11-23T12:11:53.650+0000] {logging_mixin.py:190} INFO - [2025-11-23T12:11:47.721+0000] {dagbag.py:387} ERROR - Failed to import: /opt/airflow/dags/driven_data_pipeline.py
Traceback (most recent call last):
  File "/home/airflow/.local/lib/python3.12/site-packages/airflow/models/dagbag.py", line 383, in parse
    loader.exec_module(new_module)
  File "<frozen importlib._bootstrap_external>", line 995, in exec_module
  File "<frozen importlib._bootstrap>", line 488, in _call_with_frames_removed
  File "/opt/airflow/dags/driven_data_pipeline.py", line 6, in <module>
    import polars as pl
  File "/home/airflow/.local/lib/python3.12/site-packages/polars/__init__.py", line 15, in <module>
    from polars.polars import __register_startup_deps
  File "/home/airflow/.local/lib/python3.12/site-packages/airflow/utils/timeout.py", line 69, in handle_timeout
    raise AirflowTaskTimeout(self.error_message)
airflow.exceptions.AirflowTaskTimeout: DagBag import timeout for /opt/airflow/dags/driven_data_pipeline.py after 30.0s.
Please take a look at these docs to improve your DAG import time:
* https://airflow.apache.org/docs/apache-airflow/2.10.2/best-practices.html#top-level-python-code
* https://airflow.apache.org/docs/apache-airflow/2.10.2/best-practices.html#reducing-dag-complexity, PID: 365
[2025-11-23T12:11:57.271+0000] {processor.py:927} WARNING - No viable dags retrieved from /opt/airflow/dags/driven_data_pipeline.py
[2025-11-23T12:12:10.390+0000] {processor.py:208} INFO - Processing /opt/airflow/dags/driven_data_pipeline.py took 116.572 seconds
[2025-11-23T12:12:13.218+0000] {processor.py:186} INFO - Started process (PID=368) to work on /opt/airflow/dags/driven_data_pipeline.py
[2025-11-23T12:12:13.225+0000] {processor.py:914} INFO - Processing file /opt/airflow/dags/driven_data_pipeline.py for tasks to queue
[2025-11-23T12:12:13.232+0000] {logging_mixin.py:190} INFO - [2025-11-23T12:12:13.230+0000] {dagbag.py:588} INFO - Filling up the DagBag from /opt/airflow/dags/driven_data_pipeline.py
[2025-11-23T12:12:14.006+0000] {processor.py:925} INFO - DAG(s) 'extract_raw_data_pipeline' retrieved from /opt/airflow/dags/driven_data_pipeline.py
[2025-11-23T12:12:14.097+0000] {logging_mixin.py:190} INFO - [2025-11-23T12:12:14.097+0000] {dag.py:3239} INFO - Sync 1 DAGs
[2025-11-23T12:12:14.156+0000] {logging_mixin.py:190} INFO - [2025-11-23T12:12:14.155+0000] {dag.py:4180} INFO - Setting next_dagrun for extract_raw_data_pipeline to 2025-11-23 07:59:00+00:00, run_after=2025-11-24 07:00:00+00:00
[2025-11-23T12:12:14.193+0000] {processor.py:208} INFO - Processing /opt/airflow/dags/driven_data_pipeline.py took 0.985 seconds
[2025-11-23T12:12:44.863+0000] {processor.py:186} INFO - Started process (PID=370) to work on /opt/airflow/dags/driven_data_pipeline.py
[2025-11-23T12:12:44.865+0000] {processor.py:914} INFO - Processing file /opt/airflow/dags/driven_data_pipeline.py for tasks to queue
[2025-11-23T12:12:44.868+0000] {logging_mixin.py:190} INFO - [2025-11-23T12:12:44.867+0000] {dagbag.py:588} INFO - Filling up the DagBag from /opt/airflow/dags/driven_data_pipeline.py
[2025-11-23T12:12:45.114+0000] {processor.py:925} INFO - DAG(s) 'extract_raw_data_pipeline' retrieved from /opt/airflow/dags/driven_data_pipeline.py
[2025-11-23T12:12:45.148+0000] {logging_mixin.py:190} INFO - [2025-11-23T12:12:45.148+0000] {dag.py:3239} INFO - Sync 1 DAGs
[2025-11-23T12:12:45.183+0000] {logging_mixin.py:190} INFO - [2025-11-23T12:12:45.183+0000] {dag.py:4180} INFO - Setting next_dagrun for extract_raw_data_pipeline to 2025-11-23 07:59:00+00:00, run_after=2025-11-24 07:00:00+00:00
[2025-11-23T12:12:45.204+0000] {processor.py:208} INFO - Processing /opt/airflow/dags/driven_data_pipeline.py took 0.352 seconds
[2025-11-23T12:13:15.576+0000] {processor.py:186} INFO - Started process (PID=378) to work on /opt/airflow/dags/driven_data_pipeline.py
[2025-11-23T12:13:15.579+0000] {processor.py:914} INFO - Processing file /opt/airflow/dags/driven_data_pipeline.py for tasks to queue
[2025-11-23T12:13:15.582+0000] {logging_mixin.py:190} INFO - [2025-11-23T12:13:15.581+0000] {dagbag.py:588} INFO - Filling up the DagBag from /opt/airflow/dags/driven_data_pipeline.py
[2025-11-23T12:13:15.861+0000] {processor.py:925} INFO - DAG(s) 'extract_raw_data_pipeline' retrieved from /opt/airflow/dags/driven_data_pipeline.py
[2025-11-23T12:13:15.896+0000] {logging_mixin.py:190} INFO - [2025-11-23T12:13:15.895+0000] {dag.py:3239} INFO - Sync 1 DAGs
[2025-11-23T12:13:15.921+0000] {logging_mixin.py:190} INFO - [2025-11-23T12:13:15.921+0000] {dag.py:4180} INFO - Setting next_dagrun for extract_raw_data_pipeline to 2025-11-23 07:59:00+00:00, run_after=2025-11-24 07:00:00+00:00
[2025-11-23T12:13:15.940+0000] {processor.py:208} INFO - Processing /opt/airflow/dags/driven_data_pipeline.py took 0.373 seconds
[2025-11-23T12:13:45.989+0000] {processor.py:186} INFO - Started process (PID=387) to work on /opt/airflow/dags/driven_data_pipeline.py
[2025-11-23T12:13:45.993+0000] {processor.py:914} INFO - Processing file /opt/airflow/dags/driven_data_pipeline.py for tasks to queue
[2025-11-23T12:13:45.995+0000] {logging_mixin.py:190} INFO - [2025-11-23T12:13:45.994+0000] {dagbag.py:588} INFO - Filling up the DagBag from /opt/airflow/dags/driven_data_pipeline.py
[2025-11-23T12:13:46.311+0000] {processor.py:925} INFO - DAG(s) 'extract_raw_data_pipeline' retrieved from /opt/airflow/dags/driven_data_pipeline.py
[2025-11-23T12:13:46.349+0000] {logging_mixin.py:190} INFO - [2025-11-23T12:13:46.348+0000] {dag.py:3239} INFO - Sync 1 DAGs
[2025-11-23T12:13:46.373+0000] {logging_mixin.py:190} INFO - [2025-11-23T12:13:46.373+0000] {dag.py:4180} INFO - Setting next_dagrun for extract_raw_data_pipeline to 2025-11-23 07:59:00+00:00, run_after=2025-11-24 07:00:00+00:00
[2025-11-23T12:13:46.395+0000] {processor.py:208} INFO - Processing /opt/airflow/dags/driven_data_pipeline.py took 0.418 seconds
[2025-11-23T12:14:16.660+0000] {processor.py:186} INFO - Started process (PID=395) to work on /opt/airflow/dags/driven_data_pipeline.py
[2025-11-23T12:14:16.664+0000] {processor.py:914} INFO - Processing file /opt/airflow/dags/driven_data_pipeline.py for tasks to queue
[2025-11-23T12:14:16.667+0000] {logging_mixin.py:190} INFO - [2025-11-23T12:14:16.666+0000] {dagbag.py:588} INFO - Filling up the DagBag from /opt/airflow/dags/driven_data_pipeline.py
[2025-11-23T12:14:17.021+0000] {processor.py:925} INFO - DAG(s) 'extract_raw_data_pipeline' retrieved from /opt/airflow/dags/driven_data_pipeline.py
[2025-11-23T12:14:17.060+0000] {logging_mixin.py:190} INFO - [2025-11-23T12:14:17.060+0000] {dag.py:3239} INFO - Sync 1 DAGs
[2025-11-23T12:14:17.085+0000] {logging_mixin.py:190} INFO - [2025-11-23T12:14:17.085+0000] {dag.py:4180} INFO - Setting next_dagrun for extract_raw_data_pipeline to 2025-11-23 07:59:00+00:00, run_after=2025-11-24 07:00:00+00:00
[2025-11-23T12:14:17.105+0000] {processor.py:208} INFO - Processing /opt/airflow/dags/driven_data_pipeline.py took 0.460 seconds
[2025-11-23T12:14:47.442+0000] {processor.py:186} INFO - Started process (PID=403) to work on /opt/airflow/dags/driven_data_pipeline.py
[2025-11-23T12:14:47.445+0000] {processor.py:914} INFO - Processing file /opt/airflow/dags/driven_data_pipeline.py for tasks to queue
[2025-11-23T12:14:47.448+0000] {logging_mixin.py:190} INFO - [2025-11-23T12:14:47.447+0000] {dagbag.py:588} INFO - Filling up the DagBag from /opt/airflow/dags/driven_data_pipeline.py
[2025-11-23T12:14:47.765+0000] {processor.py:925} INFO - DAG(s) 'extract_raw_data_pipeline' retrieved from /opt/airflow/dags/driven_data_pipeline.py
[2025-11-23T12:14:47.799+0000] {logging_mixin.py:190} INFO - [2025-11-23T12:14:47.799+0000] {dag.py:3239} INFO - Sync 1 DAGs
[2025-11-23T12:14:47.829+0000] {logging_mixin.py:190} INFO - [2025-11-23T12:14:47.829+0000] {dag.py:4180} INFO - Setting next_dagrun for extract_raw_data_pipeline to 2025-11-23 07:59:00+00:00, run_after=2025-11-24 07:00:00+00:00
[2025-11-23T12:14:47.849+0000] {processor.py:208} INFO - Processing /opt/airflow/dags/driven_data_pipeline.py took 0.417 seconds
[2025-11-23T12:15:18.160+0000] {processor.py:186} INFO - Started process (PID=411) to work on /opt/airflow/dags/driven_data_pipeline.py
[2025-11-23T12:15:18.163+0000] {processor.py:914} INFO - Processing file /opt/airflow/dags/driven_data_pipeline.py for tasks to queue
[2025-11-23T12:15:18.165+0000] {logging_mixin.py:190} INFO - [2025-11-23T12:15:18.165+0000] {dagbag.py:588} INFO - Filling up the DagBag from /opt/airflow/dags/driven_data_pipeline.py
[2025-11-23T12:15:18.493+0000] {processor.py:925} INFO - DAG(s) 'extract_raw_data_pipeline' retrieved from /opt/airflow/dags/driven_data_pipeline.py
[2025-11-23T12:15:18.539+0000] {logging_mixin.py:190} INFO - [2025-11-23T12:15:18.539+0000] {dag.py:3239} INFO - Sync 1 DAGs
[2025-11-23T12:15:18.568+0000] {logging_mixin.py:190} INFO - [2025-11-23T12:15:18.567+0000] {dag.py:4180} INFO - Setting next_dagrun for extract_raw_data_pipeline to 2025-11-23 07:59:00+00:00, run_after=2025-11-24 07:00:00+00:00
[2025-11-23T12:15:18.590+0000] {processor.py:208} INFO - Processing /opt/airflow/dags/driven_data_pipeline.py took 0.440 seconds
[2025-11-23T12:15:49.009+0000] {processor.py:186} INFO - Started process (PID=419) to work on /opt/airflow/dags/driven_data_pipeline.py
[2025-11-23T12:15:49.014+0000] {processor.py:914} INFO - Processing file /opt/airflow/dags/driven_data_pipeline.py for tasks to queue
[2025-11-23T12:15:49.016+0000] {logging_mixin.py:190} INFO - [2025-11-23T12:15:49.016+0000] {dagbag.py:588} INFO - Filling up the DagBag from /opt/airflow/dags/driven_data_pipeline.py
[2025-11-23T12:15:49.391+0000] {processor.py:925} INFO - DAG(s) 'extract_raw_data_pipeline' retrieved from /opt/airflow/dags/driven_data_pipeline.py
[2025-11-23T12:15:49.433+0000] {logging_mixin.py:190} INFO - [2025-11-23T12:15:49.433+0000] {dag.py:3239} INFO - Sync 1 DAGs
[2025-11-23T12:15:49.459+0000] {logging_mixin.py:190} INFO - [2025-11-23T12:15:49.459+0000] {dag.py:4180} INFO - Setting next_dagrun for extract_raw_data_pipeline to 2025-11-23 07:59:00+00:00, run_after=2025-11-24 07:00:00+00:00
[2025-11-23T12:15:49.478+0000] {processor.py:208} INFO - Processing /opt/airflow/dags/driven_data_pipeline.py took 0.480 seconds
[2025-11-23T12:16:19.752+0000] {processor.py:186} INFO - Started process (PID=433) to work on /opt/airflow/dags/driven_data_pipeline.py
[2025-11-23T12:16:19.755+0000] {processor.py:914} INFO - Processing file /opt/airflow/dags/driven_data_pipeline.py for tasks to queue
[2025-11-23T12:16:19.757+0000] {logging_mixin.py:190} INFO - [2025-11-23T12:16:19.757+0000] {dagbag.py:588} INFO - Filling up the DagBag from /opt/airflow/dags/driven_data_pipeline.py
[2025-11-23T12:16:20.098+0000] {processor.py:925} INFO - DAG(s) 'extract_raw_data_pipeline' retrieved from /opt/airflow/dags/driven_data_pipeline.py
[2025-11-23T12:16:20.153+0000] {logging_mixin.py:190} INFO - [2025-11-23T12:16:20.152+0000] {dag.py:3239} INFO - Sync 1 DAGs
[2025-11-23T12:16:20.188+0000] {logging_mixin.py:190} INFO - [2025-11-23T12:16:20.187+0000] {dag.py:4180} INFO - Setting next_dagrun for extract_raw_data_pipeline to 2025-11-23 07:59:00+00:00, run_after=2025-11-24 07:00:00+00:00
[2025-11-23T12:16:20.216+0000] {processor.py:208} INFO - Processing /opt/airflow/dags/driven_data_pipeline.py took 0.473 seconds
[2025-11-23T12:16:50.594+0000] {processor.py:186} INFO - Started process (PID=441) to work on /opt/airflow/dags/driven_data_pipeline.py
[2025-11-23T12:16:50.597+0000] {processor.py:914} INFO - Processing file /opt/airflow/dags/driven_data_pipeline.py for tasks to queue
[2025-11-23T12:16:50.599+0000] {logging_mixin.py:190} INFO - [2025-11-23T12:16:50.599+0000] {dagbag.py:588} INFO - Filling up the DagBag from /opt/airflow/dags/driven_data_pipeline.py
[2025-11-23T12:16:50.918+0000] {processor.py:925} INFO - DAG(s) 'extract_raw_data_pipeline' retrieved from /opt/airflow/dags/driven_data_pipeline.py
[2025-11-23T12:16:50.955+0000] {logging_mixin.py:190} INFO - [2025-11-23T12:16:50.955+0000] {dag.py:3239} INFO - Sync 1 DAGs
[2025-11-23T12:16:50.985+0000] {logging_mixin.py:190} INFO - [2025-11-23T12:16:50.984+0000] {dag.py:4180} INFO - Setting next_dagrun for extract_raw_data_pipeline to 2025-11-23 07:59:00+00:00, run_after=2025-11-24 07:00:00+00:00
[2025-11-23T12:16:51.009+0000] {processor.py:208} INFO - Processing /opt/airflow/dags/driven_data_pipeline.py took 0.425 seconds
[2025-11-23T12:17:21.394+0000] {processor.py:186} INFO - Started process (PID=449) to work on /opt/airflow/dags/driven_data_pipeline.py
[2025-11-23T12:17:21.398+0000] {processor.py:914} INFO - Processing file /opt/airflow/dags/driven_data_pipeline.py for tasks to queue
[2025-11-23T12:17:21.402+0000] {logging_mixin.py:190} INFO - [2025-11-23T12:17:21.401+0000] {dagbag.py:588} INFO - Filling up the DagBag from /opt/airflow/dags/driven_data_pipeline.py
[2025-11-23T12:17:21.772+0000] {processor.py:925} INFO - DAG(s) 'extract_raw_data_pipeline' retrieved from /opt/airflow/dags/driven_data_pipeline.py
[2025-11-23T12:17:21.819+0000] {logging_mixin.py:190} INFO - [2025-11-23T12:17:21.819+0000] {dag.py:3239} INFO - Sync 1 DAGs
[2025-11-23T12:17:21.854+0000] {logging_mixin.py:190} INFO - [2025-11-23T12:17:21.853+0000] {dag.py:4180} INFO - Setting next_dagrun for extract_raw_data_pipeline to 2025-11-23 07:59:00+00:00, run_after=2025-11-24 07:00:00+00:00
[2025-11-23T12:17:21.881+0000] {processor.py:208} INFO - Processing /opt/airflow/dags/driven_data_pipeline.py took 0.498 seconds
[2025-11-23T12:17:52.210+0000] {processor.py:186} INFO - Started process (PID=457) to work on /opt/airflow/dags/driven_data_pipeline.py
[2025-11-23T12:17:52.214+0000] {processor.py:914} INFO - Processing file /opt/airflow/dags/driven_data_pipeline.py for tasks to queue
[2025-11-23T12:17:52.217+0000] {logging_mixin.py:190} INFO - [2025-11-23T12:17:52.216+0000] {dagbag.py:588} INFO - Filling up the DagBag from /opt/airflow/dags/driven_data_pipeline.py
[2025-11-23T12:17:52.586+0000] {processor.py:925} INFO - DAG(s) 'extract_raw_data_pipeline' retrieved from /opt/airflow/dags/driven_data_pipeline.py
[2025-11-23T12:17:52.621+0000] {logging_mixin.py:190} INFO - [2025-11-23T12:17:52.620+0000] {dag.py:3239} INFO - Sync 1 DAGs
[2025-11-23T12:17:52.649+0000] {logging_mixin.py:190} INFO - [2025-11-23T12:17:52.649+0000] {dag.py:4180} INFO - Setting next_dagrun for extract_raw_data_pipeline to 2025-11-23 07:59:00+00:00, run_after=2025-11-24 07:00:00+00:00
[2025-11-23T12:17:52.671+0000] {processor.py:208} INFO - Processing /opt/airflow/dags/driven_data_pipeline.py took 0.473 seconds
[2025-11-23T12:18:23.003+0000] {processor.py:186} INFO - Started process (PID=464) to work on /opt/airflow/dags/driven_data_pipeline.py
[2025-11-23T12:18:23.006+0000] {processor.py:914} INFO - Processing file /opt/airflow/dags/driven_data_pipeline.py for tasks to queue
[2025-11-23T12:18:23.008+0000] {logging_mixin.py:190} INFO - [2025-11-23T12:18:23.007+0000] {dagbag.py:588} INFO - Filling up the DagBag from /opt/airflow/dags/driven_data_pipeline.py
[2025-11-23T12:18:23.303+0000] {processor.py:925} INFO - DAG(s) 'extract_raw_data_pipeline' retrieved from /opt/airflow/dags/driven_data_pipeline.py
[2025-11-23T12:18:23.336+0000] {logging_mixin.py:190} INFO - [2025-11-23T12:18:23.336+0000] {dag.py:3239} INFO - Sync 1 DAGs
[2025-11-23T12:18:23.362+0000] {logging_mixin.py:190} INFO - [2025-11-23T12:18:23.362+0000] {dag.py:4180} INFO - Setting next_dagrun for extract_raw_data_pipeline to 2025-11-23 07:59:00+00:00, run_after=2025-11-24 07:00:00+00:00
[2025-11-23T12:18:23.381+0000] {processor.py:208} INFO - Processing /opt/airflow/dags/driven_data_pipeline.py took 0.387 seconds
[2025-11-23T12:18:53.695+0000] {processor.py:186} INFO - Started process (PID=472) to work on /opt/airflow/dags/driven_data_pipeline.py
[2025-11-23T12:18:53.699+0000] {processor.py:914} INFO - Processing file /opt/airflow/dags/driven_data_pipeline.py for tasks to queue
[2025-11-23T12:18:53.702+0000] {logging_mixin.py:190} INFO - [2025-11-23T12:18:53.701+0000] {dagbag.py:588} INFO - Filling up the DagBag from /opt/airflow/dags/driven_data_pipeline.py
[2025-11-23T12:18:54.014+0000] {processor.py:925} INFO - DAG(s) 'extract_raw_data_pipeline' retrieved from /opt/airflow/dags/driven_data_pipeline.py
[2025-11-23T12:18:54.051+0000] {logging_mixin.py:190} INFO - [2025-11-23T12:18:54.050+0000] {dag.py:3239} INFO - Sync 1 DAGs
[2025-11-23T12:18:54.079+0000] {logging_mixin.py:190} INFO - [2025-11-23T12:18:54.078+0000] {dag.py:4180} INFO - Setting next_dagrun for extract_raw_data_pipeline to 2025-11-23 07:59:00+00:00, run_after=2025-11-24 07:00:00+00:00
[2025-11-23T12:18:54.102+0000] {processor.py:208} INFO - Processing /opt/airflow/dags/driven_data_pipeline.py took 0.416 seconds
[2025-11-23T12:19:24.177+0000] {processor.py:186} INFO - Started process (PID=480) to work on /opt/airflow/dags/driven_data_pipeline.py
[2025-11-23T12:19:24.180+0000] {processor.py:914} INFO - Processing file /opt/airflow/dags/driven_data_pipeline.py for tasks to queue
[2025-11-23T12:19:24.183+0000] {logging_mixin.py:190} INFO - [2025-11-23T12:19:24.182+0000] {dagbag.py:588} INFO - Filling up the DagBag from /opt/airflow/dags/driven_data_pipeline.py
[2025-11-23T12:19:24.488+0000] {processor.py:925} INFO - DAG(s) 'extract_raw_data_pipeline' retrieved from /opt/airflow/dags/driven_data_pipeline.py
[2025-11-23T12:19:24.529+0000] {logging_mixin.py:190} INFO - [2025-11-23T12:19:24.528+0000] {dag.py:3239} INFO - Sync 1 DAGs
[2025-11-23T12:19:24.557+0000] {logging_mixin.py:190} INFO - [2025-11-23T12:19:24.557+0000] {dag.py:4180} INFO - Setting next_dagrun for extract_raw_data_pipeline to 2025-11-23 07:59:00+00:00, run_after=2025-11-24 07:00:00+00:00
[2025-11-23T12:19:24.576+0000] {processor.py:208} INFO - Processing /opt/airflow/dags/driven_data_pipeline.py took 0.408 seconds
