[2025-11-23T07:42:20.061+0000] {manager.py:483} INFO - Processing files using up to 2 processes at a time 
[2025-11-23T07:42:20.062+0000] {manager.py:484} INFO - Process each file at most once every 30 seconds
[2025-11-23T07:42:20.063+0000] {manager.py:485} INFO - Checking for new files in /opt/airflow/dags every 300 seconds
[2025-11-23T07:42:20.064+0000] {manager.py:821} INFO - Searching for files in /opt/airflow/dags
[2025-11-23T07:42:20.070+0000] {manager.py:824} INFO - There are 0 files in /opt/airflow/dags
[2025-11-23T07:47:20.588+0000] {manager.py:821} INFO - Searching for files in /opt/airflow/dags
[2025-11-23T07:47:20.647+0000] {manager.py:824} INFO - There are 0 files in /opt/airflow/dags
[2025-11-23T07:52:20.680+0000] {manager.py:821} INFO - Searching for files in /opt/airflow/dags
[2025-11-23T07:52:20.706+0000] {manager.py:824} INFO - There are 0 files in /opt/airflow/dags
[2025-11-23T07:57:21.057+0000] {manager.py:821} INFO - Searching for files in /opt/airflow/dags
[2025-11-23T07:57:21.101+0000] {manager.py:824} INFO - There are 1 files in /opt/airflow/dags
[2025-11-23T07:57:29.995+0000] {manager.py:997} INFO - 
================================================================================
DAG File Processing Stats

File Path                                  PID    Runtime      # DAGs    # Errors  Last Runtime    Last Run               Last # of DB Queries
-----------------------------------------  -----  ---------  --------  ----------  --------------  -------------------  ----------------------
/opt/airflow/dags/driven_data_pipeline.py                           1           0  2.56s           2025-11-23T07:57:24                      45
================================================================================
[2025-11-23T07:58:00.269+0000] {manager.py:997} INFO - 
================================================================================
DAG File Processing Stats

File Path                                  PID    Runtime      # DAGs    # Errors  Last Runtime    Last Run               Last # of DB Queries
-----------------------------------------  -----  ---------  --------  ----------  --------------  -------------------  ----------------------
/opt/airflow/dags/driven_data_pipeline.py                           1           0  0.39s           2025-11-23T07:57:55                      12
================================================================================
[2025-11-23T07:58:30.351+0000] {manager.py:997} INFO - 
================================================================================
DAG File Processing Stats

File Path                                  PID    Runtime      # DAGs    # Errors  Last Runtime    Last Run               Last # of DB Queries
-----------------------------------------  -----  ---------  --------  ----------  --------------  -------------------  ----------------------
/opt/airflow/dags/driven_data_pipeline.py                           1           0  0.41s           2025-11-23T07:58:26                      12
================================================================================
[2025-11-23T07:59:00.643+0000] {manager.py:997} INFO - 
================================================================================
DAG File Processing Stats

File Path                                  PID    Runtime      # DAGs    # Errors  Last Runtime    Last Run               Last # of DB Queries
-----------------------------------------  -----  ---------  --------  ----------  --------------  -------------------  ----------------------
/opt/airflow/dags/driven_data_pipeline.py                           1           0  0.43s           2025-11-23T07:58:57                      12
================================================================================
[2025-11-23T07:59:30.739+0000] {manager.py:997} INFO - 
================================================================================
DAG File Processing Stats

File Path                                  PID    Runtime      # DAGs    # Errors  Last Runtime    Last Run               Last # of DB Queries
-----------------------------------------  -----  ---------  --------  ----------  --------------  -------------------  ----------------------
/opt/airflow/dags/driven_data_pipeline.py                           1           0  0.39s           2025-11-23T07:59:27                      12
================================================================================
[2025-11-23T08:00:01.259+0000] {manager.py:997} INFO - 
================================================================================
DAG File Processing Stats

File Path                                  PID    Runtime      # DAGs    # Errors  Last Runtime    Last Run               Last # of DB Queries
-----------------------------------------  -----  ---------  --------  ----------  --------------  -------------------  ----------------------
/opt/airflow/dags/driven_data_pipeline.py                           1           0  0.36s           2025-11-23T07:59:58                      12
================================================================================
[2025-11-23T08:00:31.935+0000] {manager.py:997} INFO - 
================================================================================
DAG File Processing Stats

File Path                                  PID    Runtime      # DAGs    # Errors  Last Runtime    Last Run               Last # of DB Queries
-----------------------------------------  -----  ---------  --------  ----------  --------------  -------------------  ----------------------
/opt/airflow/dags/driven_data_pipeline.py                           1           0  0.18s           2025-11-23T08:00:29                      12
================================================================================
[2025-11-23T08:01:02.398+0000] {manager.py:997} INFO - 
================================================================================
DAG File Processing Stats

File Path                                  PID    Runtime      # DAGs    # Errors  Last Runtime    Last Run               Last # of DB Queries
-----------------------------------------  -----  ---------  --------  ----------  --------------  -------------------  ----------------------
/opt/airflow/dags/driven_data_pipeline.py                           1           0  0.22s           2025-11-23T08:00:59                      12
================================================================================
[2025-11-23T08:01:32.764+0000] {manager.py:997} INFO - 
================================================================================
DAG File Processing Stats

File Path                                  PID    Runtime      # DAGs    # Errors  Last Runtime    Last Run               Last # of DB Queries
-----------------------------------------  -----  ---------  --------  ----------  --------------  -------------------  ----------------------
/opt/airflow/dags/driven_data_pipeline.py                           1           0  0.19s           2025-11-23T08:01:29                      12
================================================================================
[2025-11-23T08:02:03.259+0000] {manager.py:997} INFO - 
================================================================================
DAG File Processing Stats

File Path                                  PID    Runtime      # DAGs    # Errors  Last Runtime    Last Run               Last # of DB Queries
-----------------------------------------  -----  ---------  --------  ----------  --------------  -------------------  ----------------------
/opt/airflow/dags/driven_data_pipeline.py                           1           0  0.51s           2025-11-23T08:01:53                      34
================================================================================
[2025-11-23T08:02:21.739+0000] {manager.py:821} INFO - Searching for files in /opt/airflow/dags
[2025-11-23T08:02:21.750+0000] {manager.py:824} INFO - There are 1 files in /opt/airflow/dags
[2025-11-23T08:02:33.908+0000] {manager.py:997} INFO - 
================================================================================
DAG File Processing Stats

File Path                                  PID    Runtime      # DAGs    # Errors  Last Runtime    Last Run               Last # of DB Queries
-----------------------------------------  -----  ---------  --------  ----------  --------------  -------------------  ----------------------
/opt/airflow/dags/driven_data_pipeline.py                           1           0  0.37s           2025-11-23T08:02:29                      34
================================================================================
[2025-11-23T08:03:04.531+0000] {manager.py:997} INFO - 
================================================================================
DAG File Processing Stats

File Path                                  PID    Runtime      # DAGs    # Errors  Last Runtime    Last Run               Last # of DB Queries
-----------------------------------------  -----  ---------  --------  ----------  --------------  -------------------  ----------------------
/opt/airflow/dags/driven_data_pipeline.py                           1           0  0.21s           2025-11-23T08:02:59                      12
================================================================================
[2025-11-23T08:03:35.009+0000] {manager.py:997} INFO - 
================================================================================
DAG File Processing Stats

File Path                                  PID    Runtime      # DAGs    # Errors  Last Runtime    Last Run               Last # of DB Queries
-----------------------------------------  -----  ---------  --------  ----------  --------------  -------------------  ----------------------
/opt/airflow/dags/driven_data_pipeline.py                           1           0  0.19s           2025-11-23T08:03:29                      12
================================================================================
[2025-11-23T08:04:05.508+0000] {manager.py:997} INFO - 
================================================================================
DAG File Processing Stats

File Path                                  PID    Runtime      # DAGs    # Errors  Last Runtime    Last Run               Last # of DB Queries
-----------------------------------------  -----  ---------  --------  ----------  --------------  -------------------  ----------------------
/opt/airflow/dags/driven_data_pipeline.py                           1           0  0.16s           2025-11-23T08:04:00                      12
================================================================================
[2025-11-23T08:04:35.993+0000] {manager.py:997} INFO - 
================================================================================
DAG File Processing Stats

File Path                                  PID    Runtime      # DAGs    # Errors  Last Runtime    Last Run               Last # of DB Queries
-----------------------------------------  -----  ---------  --------  ----------  --------------  -------------------  ----------------------
/opt/airflow/dags/driven_data_pipeline.py                           1           0  0.36s           2025-11-23T08:04:31                      12
================================================================================
[2025-11-23T08:05:06.500+0000] {manager.py:997} INFO - 
================================================================================
DAG File Processing Stats

File Path                                  PID    Runtime      # DAGs    # Errors  Last Runtime    Last Run               Last # of DB Queries
-----------------------------------------  -----  ---------  --------  ----------  --------------  -------------------  ----------------------
/opt/airflow/dags/driven_data_pipeline.py                           1           0  0.23s           2025-11-23T08:05:01                      12
================================================================================
[2025-11-23T08:05:36.824+0000] {manager.py:997} INFO - 
================================================================================
DAG File Processing Stats

File Path                                  PID    Runtime      # DAGs    # Errors  Last Runtime    Last Run               Last # of DB Queries
-----------------------------------------  -----  ---------  --------  ----------  --------------  -------------------  ----------------------
/opt/airflow/dags/driven_data_pipeline.py                           1           0  0.30s           2025-11-23T08:05:32                      12
================================================================================
[2025-11-23T08:06:07.447+0000] {manager.py:997} INFO - 
================================================================================
DAG File Processing Stats

File Path                                  PID    Runtime      # DAGs    # Errors  Last Runtime    Last Run               Last # of DB Queries
-----------------------------------------  -----  ---------  --------  ----------  --------------  -------------------  ----------------------
/opt/airflow/dags/driven_data_pipeline.py                           1           0  0.35s           2025-11-23T08:06:02                      12
================================================================================
[2025-11-23T08:06:37.818+0000] {manager.py:997} INFO - 
================================================================================
DAG File Processing Stats

File Path                                  PID    Runtime      # DAGs    # Errors  Last Runtime    Last Run               Last # of DB Queries
-----------------------------------------  -----  ---------  --------  ----------  --------------  -------------------  ----------------------
/opt/airflow/dags/driven_data_pipeline.py                           1           0  0.31s           2025-11-23T08:06:26                      12
================================================================================
[2025-11-23T08:07:08.344+0000] {manager.py:997} INFO - 
================================================================================
DAG File Processing Stats

File Path                                  PID    Runtime      # DAGs    # Errors  Last Runtime    Last Run               Last # of DB Queries
-----------------------------------------  -----  ---------  --------  ----------  --------------  -------------------  ----------------------
/opt/airflow/dags/driven_data_pipeline.py                           1           0  0.17s           2025-11-23T08:06:57                      12
================================================================================
[2025-11-23T08:07:22.643+0000] {manager.py:821} INFO - Searching for files in /opt/airflow/dags
[2025-11-23T08:07:22.652+0000] {manager.py:824} INFO - There are 1 files in /opt/airflow/dags
[2025-11-23T08:07:38.828+0000] {manager.py:997} INFO - 
================================================================================
DAG File Processing Stats

File Path                                  PID    Runtime      # DAGs    # Errors  Last Runtime    Last Run               Last # of DB Queries
-----------------------------------------  -----  ---------  --------  ----------  --------------  -------------------  ----------------------
/opt/airflow/dags/driven_data_pipeline.py                           1           0  0.18s           2025-11-23T08:07:27                      12
================================================================================
[2025-11-23T08:08:09.239+0000] {manager.py:997} INFO - 
================================================================================
DAG File Processing Stats

File Path                                  PID    Runtime      # DAGs    # Errors  Last Runtime    Last Run               Last # of DB Queries
-----------------------------------------  -----  ---------  --------  ----------  --------------  -------------------  ----------------------
/opt/airflow/dags/driven_data_pipeline.py                           1           0  0.17s           2025-11-23T08:07:58                      12
================================================================================
[2025-11-23T08:08:39.526+0000] {manager.py:997} INFO - 
================================================================================
DAG File Processing Stats

File Path                                  PID    Runtime      # DAGs    # Errors  Last Runtime    Last Run               Last # of DB Queries
-----------------------------------------  -----  ---------  --------  ----------  --------------  -------------------  ----------------------
/opt/airflow/dags/driven_data_pipeline.py                           1           0  0.40s           2025-11-23T08:08:28                      12
================================================================================
[2025-11-23T08:09:10.237+0000] {manager.py:997} INFO - 
================================================================================
DAG File Processing Stats

File Path                                  PID    Runtime      # DAGs    # Errors  Last Runtime    Last Run               Last # of DB Queries
-----------------------------------------  -----  ---------  --------  ----------  --------------  -------------------  ----------------------
/opt/airflow/dags/driven_data_pipeline.py                           1           0  0.21s           2025-11-23T08:08:59                      12
================================================================================
[2025-11-23T08:09:40.812+0000] {manager.py:997} INFO - 
================================================================================
DAG File Processing Stats

File Path                                  PID    Runtime      # DAGs    # Errors  Last Runtime    Last Run               Last # of DB Queries
-----------------------------------------  -----  ---------  --------  ----------  --------------  -------------------  ----------------------
/opt/airflow/dags/driven_data_pipeline.py                           1           0  0.36s           2025-11-23T08:09:29                      12
================================================================================
[2025-11-23T08:10:11.194+0000] {manager.py:997} INFO - 
================================================================================
DAG File Processing Stats

File Path                                  PID    Runtime      # DAGs    # Errors  Last Runtime    Last Run               Last # of DB Queries
-----------------------------------------  -----  ---------  --------  ----------  --------------  -------------------  ----------------------
/opt/airflow/dags/driven_data_pipeline.py                           1           0  0.19s           2025-11-23T08:10:00                      12
================================================================================
[2025-11-23T08:10:41.632+0000] {manager.py:997} INFO - 
================================================================================
DAG File Processing Stats

File Path                                  PID    Runtime      # DAGs    # Errors  Last Runtime    Last Run               Last # of DB Queries
-----------------------------------------  -----  ---------  --------  ----------  --------------  -------------------  ----------------------
/opt/airflow/dags/driven_data_pipeline.py                           1           0  0.27s           2025-11-23T08:10:30                      12
================================================================================
[2025-11-23T08:11:12.111+0000] {manager.py:997} INFO - 
================================================================================
DAG File Processing Stats

File Path                                  PID    Runtime      # DAGs    # Errors  Last Runtime    Last Run               Last # of DB Queries
-----------------------------------------  -----  ---------  --------  ----------  --------------  -------------------  ----------------------
/opt/airflow/dags/driven_data_pipeline.py                           1           0  0.53s           2025-11-23T08:11:01                      12
================================================================================
[2025-11-23T08:11:42.760+0000] {manager.py:997} INFO - 
================================================================================
DAG File Processing Stats

File Path                                  PID    Runtime      # DAGs    # Errors  Last Runtime    Last Run               Last # of DB Queries
-----------------------------------------  -----  ---------  --------  ----------  --------------  -------------------  ----------------------
/opt/airflow/dags/driven_data_pipeline.py                           1           0  0.22s           2025-11-23T08:11:31                      12
================================================================================
[2025-11-23T08:12:13.240+0000] {manager.py:997} INFO - 
================================================================================
DAG File Processing Stats

File Path                                  PID    Runtime      # DAGs    # Errors  Last Runtime    Last Run               Last # of DB Queries
-----------------------------------------  -----  ---------  --------  ----------  --------------  -------------------  ----------------------
/opt/airflow/dags/driven_data_pipeline.py                           1           0  0.20s           2025-11-23T08:12:02                      12
================================================================================
[2025-11-23T08:12:23.361+0000] {manager.py:821} INFO - Searching for files in /opt/airflow/dags
[2025-11-23T08:12:23.369+0000] {manager.py:824} INFO - There are 1 files in /opt/airflow/dags
[2025-11-23T08:12:43.600+0000] {manager.py:997} INFO - 
================================================================================
DAG File Processing Stats

File Path                                  PID    Runtime      # DAGs    # Errors  Last Runtime    Last Run               Last # of DB Queries
-----------------------------------------  -----  ---------  --------  ----------  --------------  -------------------  ----------------------
/opt/airflow/dags/driven_data_pipeline.py                           1           0  0.26s           2025-11-23T08:12:32                      12
================================================================================
[2025-11-23T08:13:14.109+0000] {manager.py:997} INFO - 
================================================================================
DAG File Processing Stats

File Path                                  PID    Runtime      # DAGs    # Errors  Last Runtime    Last Run               Last # of DB Queries
-----------------------------------------  -----  ---------  --------  ----------  --------------  -------------------  ----------------------
/opt/airflow/dags/driven_data_pipeline.py                           1           0  0.23s           2025-11-23T08:13:03                      12
================================================================================
[2025-11-23T08:13:44.454+0000] {manager.py:997} INFO - 
================================================================================
DAG File Processing Stats

File Path                                  PID    Runtime      # DAGs    # Errors  Last Runtime    Last Run               Last # of DB Queries
-----------------------------------------  -----  ---------  --------  ----------  --------------  -------------------  ----------------------
/opt/airflow/dags/driven_data_pipeline.py                           1           0  0.35s           2025-11-23T08:13:33                      12
================================================================================
[2025-11-23T08:14:15.058+0000] {manager.py:997} INFO - 
================================================================================
DAG File Processing Stats

File Path                                  PID    Runtime      # DAGs    # Errors  Last Runtime    Last Run               Last # of DB Queries
-----------------------------------------  -----  ---------  --------  ----------  --------------  -------------------  ----------------------
/opt/airflow/dags/driven_data_pipeline.py                           1           0  0.21s           2025-11-23T08:14:04                      12
================================================================================
[2025-11-23T08:14:45.604+0000] {manager.py:997} INFO - 
================================================================================
DAG File Processing Stats

File Path                                  PID    Runtime      # DAGs    # Errors  Last Runtime    Last Run               Last # of DB Queries
-----------------------------------------  -----  ---------  --------  ----------  --------------  -------------------  ----------------------
/opt/airflow/dags/driven_data_pipeline.py                           1           0  0.26s           2025-11-23T08:14:34                      12
================================================================================
[2025-11-23T08:15:15.903+0000] {manager.py:997} INFO - 
================================================================================
DAG File Processing Stats

File Path                                  PID    Runtime      # DAGs    # Errors  Last Runtime    Last Run               Last # of DB Queries
-----------------------------------------  -----  ---------  --------  ----------  --------------  -------------------  ----------------------
/opt/airflow/dags/driven_data_pipeline.py                           1           0  0.25s           2025-11-23T08:15:05                      12
================================================================================
[2025-11-23T08:15:46.402+0000] {manager.py:997} INFO - 
================================================================================
DAG File Processing Stats

File Path                                  PID    Runtime      # DAGs    # Errors  Last Runtime    Last Run               Last # of DB Queries
-----------------------------------------  -----  ---------  --------  ----------  --------------  -------------------  ----------------------
/opt/airflow/dags/driven_data_pipeline.py                           1           0  0.21s           2025-11-23T08:15:35                      12
================================================================================
[2025-11-23T08:16:16.692+0000] {manager.py:997} INFO - 
================================================================================
DAG File Processing Stats

File Path                                  PID    Runtime      # DAGs    # Errors  Last Runtime    Last Run               Last # of DB Queries
-----------------------------------------  -----  ---------  --------  ----------  --------------  -------------------  ----------------------
/opt/airflow/dags/driven_data_pipeline.py                           1           0  0.19s           2025-11-23T08:16:05                      12
================================================================================
[2025-11-23T08:16:47.155+0000] {manager.py:997} INFO - 
================================================================================
DAG File Processing Stats

File Path                                  PID    Runtime      # DAGs    # Errors  Last Runtime    Last Run               Last # of DB Queries
-----------------------------------------  -----  ---------  --------  ----------  --------------  -------------------  ----------------------
/opt/airflow/dags/driven_data_pipeline.py                           1           0  0.22s           2025-11-23T08:16:36                      12
================================================================================
[2025-11-23T08:17:17.447+0000] {manager.py:997} INFO - 
================================================================================
DAG File Processing Stats

File Path                                  PID    Runtime      # DAGs    # Errors  Last Runtime    Last Run               Last # of DB Queries
-----------------------------------------  -----  ---------  --------  ----------  --------------  -------------------  ----------------------
/opt/airflow/dags/driven_data_pipeline.py                           1           0  0.16s           2025-11-23T08:17:06                      12
================================================================================
[2025-11-23T08:17:23.500+0000] {manager.py:821} INFO - Searching for files in /opt/airflow/dags
[2025-11-23T08:17:23.508+0000] {manager.py:824} INFO - There are 1 files in /opt/airflow/dags
[2025-11-23T08:17:47.841+0000] {manager.py:997} INFO - 
================================================================================
DAG File Processing Stats

File Path                                  PID    Runtime      # DAGs    # Errors  Last Runtime    Last Run               Last # of DB Queries
-----------------------------------------  -----  ---------  --------  ----------  --------------  -------------------  ----------------------
/opt/airflow/dags/driven_data_pipeline.py                           1           0  0.16s           2025-11-23T08:17:36                      12
================================================================================
[2025-11-23T08:18:18.137+0000] {manager.py:997} INFO - 
================================================================================
DAG File Processing Stats

File Path                                  PID    Runtime      # DAGs    # Errors  Last Runtime    Last Run               Last # of DB Queries
-----------------------------------------  -----  ---------  --------  ----------  --------------  -------------------  ----------------------
/opt/airflow/dags/driven_data_pipeline.py                           1           0  0.19s           2025-11-23T08:18:07                      12
================================================================================
[2025-11-23T08:18:48.533+0000] {manager.py:997} INFO - 
================================================================================
DAG File Processing Stats

File Path                                  PID    Runtime      # DAGs    # Errors  Last Runtime    Last Run               Last # of DB Queries
-----------------------------------------  -----  ---------  --------  ----------  --------------  -------------------  ----------------------
/opt/airflow/dags/driven_data_pipeline.py                           1           0  0.18s           2025-11-23T08:18:37                      12
================================================================================
[2025-11-23T08:19:18.877+0000] {manager.py:997} INFO - 
================================================================================
DAG File Processing Stats

File Path                                  PID    Runtime      # DAGs    # Errors  Last Runtime    Last Run               Last # of DB Queries
-----------------------------------------  -----  ---------  --------  ----------  --------------  -------------------  ----------------------
/opt/airflow/dags/driven_data_pipeline.py                           1           0  0.26s           2025-11-23T08:19:08                      12
================================================================================
[2025-11-23T08:19:49.176+0000] {manager.py:997} INFO - 
================================================================================
DAG File Processing Stats

File Path                                  PID    Runtime      # DAGs    # Errors  Last Runtime    Last Run               Last # of DB Queries
-----------------------------------------  -----  ---------  --------  ----------  --------------  -------------------  ----------------------
/opt/airflow/dags/driven_data_pipeline.py                           1           0  0.16s           2025-11-23T08:19:38                      12
================================================================================
[2025-11-23T08:20:19.615+0000] {manager.py:997} INFO - 
================================================================================
DAG File Processing Stats

File Path                                  PID    Runtime      # DAGs    # Errors  Last Runtime    Last Run               Last # of DB Queries
-----------------------------------------  -----  ---------  --------  ----------  --------------  -------------------  ----------------------
/opt/airflow/dags/driven_data_pipeline.py                           1           0  0.21s           2025-11-23T08:20:08                      12
================================================================================
[2025-11-23T08:20:50.034+0000] {manager.py:997} INFO - 
================================================================================
DAG File Processing Stats

File Path                                  PID    Runtime      # DAGs    # Errors  Last Runtime    Last Run               Last # of DB Queries
-----------------------------------------  -----  ---------  --------  ----------  --------------  -------------------  ----------------------
/opt/airflow/dags/driven_data_pipeline.py                           1           0  0.19s           2025-11-23T08:20:39                      12
================================================================================
[2025-11-23T08:21:20.342+0000] {manager.py:997} INFO - 
================================================================================
DAG File Processing Stats

File Path                                  PID    Runtime      # DAGs    # Errors  Last Runtime    Last Run               Last # of DB Queries
-----------------------------------------  -----  ---------  --------  ----------  --------------  -------------------  ----------------------
/opt/airflow/dags/driven_data_pipeline.py                           1           0  0.19s           2025-11-23T08:21:09                      12
================================================================================
[2025-11-23T08:21:50.827+0000] {manager.py:997} INFO - 
================================================================================
DAG File Processing Stats

File Path                                  PID    Runtime      # DAGs    # Errors  Last Runtime    Last Run               Last # of DB Queries
-----------------------------------------  -----  ---------  --------  ----------  --------------  -------------------  ----------------------
/opt/airflow/dags/driven_data_pipeline.py                           1           0  0.18s           2025-11-23T08:21:39                      12
================================================================================
[2025-11-23T08:22:21.155+0000] {manager.py:997} INFO - 
================================================================================
DAG File Processing Stats

File Path                                  PID    Runtime      # DAGs    # Errors  Last Runtime    Last Run               Last # of DB Queries
-----------------------------------------  -----  ---------  --------  ----------  --------------  -------------------  ----------------------
/opt/airflow/dags/driven_data_pipeline.py                           1           0  0.18s           2025-11-23T08:22:10                      12
================================================================================
[2025-11-23T08:22:24.189+0000] {manager.py:821} INFO - Searching for files in /opt/airflow/dags
[2025-11-23T08:22:24.202+0000] {manager.py:824} INFO - There are 1 files in /opt/airflow/dags
[2025-11-23T08:22:51.633+0000] {manager.py:997} INFO - 
================================================================================
DAG File Processing Stats

File Path                                  PID    Runtime      # DAGs    # Errors  Last Runtime    Last Run               Last # of DB Queries
-----------------------------------------  -----  ---------  --------  ----------  --------------  -------------------  ----------------------
/opt/airflow/dags/driven_data_pipeline.py                           1           0  0.18s           2025-11-23T08:22:40                      12
================================================================================
[2025-11-23T08:23:22.000+0000] {manager.py:997} INFO - 
================================================================================
DAG File Processing Stats

File Path                                  PID    Runtime      # DAGs    # Errors  Last Runtime    Last Run               Last # of DB Queries
-----------------------------------------  -----  ---------  --------  ----------  --------------  -------------------  ----------------------
/opt/airflow/dags/driven_data_pipeline.py                           1           0  0.23s           2025-11-23T08:23:11                      12
================================================================================
[2025-11-23T08:23:52.484+0000] {manager.py:997} INFO - 
================================================================================
DAG File Processing Stats

File Path                                  PID    Runtime      # DAGs    # Errors  Last Runtime    Last Run               Last # of DB Queries
-----------------------------------------  -----  ---------  --------  ----------  --------------  -------------------  ----------------------
/opt/airflow/dags/driven_data_pipeline.py                           1           0  0.25s           2025-11-23T08:23:41                      12
================================================================================
[2025-11-23T08:24:04.104+0000] {manager.py:465} INFO - Exiting gracefully upon receiving signal 15
[2025-11-23T08:25:31.568+0000] {manager.py:483} INFO - Processing files using up to 2 processes at a time 
[2025-11-23T08:25:31.574+0000] {manager.py:484} INFO - Process each file at most once every 30 seconds
[2025-11-23T08:25:31.577+0000] {manager.py:485} INFO - Checking for new files in /opt/airflow/dags every 300 seconds
[2025-11-23T08:25:31.580+0000] {manager.py:821} INFO - Searching for files in /opt/airflow/dags
[2025-11-23T08:25:31.632+0000] {manager.py:824} INFO - There are 1 files in /opt/airflow/dags
[2025-11-23T08:25:33.169+0000] {manager.py:997} INFO - 
================================================================================
DAG File Processing Stats

File Path                                    PID  Runtime      # DAGs    # Errors  Last Runtime    Last Run      Last # of DB Queries
-----------------------------------------  -----  ---------  --------  ----------  --------------  ----------  ----------------------
/opt/airflow/dags/driven_data_pipeline.py     63  0.09s             0           0                                                   0
================================================================================
[2025-11-23T08:26:03.806+0000] {manager.py:997} INFO - 
================================================================================
DAG File Processing Stats

File Path                                  PID    Runtime      # DAGs    # Errors  Last Runtime    Last Run               Last # of DB Queries
-----------------------------------------  -----  ---------  --------  ----------  --------------  -------------------  ----------------------
/opt/airflow/dags/driven_data_pipeline.py                           1           0  0.87s           2025-11-23T08:25:33                      12
================================================================================
[2025-11-23T08:26:34.260+0000] {manager.py:997} INFO - 
================================================================================
DAG File Processing Stats

File Path                                  PID    Runtime      # DAGs    # Errors  Last Runtime    Last Run               Last # of DB Queries
-----------------------------------------  -----  ---------  --------  ----------  --------------  -------------------  ----------------------
/opt/airflow/dags/driven_data_pipeline.py                           1           0  3.57s           2025-11-23T08:26:07                      12
================================================================================
[2025-11-23T08:27:04.539+0000] {manager.py:997} INFO - 
================================================================================
DAG File Processing Stats

File Path                                  PID    Runtime      # DAGs    # Errors  Last Runtime    Last Run               Last # of DB Queries
-----------------------------------------  -----  ---------  --------  ----------  --------------  -------------------  ----------------------
/opt/airflow/dags/driven_data_pipeline.py                           1           0  0.64s           2025-11-23T08:26:38                      12
================================================================================
[2025-11-23T08:27:35.421+0000] {manager.py:997} INFO - 
================================================================================
DAG File Processing Stats

File Path                                  PID    Runtime      # DAGs    # Errors  Last Runtime    Last Run               Last # of DB Queries
-----------------------------------------  -----  ---------  --------  ----------  --------------  -------------------  ----------------------
/opt/airflow/dags/driven_data_pipeline.py                           1           0  0.22s           2025-11-23T08:27:09                      12
================================================================================
[2025-11-23T08:28:05.725+0000] {manager.py:997} INFO - 
================================================================================
DAG File Processing Stats

File Path                                  PID    Runtime      # DAGs    # Errors  Last Runtime    Last Run               Last # of DB Queries
-----------------------------------------  -----  ---------  --------  ----------  --------------  -------------------  ----------------------
/opt/airflow/dags/driven_data_pipeline.py                           1           0  0.16s           2025-11-23T08:27:39                      12
================================================================================
[2025-11-23T08:28:36.188+0000] {manager.py:997} INFO - 
================================================================================
DAG File Processing Stats

File Path                                  PID    Runtime      # DAGs    # Errors  Last Runtime    Last Run               Last # of DB Queries
-----------------------------------------  -----  ---------  --------  ----------  --------------  -------------------  ----------------------
/opt/airflow/dags/driven_data_pipeline.py                           1           0  0.20s           2025-11-23T08:28:09                      12
================================================================================
[2025-11-23T08:29:06.497+0000] {manager.py:997} INFO - 
================================================================================
DAG File Processing Stats

File Path                                  PID    Runtime      # DAGs    # Errors  Last Runtime    Last Run               Last # of DB Queries
-----------------------------------------  -----  ---------  --------  ----------  --------------  -------------------  ----------------------
/opt/airflow/dags/driven_data_pipeline.py                           1           0  0.24s           2025-11-23T08:28:40                      12
================================================================================
[2025-11-23T08:29:36.807+0000] {manager.py:997} INFO - 
================================================================================
DAG File Processing Stats

File Path                                  PID    Runtime      # DAGs    # Errors  Last Runtime    Last Run               Last # of DB Queries
-----------------------------------------  -----  ---------  --------  ----------  --------------  -------------------  ----------------------
/opt/airflow/dags/driven_data_pipeline.py                           1           0  0.21s           2025-11-23T08:29:10                      12
================================================================================
[2025-11-23T08:30:07.058+0000] {manager.py:997} INFO - 
================================================================================
DAG File Processing Stats

File Path                                  PID    Runtime      # DAGs    # Errors  Last Runtime    Last Run               Last # of DB Queries
-----------------------------------------  -----  ---------  --------  ----------  --------------  -------------------  ----------------------
/opt/airflow/dags/driven_data_pipeline.py                           1           0  0.94s           2025-11-23T08:29:41                      12
================================================================================
[2025-11-23T08:30:31.678+0000] {manager.py:821} INFO - Searching for files in /opt/airflow/dags
[2025-11-23T08:30:31.688+0000] {manager.py:824} INFO - There are 1 files in /opt/airflow/dags
[2025-11-23T08:30:37.551+0000] {manager.py:997} INFO - 
================================================================================
DAG File Processing Stats

File Path                                  PID    Runtime      # DAGs    # Errors  Last Runtime    Last Run               Last # of DB Queries
-----------------------------------------  -----  ---------  --------  ----------  --------------  -------------------  ----------------------
/opt/airflow/dags/driven_data_pipeline.py                           1           0  0.39s           2025-11-23T08:30:12                      12
================================================================================
[2025-11-23T08:31:08.122+0000] {manager.py:997} INFO - 
================================================================================
DAG File Processing Stats

File Path                                  PID    Runtime      # DAGs    # Errors  Last Runtime    Last Run               Last # of DB Queries
-----------------------------------------  -----  ---------  --------  ----------  --------------  -------------------  ----------------------
/opt/airflow/dags/driven_data_pipeline.py                           1           0  0.44s           2025-11-23T08:30:43                      12
================================================================================
[2025-11-23T08:31:38.636+0000] {manager.py:997} INFO - 
================================================================================
DAG File Processing Stats

File Path                                  PID    Runtime      # DAGs    # Errors  Last Runtime    Last Run               Last # of DB Queries
-----------------------------------------  -----  ---------  --------  ----------  --------------  -------------------  ----------------------
/opt/airflow/dags/driven_data_pipeline.py                           1           0  0.18s           2025-11-23T08:31:13                      12
================================================================================
[2025-11-23T08:32:08.899+0000] {manager.py:997} INFO - 
================================================================================
DAG File Processing Stats

File Path                                  PID    Runtime      # DAGs    # Errors  Last Runtime    Last Run               Last # of DB Queries
-----------------------------------------  -----  ---------  --------  ----------  --------------  -------------------  ----------------------
/opt/airflow/dags/driven_data_pipeline.py                           1           0  0.17s           2025-11-23T08:31:43                      12
================================================================================
[2025-11-23T08:32:39.314+0000] {manager.py:997} INFO - 
================================================================================
DAG File Processing Stats

File Path                                  PID    Runtime      # DAGs    # Errors  Last Runtime    Last Run               Last # of DB Queries
-----------------------------------------  -----  ---------  --------  ----------  --------------  -------------------  ----------------------
/opt/airflow/dags/driven_data_pipeline.py                           1           0  0.21s           2025-11-23T08:32:14                      12
================================================================================
[2025-11-23T08:33:09.632+0000] {manager.py:997} INFO - 
================================================================================
DAG File Processing Stats

File Path                                  PID    Runtime      # DAGs    # Errors  Last Runtime    Last Run               Last # of DB Queries
-----------------------------------------  -----  ---------  --------  ----------  --------------  -------------------  ----------------------
/opt/airflow/dags/driven_data_pipeline.py                           1           0  0.49s           2025-11-23T08:32:44                      12
================================================================================
[2025-11-23T08:33:39.755+0000] {manager.py:997} INFO - 
================================================================================
DAG File Processing Stats

File Path                                  PID    Runtime      # DAGs    # Errors  Last Runtime    Last Run               Last # of DB Queries
-----------------------------------------  -----  ---------  --------  ----------  --------------  -------------------  ----------------------
/opt/airflow/dags/driven_data_pipeline.py                           1           0  0.34s           2025-11-23T08:33:15                      12
================================================================================
[2025-11-23T08:34:10.024+0000] {manager.py:997} INFO - 
================================================================================
DAG File Processing Stats

File Path                                  PID    Runtime      # DAGs    # Errors  Last Runtime    Last Run               Last # of DB Queries
-----------------------------------------  -----  ---------  --------  ----------  --------------  -------------------  ----------------------
/opt/airflow/dags/driven_data_pipeline.py                           1           0  1.28s           2025-11-23T08:33:47                      12
================================================================================
[2025-11-23T08:34:40.566+0000] {manager.py:997} INFO - 
================================================================================
DAG File Processing Stats

File Path                                  PID    Runtime      # DAGs    # Errors  Last Runtime    Last Run               Last # of DB Queries
-----------------------------------------  -----  ---------  --------  ----------  --------------  -------------------  ----------------------
/opt/airflow/dags/driven_data_pipeline.py                           1           0  0.16s           2025-11-23T08:34:17                      12
================================================================================
[2025-11-23T08:35:10.979+0000] {manager.py:997} INFO - 
================================================================================
DAG File Processing Stats

File Path                                  PID    Runtime      # DAGs    # Errors  Last Runtime    Last Run               Last # of DB Queries
-----------------------------------------  -----  ---------  --------  ----------  --------------  -------------------  ----------------------
/opt/airflow/dags/driven_data_pipeline.py                           1           0  0.18s           2025-11-23T08:34:47                      12
================================================================================
[2025-11-23T08:35:32.297+0000] {manager.py:821} INFO - Searching for files in /opt/airflow/dags
[2025-11-23T08:35:32.307+0000] {manager.py:824} INFO - There are 1 files in /opt/airflow/dags
[2025-11-23T08:35:41.424+0000] {manager.py:997} INFO - 
================================================================================
DAG File Processing Stats

File Path                                  PID    Runtime      # DAGs    # Errors  Last Runtime    Last Run               Last # of DB Queries
-----------------------------------------  -----  ---------  --------  ----------  --------------  -------------------  ----------------------
/opt/airflow/dags/driven_data_pipeline.py                           1           0  0.42s           2025-11-23T08:35:18                      12
================================================================================
[2025-11-23T08:36:11.591+0000] {manager.py:997} INFO - 
================================================================================
DAG File Processing Stats

File Path                                  PID    Runtime      # DAGs    # Errors  Last Runtime    Last Run               Last # of DB Queries
-----------------------------------------  -----  ---------  --------  ----------  --------------  -------------------  ----------------------
/opt/airflow/dags/driven_data_pipeline.py                           1           0  0.91s           2025-11-23T08:35:49                      12
================================================================================
[2025-11-23T08:36:42.388+0000] {manager.py:997} INFO - 
================================================================================
DAG File Processing Stats

File Path                                  PID    Runtime      # DAGs    # Errors  Last Runtime    Last Run               Last # of DB Queries
-----------------------------------------  -----  ---------  --------  ----------  --------------  -------------------  ----------------------
/opt/airflow/dags/driven_data_pipeline.py                           1           0  0.58s           2025-11-23T08:36:20                      12
================================================================================
[2025-11-23T08:37:12.925+0000] {manager.py:997} INFO - 
================================================================================
DAG File Processing Stats

File Path                                  PID    Runtime      # DAGs    # Errors  Last Runtime    Last Run               Last # of DB Queries
-----------------------------------------  -----  ---------  --------  ----------  --------------  -------------------  ----------------------
/opt/airflow/dags/driven_data_pipeline.py                           1           0  0.17s           2025-11-23T08:36:50                      12
================================================================================
[2025-11-23T08:37:43.206+0000] {manager.py:997} INFO - 
================================================================================
DAG File Processing Stats

File Path                                  PID    Runtime      # DAGs    # Errors  Last Runtime    Last Run               Last # of DB Queries
-----------------------------------------  -----  ---------  --------  ----------  --------------  -------------------  ----------------------
/opt/airflow/dags/driven_data_pipeline.py                           1           0  0.16s           2025-11-23T08:37:21                      12
================================================================================
[2025-11-23T08:38:13.591+0000] {manager.py:997} INFO - 
================================================================================
DAG File Processing Stats

File Path                                  PID    Runtime      # DAGs    # Errors  Last Runtime    Last Run               Last # of DB Queries
-----------------------------------------  -----  ---------  --------  ----------  --------------  -------------------  ----------------------
/opt/airflow/dags/driven_data_pipeline.py                           1           0  0.29s           2025-11-23T08:37:51                      12
================================================================================
[2025-11-23T08:38:43.646+0000] {manager.py:997} INFO - 
================================================================================
DAG File Processing Stats

File Path                                  PID    Runtime      # DAGs    # Errors  Last Runtime    Last Run               Last # of DB Queries
-----------------------------------------  -----  ---------  --------  ----------  --------------  -------------------  ----------------------
/opt/airflow/dags/driven_data_pipeline.py                           1           0  0.77s           2025-11-23T08:38:22                      12
================================================================================
[2025-11-23T08:39:13.728+0000] {manager.py:997} INFO - 
================================================================================
DAG File Processing Stats

File Path                                  PID    Runtime      # DAGs    # Errors  Last Runtime    Last Run               Last # of DB Queries
-----------------------------------------  -----  ---------  --------  ----------  --------------  -------------------  ----------------------
/opt/airflow/dags/driven_data_pipeline.py                           1           0  0.80s           2025-11-23T08:38:53                      12
================================================================================
[2025-11-23T08:39:43.858+0000] {manager.py:997} INFO - 
================================================================================
DAG File Processing Stats

File Path                                  PID    Runtime      # DAGs    # Errors  Last Runtime    Last Run               Last # of DB Queries
-----------------------------------------  -----  ---------  --------  ----------  --------------  -------------------  ----------------------
/opt/airflow/dags/driven_data_pipeline.py                           1           0  0.57s           2025-11-23T08:39:35                      11
================================================================================
[2025-11-23T08:40:14.239+0000] {manager.py:997} INFO - 
================================================================================
DAG File Processing Stats

File Path                                  PID    Runtime      # DAGs    # Errors  Last Runtime    Last Run               Last # of DB Queries
-----------------------------------------  -----  ---------  --------  ----------  --------------  -------------------  ----------------------
/opt/airflow/dags/driven_data_pipeline.py                           1           0  0.35s           2025-11-23T08:40:01                      34
================================================================================
[2025-11-23T08:40:32.764+0000] {manager.py:821} INFO - Searching for files in /opt/airflow/dags
[2025-11-23T08:40:32.773+0000] {manager.py:824} INFO - There are 1 files in /opt/airflow/dags
[2025-11-23T08:40:44.932+0000] {manager.py:997} INFO - 
================================================================================
DAG File Processing Stats

File Path                                    PID  Runtime      # DAGs    # Errors  Last Runtime    Last Run               Last # of DB Queries
-----------------------------------------  -----  ---------  --------  ----------  --------------  -------------------  ----------------------
/opt/airflow/dags/driven_data_pipeline.py    280  0.01s             1           0  0.39s           2025-11-23T08:40:31                      12
================================================================================
[2025-11-23T08:41:15.065+0000] {manager.py:997} INFO - 
================================================================================
DAG File Processing Stats

File Path                                  PID    Runtime      # DAGs    # Errors  Last Runtime    Last Run               Last # of DB Queries
-----------------------------------------  -----  ---------  --------  ----------  --------------  -------------------  ----------------------
/opt/airflow/dags/driven_data_pipeline.py                           1           0  0.21s           2025-11-23T08:40:52                      11
================================================================================
[2025-11-23T08:41:45.375+0000] {manager.py:997} INFO - 
================================================================================
DAG File Processing Stats

File Path                                  PID    Runtime      # DAGs    # Errors  Last Runtime    Last Run               Last # of DB Queries
-----------------------------------------  -----  ---------  --------  ----------  --------------  -------------------  ----------------------
/opt/airflow/dags/driven_data_pipeline.py                           1           0  0.45s           2025-11-23T08:41:22                      12
================================================================================
[2025-11-23T08:44:25.613+0000] {manager.py:483} INFO - Processing files using up to 2 processes at a time 
[2025-11-23T08:44:25.625+0000] {manager.py:484} INFO - Process each file at most once every 30 seconds
[2025-11-23T08:44:25.629+0000] {manager.py:485} INFO - Checking for new files in /opt/airflow/dags every 300 seconds
[2025-11-23T08:44:25.633+0000] {manager.py:821} INFO - Searching for files in /opt/airflow/dags
[2025-11-23T08:44:25.672+0000] {manager.py:824} INFO - There are 1 files in /opt/airflow/dags
[2025-11-23T08:44:27.661+0000] {manager.py:997} INFO - 
================================================================================
DAG File Processing Stats

File Path                                    PID  Runtime      # DAGs    # Errors  Last Runtime    Last Run      Last # of DB Queries
-----------------------------------------  -----  ---------  --------  ----------  --------------  ----------  ----------------------
/opt/airflow/dags/driven_data_pipeline.py     67  0.45s             0           0                                                   0
================================================================================
[2025-11-23T08:44:58.243+0000] {manager.py:997} INFO - 
================================================================================
DAG File Processing Stats

File Path                                  PID    Runtime      # DAGs    # Errors  Last Runtime    Last Run               Last # of DB Queries
-----------------------------------------  -----  ---------  --------  ----------  --------------  -------------------  ----------------------
/opt/airflow/dags/driven_data_pipeline.py                           1           0  1.45s           2025-11-23T08:44:28                      12
================================================================================
[2025-11-23T08:45:28.771+0000] {manager.py:997} INFO - 
================================================================================
DAG File Processing Stats

File Path                                  PID    Runtime      # DAGs    # Errors  Last Runtime    Last Run               Last # of DB Queries
-----------------------------------------  -----  ---------  --------  ----------  --------------  -------------------  ----------------------
/opt/airflow/dags/driven_data_pipeline.py                           1           0  2.54s           2025-11-23T08:45:01                      12
================================================================================
[2025-11-23T08:45:59.494+0000] {manager.py:997} INFO - 
================================================================================
DAG File Processing Stats

File Path                                  PID    Runtime      # DAGs    # Errors  Last Runtime    Last Run               Last # of DB Queries
-----------------------------------------  -----  ---------  --------  ----------  --------------  -------------------  ----------------------
/opt/airflow/dags/driven_data_pipeline.py                           1           0  0.37s           2025-11-23T08:45:32                      12
================================================================================
[2025-11-23T08:46:29.572+0000] {manager.py:997} INFO - 
================================================================================
DAG File Processing Stats

File Path                                  PID    Runtime      # DAGs    # Errors  Last Runtime    Last Run               Last # of DB Queries
-----------------------------------------  -----  ---------  --------  ----------  --------------  -------------------  ----------------------
/opt/airflow/dags/driven_data_pipeline.py                           1           0  0.53s           2025-11-23T08:46:03                      12
================================================================================
[2025-11-23T08:46:59.600+0000] {manager.py:997} INFO - 
================================================================================
DAG File Processing Stats

File Path                                  PID    Runtime      # DAGs    # Errors  Last Runtime    Last Run               Last # of DB Queries
-----------------------------------------  -----  ---------  --------  ----------  --------------  -------------------  ----------------------
/opt/airflow/dags/driven_data_pipeline.py                           1           0  0.28s           2025-11-23T08:46:50                      12
================================================================================
[2025-11-23T08:47:30.268+0000] {manager.py:997} INFO - 
================================================================================
DAG File Processing Stats

File Path                                  PID    Runtime      # DAGs    # Errors  Last Runtime    Last Run               Last # of DB Queries
-----------------------------------------  -----  ---------  --------  ----------  --------------  -------------------  ----------------------
/opt/airflow/dags/driven_data_pipeline.py                           1           0  0.29s           2025-11-23T08:47:24                      12
================================================================================
[2025-11-23T08:48:00.705+0000] {manager.py:997} INFO - 
================================================================================
DAG File Processing Stats

File Path                                  PID    Runtime      # DAGs    # Errors  Last Runtime    Last Run               Last # of DB Queries
-----------------------------------------  -----  ---------  --------  ----------  --------------  -------------------  ----------------------
/opt/airflow/dags/driven_data_pipeline.py                           1           0  0.21s           2025-11-23T08:47:54                      12
================================================================================
[2025-11-23T08:48:31.076+0000] {manager.py:997} INFO - 
================================================================================
DAG File Processing Stats

File Path                                  PID    Runtime      # DAGs    # Errors  Last Runtime    Last Run               Last # of DB Queries
-----------------------------------------  -----  ---------  --------  ----------  --------------  -------------------  ----------------------
/opt/airflow/dags/driven_data_pipeline.py                           1           0  2.72s           2025-11-23T08:48:27                      12
================================================================================
[2025-11-23T08:49:01.657+0000] {manager.py:997} INFO - 
================================================================================
DAG File Processing Stats

File Path                                  PID    Runtime      # DAGs    # Errors  Last Runtime    Last Run               Last # of DB Queries
-----------------------------------------  -----  ---------  --------  ----------  --------------  -------------------  ----------------------
/opt/airflow/dags/driven_data_pipeline.py                           1           0  0.86s           2025-11-23T08:48:58                      12
================================================================================
[2025-11-23T08:49:26.095+0000] {manager.py:821} INFO - Searching for files in /opt/airflow/dags
[2025-11-23T08:49:26.111+0000] {manager.py:824} INFO - There are 1 files in /opt/airflow/dags
[2025-11-23T08:49:31.800+0000] {manager.py:997} INFO - 
================================================================================
DAG File Processing Stats

File Path                                  PID    Runtime      # DAGs    # Errors  Last Runtime    Last Run               Last # of DB Queries
-----------------------------------------  -----  ---------  --------  ----------  --------------  -------------------  ----------------------
/opt/airflow/dags/driven_data_pipeline.py                           1           0  1.75s           2025-11-23T08:49:31                      12
================================================================================
[2025-11-23T08:50:02.055+0000] {manager.py:997} INFO - 
================================================================================
DAG File Processing Stats

File Path                                  PID    Runtime      # DAGs    # Errors  Last Runtime    Last Run               Last # of DB Queries
-----------------------------------------  -----  ---------  --------  ----------  --------------  -------------------  ----------------------
/opt/airflow/dags/driven_data_pipeline.py                           1           0  0.27s           2025-11-23T08:50:02                      12
================================================================================
[2025-11-23T08:50:32.117+0000] {manager.py:997} INFO - 
================================================================================
DAG File Processing Stats

File Path                                    PID  Runtime      # DAGs    # Errors  Last Runtime    Last Run               Last # of DB Queries
-----------------------------------------  -----  ---------  --------  ----------  --------------  -------------------  ----------------------
/opt/airflow/dags/driven_data_pipeline.py    152  0.01s             1           0  0.27s           2025-11-23T08:50:02                      12
================================================================================
[2025-11-23T08:51:02.620+0000] {manager.py:997} INFO - 
================================================================================
DAG File Processing Stats

File Path                                    PID  Runtime      # DAGs    # Errors  Last Runtime    Last Run               Last # of DB Queries
-----------------------------------------  -----  ---------  --------  ----------  --------------  -------------------  ----------------------
/opt/airflow/dags/driven_data_pipeline.py    159  0.01s             1           0  0.36s           2025-11-23T08:50:32                      12
================================================================================
[2025-11-23T08:51:33.086+0000] {manager.py:997} INFO - 
================================================================================
DAG File Processing Stats

File Path                                    PID  Runtime      # DAGs    # Errors  Last Runtime    Last Run               Last # of DB Queries
-----------------------------------------  -----  ---------  --------  ----------  --------------  -------------------  ----------------------
/opt/airflow/dags/driven_data_pipeline.py    166  0.01s             1           0  0.24s           2025-11-23T08:51:02                      12
================================================================================
[2025-11-23T08:52:03.437+0000] {manager.py:997} INFO - 
================================================================================
DAG File Processing Stats

File Path                                  PID    Runtime      # DAGs    # Errors  Last Runtime    Last Run               Last # of DB Queries
-----------------------------------------  -----  ---------  --------  ----------  --------------  -------------------  ----------------------
/opt/airflow/dags/driven_data_pipeline.py                           1           0  0.44s           2025-11-23T08:51:33                      12
================================================================================
[2025-11-23T08:52:33.533+0000] {manager.py:997} INFO - 
================================================================================
DAG File Processing Stats

File Path                                  PID    Runtime      # DAGs    # Errors  Last Runtime    Last Run               Last # of DB Queries
-----------------------------------------  -----  ---------  --------  ----------  --------------  -------------------  ----------------------
/opt/airflow/dags/driven_data_pipeline.py                           1           0  0.44s           2025-11-23T08:52:04                      12
================================================================================
[2025-11-23T08:53:03.764+0000] {manager.py:997} INFO - 
================================================================================
DAG File Processing Stats

File Path                                  PID    Runtime      # DAGs    # Errors  Last Runtime    Last Run               Last # of DB Queries
-----------------------------------------  -----  ---------  --------  ----------  --------------  -------------------  ----------------------
/opt/airflow/dags/driven_data_pipeline.py                           1           0  0.82s           2025-11-23T08:52:35                      12
================================================================================
[2025-11-23T08:53:34.445+0000] {manager.py:997} INFO - 
================================================================================
DAG File Processing Stats

File Path                                  PID    Runtime      # DAGs    # Errors  Last Runtime    Last Run               Last # of DB Queries
-----------------------------------------  -----  ---------  --------  ----------  --------------  -------------------  ----------------------
/opt/airflow/dags/driven_data_pipeline.py                           1           0  0.30s           2025-11-23T08:53:24                      12
================================================================================
[2025-11-23T08:54:04.952+0000] {manager.py:997} INFO - 
================================================================================
DAG File Processing Stats

File Path                                  PID    Runtime      # DAGs    # Errors  Last Runtime    Last Run               Last # of DB Queries
-----------------------------------------  -----  ---------  --------  ----------  --------------  -------------------  ----------------------
/opt/airflow/dags/driven_data_pipeline.py                           1           0  0.41s           2025-11-23T08:53:55                      12
================================================================================
[2025-11-23T08:54:26.328+0000] {manager.py:821} INFO - Searching for files in /opt/airflow/dags
[2025-11-23T08:54:26.335+0000] {manager.py:824} INFO - There are 1 files in /opt/airflow/dags
[2025-11-23T08:54:35.442+0000] {manager.py:997} INFO - 
================================================================================
DAG File Processing Stats

File Path                                  PID    Runtime      # DAGs    # Errors  Last Runtime    Last Run               Last # of DB Queries
-----------------------------------------  -----  ---------  --------  ----------  --------------  -------------------  ----------------------
/opt/airflow/dags/driven_data_pipeline.py                           1           0  0.71s           2025-11-23T08:54:25                      12
================================================================================
[2025-11-23T08:55:05.723+0000] {manager.py:997} INFO - 
================================================================================
DAG File Processing Stats

File Path                                  PID    Runtime      # DAGs    # Errors  Last Runtime    Last Run               Last # of DB Queries
-----------------------------------------  -----  ---------  --------  ----------  --------------  -------------------  ----------------------
/opt/airflow/dags/driven_data_pipeline.py                           1           0  0.63s           2025-11-23T08:54:56                      12
================================================================================
[2025-11-23T08:55:36.089+0000] {manager.py:997} INFO - 
================================================================================
DAG File Processing Stats

File Path                                  PID    Runtime      # DAGs    # Errors  Last Runtime    Last Run               Last # of DB Queries
-----------------------------------------  -----  ---------  --------  ----------  --------------  -------------------  ----------------------
/opt/airflow/dags/driven_data_pipeline.py                           1           0  0.67s           2025-11-23T08:55:27                      12
================================================================================
[2025-11-23T08:56:06.400+0000] {manager.py:997} INFO - 
================================================================================
DAG File Processing Stats

File Path                                  PID    Runtime      # DAGs    # Errors  Last Runtime    Last Run               Last # of DB Queries
-----------------------------------------  -----  ---------  --------  ----------  --------------  -------------------  ----------------------
/opt/airflow/dags/driven_data_pipeline.py                           1           0  0.38s           2025-11-23T08:55:58                      12
================================================================================
[2025-11-23T08:56:36.806+0000] {manager.py:997} INFO - 
================================================================================
DAG File Processing Stats

File Path                                  PID    Runtime      # DAGs    # Errors  Last Runtime    Last Run               Last # of DB Queries
-----------------------------------------  -----  ---------  --------  ----------  --------------  -------------------  ----------------------
/opt/airflow/dags/driven_data_pipeline.py                           1           0  0.26s           2025-11-23T08:56:28                      12
================================================================================
[2025-11-23T08:57:07.335+0000] {manager.py:997} INFO - 
================================================================================
DAG File Processing Stats

File Path                                  PID    Runtime      # DAGs    # Errors  Last Runtime    Last Run               Last # of DB Queries
-----------------------------------------  -----  ---------  --------  ----------  --------------  -------------------  ----------------------
/opt/airflow/dags/driven_data_pipeline.py                           1           0  0.54s           2025-11-23T08:56:59                      12
================================================================================
[2025-11-23T08:57:37.933+0000] {manager.py:997} INFO - 
================================================================================
DAG File Processing Stats

File Path                                  PID    Runtime      # DAGs    # Errors  Last Runtime    Last Run               Last # of DB Queries
-----------------------------------------  -----  ---------  --------  ----------  --------------  -------------------  ----------------------
/opt/airflow/dags/driven_data_pipeline.py                           1           0  0.38s           2025-11-23T08:57:30                      12
================================================================================
[2025-11-23T08:58:08.106+0000] {manager.py:997} INFO - 
================================================================================
DAG File Processing Stats

File Path                                  PID    Runtime      # DAGs    # Errors  Last Runtime    Last Run               Last # of DB Queries
-----------------------------------------  -----  ---------  --------  ----------  --------------  -------------------  ----------------------
/opt/airflow/dags/driven_data_pipeline.py                           1           0  0.51s           2025-11-23T08:58:01                      12
================================================================================
[2025-11-23T08:58:38.887+0000] {manager.py:997} INFO - 
================================================================================
DAG File Processing Stats

File Path                                  PID    Runtime      # DAGs    # Errors  Last Runtime    Last Run               Last # of DB Queries
-----------------------------------------  -----  ---------  --------  ----------  --------------  -------------------  ----------------------
/opt/airflow/dags/driven_data_pipeline.py                           1           0  0.57s           2025-11-23T08:58:31                      12
================================================================================
[2025-11-23T08:59:09.211+0000] {manager.py:997} INFO - 
================================================================================
DAG File Processing Stats

File Path                                  PID    Runtime      # DAGs    # Errors  Last Runtime    Last Run               Last # of DB Queries
-----------------------------------------  -----  ---------  --------  ----------  --------------  -------------------  ----------------------
/opt/airflow/dags/driven_data_pipeline.py                           1           0  3.54s           2025-11-23T08:59:06                      12
================================================================================
[2025-11-23T08:59:27.123+0000] {manager.py:821} INFO - Searching for files in /opt/airflow/dags
[2025-11-23T08:59:27.142+0000] {manager.py:824} INFO - There are 1 files in /opt/airflow/dags
[2025-11-23T08:59:39.366+0000] {manager.py:997} INFO - 
================================================================================
DAG File Processing Stats

File Path                                  PID    Runtime      # DAGs    # Errors  Last Runtime    Last Run               Last # of DB Queries
-----------------------------------------  -----  ---------  --------  ----------  --------------  -------------------  ----------------------
/opt/airflow/dags/driven_data_pipeline.py                           1           0  0.49s           2025-11-23T08:59:36                      12
================================================================================
[2025-11-23T09:00:09.433+0000] {manager.py:997} INFO - 
================================================================================
DAG File Processing Stats

File Path                                  PID    Runtime      # DAGs    # Errors  Last Runtime    Last Run               Last # of DB Queries
-----------------------------------------  -----  ---------  --------  ----------  --------------  -------------------  ----------------------
/opt/airflow/dags/driven_data_pipeline.py                           1           0  1.35s           2025-11-23T09:00:08                      12
================================================================================
[2025-11-23T09:01:07.692+0000] {manager.py:997} INFO - 
================================================================================
DAG File Processing Stats

File Path                                    PID  Runtime      # DAGs    # Errors  Last Runtime    Last Run               Last # of DB Queries
-----------------------------------------  -----  ---------  --------  ----------  --------------  -------------------  ----------------------
/opt/airflow/dags/driven_data_pipeline.py    296  0.31s             1           0  1.35s           2025-11-23T09:00:08                      12
================================================================================
[2025-11-23T09:02:00.199+0000] {manager.py:997} INFO - 
================================================================================
DAG File Processing Stats

File Path                                  PID    Runtime      # DAGs    # Errors  Last Runtime    Last Run               Last # of DB Queries
-----------------------------------------  -----  ---------  --------  ----------  --------------  -------------------  ----------------------
/opt/airflow/dags/driven_data_pipeline.py                           1           0  0.94s           2025-11-23T09:01:47                      12
================================================================================
[2025-11-23T09:02:30.632+0000] {manager.py:997} INFO - 
================================================================================
DAG File Processing Stats

File Path                                  PID    Runtime      # DAGs    # Errors  Last Runtime    Last Run               Last # of DB Queries
-----------------------------------------  -----  ---------  --------  ----------  --------------  -------------------  ----------------------
/opt/airflow/dags/driven_data_pipeline.py                           1           0  0.52s           2025-11-23T09:02:18                      12
================================================================================
[2025-11-23T09:03:01.026+0000] {manager.py:997} INFO - 
================================================================================
DAG File Processing Stats

File Path                                  PID    Runtime      # DAGs    # Errors  Last Runtime    Last Run               Last # of DB Queries
-----------------------------------------  -----  ---------  --------  ----------  --------------  -------------------  ----------------------
/opt/airflow/dags/driven_data_pipeline.py                           1           0  0.48s           2025-11-23T09:02:49                      12
================================================================================
[2025-11-23T09:03:31.153+0000] {manager.py:997} INFO - 
================================================================================
DAG File Processing Stats

File Path                                  PID    Runtime      # DAGs    # Errors  Last Runtime    Last Run               Last # of DB Queries
-----------------------------------------  -----  ---------  --------  ----------  --------------  -------------------  ----------------------
/opt/airflow/dags/driven_data_pipeline.py                           1           0  0.38s           2025-11-23T09:03:20                      12
================================================================================
[2025-11-23T09:07:35.248+0000] {manager.py:483} INFO - Processing files using up to 2 processes at a time 
[2025-11-23T09:07:35.254+0000] {manager.py:484} INFO - Process each file at most once every 30 seconds
[2025-11-23T09:07:35.255+0000] {manager.py:485} INFO - Checking for new files in /opt/airflow/dags every 300 seconds
[2025-11-23T09:07:35.256+0000] {manager.py:821} INFO - Searching for files in /opt/airflow/dags
[2025-11-23T09:07:35.280+0000] {manager.py:824} INFO - There are 1 files in /opt/airflow/dags
[2025-11-23T09:07:35.874+0000] {manager.py:997} INFO - 
================================================================================
DAG File Processing Stats

File Path                                    PID  Runtime      # DAGs    # Errors  Last Runtime    Last Run      Last # of DB Queries
-----------------------------------------  -----  ---------  --------  ----------  --------------  ----------  ----------------------
/opt/airflow/dags/driven_data_pipeline.py     62  0.07s             0           0                                                   0
================================================================================
[2025-11-23T09:08:06.640+0000] {manager.py:997} INFO - 
================================================================================
DAG File Processing Stats

File Path                                  PID    Runtime      # DAGs    # Errors  Last Runtime    Last Run               Last # of DB Queries
-----------------------------------------  -----  ---------  --------  ----------  --------------  -------------------  ----------------------
/opt/airflow/dags/driven_data_pipeline.py                           1           0  1.23s           2025-11-23T09:07:37                      45
================================================================================
[2025-11-23T09:08:37.168+0000] {manager.py:997} INFO - 
================================================================================
DAG File Processing Stats

File Path                                  PID    Runtime      # DAGs    # Errors  Last Runtime    Last Run               Last # of DB Queries
-----------------------------------------  -----  ---------  --------  ----------  --------------  -------------------  ----------------------
/opt/airflow/dags/driven_data_pipeline.py                           1           0  2.21s           2025-11-23T09:08:09                      12
================================================================================
[2025-11-23T09:09:07.343+0000] {manager.py:997} INFO - 
================================================================================
DAG File Processing Stats

File Path                                  PID    Runtime      # DAGs    # Errors  Last Runtime    Last Run               Last # of DB Queries
-----------------------------------------  -----  ---------  --------  ----------  --------------  -------------------  ----------------------
/opt/airflow/dags/driven_data_pipeline.py                           1           0  0.50s           2025-11-23T09:08:40                      12
================================================================================
[2025-11-23T09:09:37.428+0000] {manager.py:997} INFO - 
================================================================================
DAG File Processing Stats

File Path                                  PID    Runtime      # DAGs    # Errors  Last Runtime    Last Run               Last # of DB Queries
-----------------------------------------  -----  ---------  --------  ----------  --------------  -------------------  ----------------------
/opt/airflow/dags/driven_data_pipeline.py                           1           0  0.46s           2025-11-23T09:09:11                      12
================================================================================
[2025-11-23T09:10:07.527+0000] {manager.py:997} INFO - 
================================================================================
DAG File Processing Stats

File Path                                  PID    Runtime      # DAGs    # Errors  Last Runtime    Last Run               Last # of DB Queries
-----------------------------------------  -----  ---------  --------  ----------  --------------  -------------------  ----------------------
/opt/airflow/dags/driven_data_pipeline.py                           1           0  0.50s           2025-11-23T09:09:42                      12
================================================================================
[2025-11-23T09:10:38.272+0000] {manager.py:997} INFO - 
================================================================================
DAG File Processing Stats

File Path                                  PID    Runtime      # DAGs    # Errors  Last Runtime    Last Run               Last # of DB Queries
-----------------------------------------  -----  ---------  --------  ----------  --------------  -------------------  ----------------------
/opt/airflow/dags/driven_data_pipeline.py                           1           0  0.45s           2025-11-23T09:10:13                      12
================================================================================
[2025-11-23T09:11:08.988+0000] {manager.py:997} INFO - 
================================================================================
DAG File Processing Stats

File Path                                  PID    Runtime      # DAGs    # Errors  Last Runtime    Last Run               Last # of DB Queries
-----------------------------------------  -----  ---------  --------  ----------  --------------  -------------------  ----------------------
/opt/airflow/dags/driven_data_pipeline.py                           1           0  0.26s           2025-11-23T09:10:43                      12
================================================================================
[2025-11-23T09:11:39.698+0000] {manager.py:997} INFO - 
================================================================================
DAG File Processing Stats

File Path                                  PID    Runtime      # DAGs    # Errors  Last Runtime    Last Run               Last # of DB Queries
-----------------------------------------  -----  ---------  --------  ----------  --------------  -------------------  ----------------------
/opt/airflow/dags/driven_data_pipeline.py                           1           0  0.20s           2025-11-23T09:11:14                      12
================================================================================
[2025-11-23T09:12:10.221+0000] {manager.py:997} INFO - 
================================================================================
DAG File Processing Stats

File Path                                  PID    Runtime      # DAGs    # Errors  Last Runtime    Last Run               Last # of DB Queries
-----------------------------------------  -----  ---------  --------  ----------  --------------  -------------------  ----------------------
/opt/airflow/dags/driven_data_pipeline.py                           1           0  4.02s           2025-11-23T09:11:48                      12
================================================================================
[2025-11-23T09:12:35.375+0000] {manager.py:821} INFO - Searching for files in /opt/airflow/dags
[2025-11-23T09:12:35.385+0000] {manager.py:824} INFO - There are 1 files in /opt/airflow/dags
[2025-11-23T09:12:40.460+0000] {manager.py:997} INFO - 
================================================================================
DAG File Processing Stats

File Path                                  PID    Runtime      # DAGs    # Errors  Last Runtime    Last Run               Last # of DB Queries
-----------------------------------------  -----  ---------  --------  ----------  --------------  -------------------  ----------------------
/opt/airflow/dags/driven_data_pipeline.py                           1           0  0.90s           2025-11-23T09:12:20                      12
================================================================================
[2025-11-23T09:13:10.698+0000] {manager.py:997} INFO - 
================================================================================
DAG File Processing Stats

File Path                                  PID    Runtime      # DAGs    # Errors  Last Runtime    Last Run               Last # of DB Queries
-----------------------------------------  -----  ---------  --------  ----------  --------------  -------------------  ----------------------
/opt/airflow/dags/driven_data_pipeline.py                           1           0  0.62s           2025-11-23T09:12:51                      12
================================================================================
[2025-11-23T09:13:40.781+0000] {manager.py:997} INFO - 
================================================================================
DAG File Processing Stats

File Path                                  PID    Runtime      # DAGs    # Errors  Last Runtime    Last Run               Last # of DB Queries
-----------------------------------------  -----  ---------  --------  ----------  --------------  -------------------  ----------------------
/opt/airflow/dags/driven_data_pipeline.py                           1           0  0.23s           2025-11-23T09:13:21                      12
================================================================================
[2025-11-23T09:14:11.189+0000] {manager.py:997} INFO - 
================================================================================
DAG File Processing Stats

File Path                                  PID    Runtime      # DAGs    # Errors  Last Runtime    Last Run               Last # of DB Queries
-----------------------------------------  -----  ---------  --------  ----------  --------------  -------------------  ----------------------
/opt/airflow/dags/driven_data_pipeline.py                           1           0  0.25s           2025-11-23T09:13:52                      12
================================================================================
[2025-11-23T09:15:05.754+0000] {manager.py:997} INFO - 
================================================================================
DAG File Processing Stats

File Path                                    PID  Runtime      # DAGs    # Errors  Last Runtime    Last Run               Last # of DB Queries
-----------------------------------------  -----  ---------  --------  ----------  --------------  -------------------  ----------------------
/opt/airflow/dags/driven_data_pipeline.py    152  0.55s             1           0  0.25s           2025-11-23T09:13:52                      12
================================================================================
[2025-11-23T09:15:51.951+0000] {manager.py:997} INFO - 
================================================================================
DAG File Processing Stats

File Path                                  PID    Runtime      # DAGs    # Errors  Last Runtime    Last Run               Last # of DB Queries
-----------------------------------------  -----  ---------  --------  ----------  --------------  -------------------  ----------------------
/opt/airflow/dags/driven_data_pipeline.py                           1           0  43.14s          2025-11-23T09:15:24                      12
================================================================================
[2025-11-23T09:16:22.517+0000] {manager.py:997} INFO - 
================================================================================
DAG File Processing Stats

File Path                                  PID    Runtime      # DAGs    # Errors  Last Runtime    Last Run               Last # of DB Queries
-----------------------------------------  -----  ---------  --------  ----------  --------------  -------------------  ----------------------
/opt/airflow/dags/driven_data_pipeline.py                           1           0  0.59s           2025-11-23T09:15:54                      12
================================================================================
[2025-11-23T09:16:52.853+0000] {manager.py:997} INFO - 
================================================================================
DAG File Processing Stats

File Path                                  PID    Runtime      # DAGs    # Errors  Last Runtime    Last Run               Last # of DB Queries
-----------------------------------------  -----  ---------  --------  ----------  --------------  -------------------  ----------------------
/opt/airflow/dags/driven_data_pipeline.py                           1           0  0.55s           2025-11-23T09:16:26                      12
================================================================================
[2025-11-23T09:17:22.904+0000] {manager.py:997} INFO - 
================================================================================
DAG File Processing Stats

File Path                                  PID    Runtime      # DAGs    # Errors  Last Runtime    Last Run               Last # of DB Queries
-----------------------------------------  -----  ---------  --------  ----------  --------------  -------------------  ----------------------
/opt/airflow/dags/driven_data_pipeline.py                           1           0  0.18s           2025-11-23T09:16:56                      12
================================================================================
[2025-11-23T09:17:35.854+0000] {manager.py:821} INFO - Searching for files in /opt/airflow/dags
[2025-11-23T09:17:35.869+0000] {manager.py:824} INFO - There are 1 files in /opt/airflow/dags
[2025-11-23T09:17:53.068+0000] {manager.py:997} INFO - 
================================================================================
DAG File Processing Stats

File Path                                  PID    Runtime      # DAGs    # Errors  Last Runtime    Last Run               Last # of DB Queries
-----------------------------------------  -----  ---------  --------  ----------  --------------  -------------------  ----------------------
/opt/airflow/dags/driven_data_pipeline.py                           1           0  0.18s           2025-11-23T09:17:26                      12
================================================================================
[2025-11-23T09:18:23.678+0000] {manager.py:997} INFO - 
================================================================================
DAG File Processing Stats

File Path                                  PID    Runtime      # DAGs    # Errors  Last Runtime    Last Run               Last # of DB Queries
-----------------------------------------  -----  ---------  --------  ----------  --------------  -------------------  ----------------------
/opt/airflow/dags/driven_data_pipeline.py                           1           0  0.17s           2025-11-23T09:17:57                      12
================================================================================
[2025-11-23T09:18:54.095+0000] {manager.py:997} INFO - 
================================================================================
DAG File Processing Stats

File Path                                  PID    Runtime      # DAGs    # Errors  Last Runtime    Last Run               Last # of DB Queries
-----------------------------------------  -----  ---------  --------  ----------  --------------  -------------------  ----------------------
/opt/airflow/dags/driven_data_pipeline.py                           1           0  0.38s           2025-11-23T09:18:28                      12
================================================================================
[2025-11-23T09:19:24.173+0000] {manager.py:997} INFO - 
================================================================================
DAG File Processing Stats

File Path                                  PID    Runtime      # DAGs    # Errors  Last Runtime    Last Run               Last # of DB Queries
-----------------------------------------  -----  ---------  --------  ----------  --------------  -------------------  ----------------------
/opt/airflow/dags/driven_data_pipeline.py                           1           0  3.95s           2025-11-23T09:19:02                      12
================================================================================
[2025-11-23T09:19:54.730+0000] {manager.py:997} INFO - 
================================================================================
DAG File Processing Stats

File Path                                  PID    Runtime      # DAGs    # Errors  Last Runtime    Last Run               Last # of DB Queries
-----------------------------------------  -----  ---------  --------  ----------  --------------  -------------------  ----------------------
/opt/airflow/dags/driven_data_pipeline.py                           1           0  0.68s           2025-11-23T09:19:32                      12
================================================================================
[2025-11-23T09:20:25.461+0000] {manager.py:997} INFO - 
================================================================================
DAG File Processing Stats

File Path                                  PID    Runtime      # DAGs    # Errors  Last Runtime    Last Run               Last # of DB Queries
-----------------------------------------  -----  ---------  --------  ----------  --------------  -------------------  ----------------------
/opt/airflow/dags/driven_data_pipeline.py                           1           0  0.20s           2025-11-23T09:20:03                      12
================================================================================
[2025-11-23T09:20:56.046+0000] {manager.py:997} INFO - 
================================================================================
DAG File Processing Stats

File Path                                  PID    Runtime      # DAGs    # Errors  Last Runtime    Last Run               Last # of DB Queries
-----------------------------------------  -----  ---------  --------  ----------  --------------  -------------------  ----------------------
/opt/airflow/dags/driven_data_pipeline.py                           1           0  0.19s           2025-11-23T09:20:33                      12
================================================================================
[2025-11-23T09:21:26.061+0000] {manager.py:997} INFO - 
================================================================================
DAG File Processing Stats

File Path                                  PID    Runtime      # DAGs    # Errors  Last Runtime    Last Run               Last # of DB Queries
-----------------------------------------  -----  ---------  --------  ----------  --------------  -------------------  ----------------------
/opt/airflow/dags/driven_data_pipeline.py                           1           0  0.69s           2025-11-23T09:21:04                      12
================================================================================
[2025-11-23T09:21:56.079+0000] {manager.py:997} INFO - 
================================================================================
DAG File Processing Stats

File Path                                  PID    Runtime      # DAGs    # Errors  Last Runtime    Last Run               Last # of DB Queries
-----------------------------------------  -----  ---------  --------  ----------  --------------  -------------------  ----------------------
/opt/airflow/dags/driven_data_pipeline.py                           1           0  0.44s           2025-11-23T09:21:35                      12
================================================================================
[2025-11-23T09:22:26.361+0000] {manager.py:997} INFO - 
================================================================================
DAG File Processing Stats

File Path                                  PID    Runtime      # DAGs    # Errors  Last Runtime    Last Run               Last # of DB Queries
-----------------------------------------  -----  ---------  --------  ----------  --------------  -------------------  ----------------------
/opt/airflow/dags/driven_data_pipeline.py                           1           0  0.36s           2025-11-23T09:22:06                      12
================================================================================
[2025-11-23T09:22:35.881+0000] {manager.py:821} INFO - Searching for files in /opt/airflow/dags
[2025-11-23T09:22:35.892+0000] {manager.py:824} INFO - There are 1 files in /opt/airflow/dags
[2025-11-23T09:22:56.500+0000] {manager.py:997} INFO - 
================================================================================
DAG File Processing Stats

File Path                                  PID    Runtime      # DAGs    # Errors  Last Runtime    Last Run               Last # of DB Queries
-----------------------------------------  -----  ---------  --------  ----------  --------------  -------------------  ----------------------
/opt/airflow/dags/driven_data_pipeline.py                           1           0  0.40s           2025-11-23T09:22:37                      12
================================================================================
[2025-11-23T09:23:26.590+0000] {manager.py:997} INFO - 
================================================================================
DAG File Processing Stats

File Path                                  PID    Runtime      # DAGs    # Errors  Last Runtime    Last Run               Last # of DB Queries
-----------------------------------------  -----  ---------  --------  ----------  --------------  -------------------  ----------------------
/opt/airflow/dags/driven_data_pipeline.py                           1           0  12.34s          2025-11-23T09:23:19                      12
================================================================================
[2025-11-23T09:23:57.374+0000] {manager.py:997} INFO - 
================================================================================
DAG File Processing Stats

File Path                                  PID    Runtime      # DAGs    # Errors  Last Runtime    Last Run               Last # of DB Queries
-----------------------------------------  -----  ---------  --------  ----------  --------------  -------------------  ----------------------
/opt/airflow/dags/driven_data_pipeline.py                           1           0  0.19s           2025-11-23T09:23:50                      12
================================================================================
[2025-11-23T09:24:27.881+0000] {manager.py:997} INFO - 
================================================================================
DAG File Processing Stats

File Path                                  PID    Runtime      # DAGs    # Errors  Last Runtime    Last Run               Last # of DB Queries
-----------------------------------------  -----  ---------  --------  ----------  --------------  -------------------  ----------------------
/opt/airflow/dags/driven_data_pipeline.py                           1           0  0.43s           2025-11-23T09:24:21                      12
================================================================================
[2025-11-23T09:24:58.541+0000] {manager.py:997} INFO - 
================================================================================
DAG File Processing Stats

File Path                                  PID    Runtime      # DAGs    # Errors  Last Runtime    Last Run               Last # of DB Queries
-----------------------------------------  -----  ---------  --------  ----------  --------------  -------------------  ----------------------
/opt/airflow/dags/driven_data_pipeline.py                           1           0  0.47s           2025-11-23T09:24:51                      12
================================================================================
[2025-11-23T09:25:29.058+0000] {manager.py:997} INFO - 
================================================================================
DAG File Processing Stats

File Path                                  PID    Runtime      # DAGs    # Errors  Last Runtime    Last Run               Last # of DB Queries
-----------------------------------------  -----  ---------  --------  ----------  --------------  -------------------  ----------------------
/opt/airflow/dags/driven_data_pipeline.py                           1           0  0.41s           2025-11-23T09:25:22                      12
================================================================================
[2025-11-23T09:25:59.265+0000] {manager.py:997} INFO - 
================================================================================
DAG File Processing Stats

File Path                                  PID    Runtime      # DAGs    # Errors  Last Runtime    Last Run               Last # of DB Queries
-----------------------------------------  -----  ---------  --------  ----------  --------------  -------------------  ----------------------
/opt/airflow/dags/driven_data_pipeline.py                           1           0  0.48s           2025-11-23T09:25:53                      12
================================================================================
[2025-11-23T09:27:09.108+0000] {manager.py:997} INFO - 
================================================================================
DAG File Processing Stats

File Path                                    PID  Runtime      # DAGs    # Errors  Last Runtime    Last Run               Last # of DB Queries
-----------------------------------------  -----  ---------  --------  ----------  --------------  -------------------  ----------------------
/opt/airflow/dags/driven_data_pipeline.py    301  44.48s            1           0  0.48s           2025-11-23T09:25:53                      12
================================================================================
[2025-11-23T09:27:35.963+0000] {manager.py:821} INFO - Searching for files in /opt/airflow/dags
[2025-11-23T09:27:35.969+0000] {manager.py:824} INFO - There are 1 files in /opt/airflow/dags
[2025-11-23T09:27:39.590+0000] {manager.py:997} INFO - 
================================================================================
DAG File Processing Stats

File Path                                  PID    Runtime      # DAGs    # Errors  Last Runtime    Last Run               Last # of DB Queries
-----------------------------------------  -----  ---------  --------  ----------  --------------  -------------------  ----------------------
/opt/airflow/dags/driven_data_pipeline.py                           1           0  48.43s          2025-11-23T09:27:13                      12
================================================================================
[2025-11-23T09:28:32.407+0000] {manager.py:997} INFO - 
================================================================================
DAG File Processing Stats

File Path                                    PID  Runtime      # DAGs    # Errors  Last Runtime    Last Run               Last # of DB Queries
-----------------------------------------  -----  ---------  --------  ----------  --------------  -------------------  ----------------------
/opt/airflow/dags/driven_data_pipeline.py    315  47.70s            1           0  48.43s          2025-11-23T09:27:13                      12
================================================================================
[2025-11-23T09:29:32.227+0000] {manager.py:1366} ERROR - Processor for /opt/airflow/dags/driven_data_pipeline.py with PID 315 started at 2025-11-23T09:27:43.104476+00:00 has timed out, killing it.
[2025-11-23T09:29:32.330+0000] {manager.py:997} INFO - 
================================================================================
DAG File Processing Stats

File Path                                  PID    Runtime      # DAGs    # Errors  Last Runtime    Last Run               Last # of DB Queries
-----------------------------------------  -----  ---------  --------  ----------  --------------  -------------------  ----------------------
/opt/airflow/dags/driven_data_pipeline.py                           0           1  109.12s         2025-11-23T09:29:32                       0
================================================================================
[2025-11-23T09:31:24.608+0000] {manager.py:997} INFO - 
================================================================================
DAG File Processing Stats

File Path                                    PID  Runtime      # DAGs    # Errors  Last Runtime    Last Run               Last # of DB Queries
-----------------------------------------  -----  ---------  --------  ----------  --------------  -------------------  ----------------------
/opt/airflow/dags/driven_data_pipeline.py    316  2.79s             0           1  109.12s         2025-11-23T09:29:32                       0
================================================================================
[2025-11-23T09:31:26.021+0000] {manager.py:1366} ERROR - Processor for /opt/airflow/dags/driven_data_pipeline.py with PID 316 started at 2025-11-23T09:30:23.416979+00:00 has timed out, killing it.
[2025-11-23T09:32:04.802+0000] {manager.py:997} INFO - 
================================================================================
DAG File Processing Stats

File Path                                    PID  Runtime      # DAGs    # Errors  Last Runtime    Last Run               Last # of DB Queries
-----------------------------------------  -----  ---------  --------  ----------  --------------  -------------------  ----------------------
/opt/airflow/dags/driven_data_pipeline.py    322  0.01s             0           1  62.60s          2025-11-23T09:31:26                       0
================================================================================
[2025-11-23T09:32:35.262+0000] {manager.py:997} INFO - 
================================================================================
DAG File Processing Stats

File Path                                  PID    Runtime      # DAGs    # Errors  Last Runtime    Last Run               Last # of DB Queries
-----------------------------------------  -----  ---------  --------  ----------  --------------  -------------------  ----------------------
/opt/airflow/dags/driven_data_pipeline.py                           1           0  1.36s           2025-11-23T09:32:17                      11
================================================================================
[2025-11-23T09:32:36.269+0000] {manager.py:821} INFO - Searching for files in /opt/airflow/dags
[2025-11-23T09:32:36.277+0000] {manager.py:824} INFO - There are 1 files in /opt/airflow/dags
[2025-11-23T09:33:05.324+0000] {manager.py:997} INFO - 
================================================================================
DAG File Processing Stats

File Path                                  PID    Runtime      # DAGs    # Errors  Last Runtime    Last Run               Last # of DB Queries
-----------------------------------------  -----  ---------  --------  ----------  --------------  -------------------  ----------------------
/opt/airflow/dags/driven_data_pipeline.py                           1           0  0.76s           2025-11-23T09:32:48                      34
================================================================================
[2025-11-23T09:33:35.380+0000] {manager.py:997} INFO - 
================================================================================
DAG File Processing Stats

File Path                                  PID    Runtime      # DAGs    # Errors  Last Runtime    Last Run               Last # of DB Queries
-----------------------------------------  -----  ---------  --------  ----------  --------------  -------------------  ----------------------
/opt/airflow/dags/driven_data_pipeline.py                           1           0  0.76s           2025-11-23T09:33:19                      12
================================================================================
[2025-11-23T09:34:05.760+0000] {manager.py:997} INFO - 
================================================================================
DAG File Processing Stats

File Path                                  PID    Runtime      # DAGs    # Errors  Last Runtime    Last Run               Last # of DB Queries
-----------------------------------------  -----  ---------  --------  ----------  --------------  -------------------  ----------------------
/opt/airflow/dags/driven_data_pipeline.py                           1           0  0.67s           2025-11-23T09:33:44                      12
================================================================================
[2025-11-23T09:34:36.062+0000] {manager.py:997} INFO - 
================================================================================
DAG File Processing Stats

File Path                                  PID    Runtime      # DAGs    # Errors  Last Runtime    Last Run               Last # of DB Queries
-----------------------------------------  -----  ---------  --------  ----------  --------------  -------------------  ----------------------
/opt/airflow/dags/driven_data_pipeline.py                           1           0  0.64s           2025-11-23T09:34:15                      12
================================================================================
[2025-11-23T09:34:55.703+0000] {manager.py:465} INFO - Exiting gracefully upon receiving signal 15
[2025-11-23T09:38:20.300+0000] {manager.py:483} INFO - Processing files using up to 2 processes at a time 
[2025-11-23T09:38:20.306+0000] {manager.py:484} INFO - Process each file at most once every 30 seconds
[2025-11-23T09:38:20.307+0000] {manager.py:485} INFO - Checking for new files in /opt/airflow/dags every 300 seconds
[2025-11-23T09:38:20.308+0000] {manager.py:821} INFO - Searching for files in /opt/airflow/dags
[2025-11-23T09:38:20.326+0000] {manager.py:824} INFO - There are 1 files in /opt/airflow/dags
[2025-11-23T09:38:20.819+0000] {manager.py:997} INFO - 
================================================================================
DAG File Processing Stats

File Path                                    PID  Runtime      # DAGs    # Errors  Last Runtime    Last Run      Last # of DB Queries
-----------------------------------------  -----  ---------  --------  ----------  --------------  ----------  ----------------------
/opt/airflow/dags/driven_data_pipeline.py     64  0.15s             0           0                                                   0
================================================================================
[2025-11-23T09:38:51.365+0000] {manager.py:997} INFO - 
================================================================================
DAG File Processing Stats

File Path                                  PID    Runtime      # DAGs    # Errors  Last Runtime    Last Run               Last # of DB Queries
-----------------------------------------  -----  ---------  --------  ----------  --------------  -------------------  ----------------------
/opt/airflow/dags/driven_data_pipeline.py                           1           0  2.15s           2025-11-23T09:38:22                      45
================================================================================
[2025-11-23T09:39:21.801+0000] {manager.py:997} INFO - 
================================================================================
DAG File Processing Stats

File Path                                  PID    Runtime      # DAGs    # Errors  Last Runtime    Last Run               Last # of DB Queries
-----------------------------------------  -----  ---------  --------  ----------  --------------  -------------------  ----------------------
/opt/airflow/dags/driven_data_pipeline.py                           1           0  3.46s           2025-11-23T09:38:56                      12
================================================================================
[2025-11-23T09:39:52.095+0000] {manager.py:997} INFO - 
================================================================================
DAG File Processing Stats

File Path                                  PID    Runtime      # DAGs    # Errors  Last Runtime    Last Run               Last # of DB Queries
-----------------------------------------  -----  ---------  --------  ----------  --------------  -------------------  ----------------------
/opt/airflow/dags/driven_data_pipeline.py                           1           0  0.58s           2025-11-23T09:39:27                      12
================================================================================
[2025-11-23T09:40:22.277+0000] {manager.py:997} INFO - 
================================================================================
DAG File Processing Stats

File Path                                  PID    Runtime      # DAGs    # Errors  Last Runtime    Last Run               Last # of DB Queries
-----------------------------------------  -----  ---------  --------  ----------  --------------  -------------------  ----------------------
/opt/airflow/dags/driven_data_pipeline.py                           1           0  0.78s           2025-11-23T09:39:58                      12
================================================================================
[2025-11-23T09:40:52.759+0000] {manager.py:997} INFO - 
================================================================================
DAG File Processing Stats

File Path                                  PID    Runtime      # DAGs    # Errors  Last Runtime    Last Run               Last # of DB Queries
-----------------------------------------  -----  ---------  --------  ----------  --------------  -------------------  ----------------------
/opt/airflow/dags/driven_data_pipeline.py                           1           0  3.08s           2025-11-23T09:40:32                      12
================================================================================
[2025-11-23T09:41:23.047+0000] {manager.py:997} INFO - 
================================================================================
DAG File Processing Stats

File Path                                  PID    Runtime      # DAGs    # Errors  Last Runtime    Last Run               Last # of DB Queries
-----------------------------------------  -----  ---------  --------  ----------  --------------  -------------------  ----------------------
/opt/airflow/dags/driven_data_pipeline.py                           1           0  1.75s           2025-11-23T09:41:04                      12
================================================================================
[2025-11-23T09:41:53.647+0000] {manager.py:997} INFO - 
================================================================================
DAG File Processing Stats

File Path                                  PID    Runtime      # DAGs    # Errors  Last Runtime    Last Run               Last # of DB Queries
-----------------------------------------  -----  ---------  --------  ----------  --------------  -------------------  ----------------------
/opt/airflow/dags/driven_data_pipeline.py                           1           0  2.37s           2025-11-23T09:41:37                      12
================================================================================
[2025-11-23T09:42:24.397+0000] {manager.py:997} INFO - 
================================================================================
DAG File Processing Stats

File Path                                  PID    Runtime      # DAGs    # Errors  Last Runtime    Last Run               Last # of DB Queries
-----------------------------------------  -----  ---------  --------  ----------  --------------  -------------------  ----------------------
/opt/airflow/dags/driven_data_pipeline.py                           1           0  1.44s           2025-11-23T09:42:09                      12
================================================================================
[2025-11-23T09:42:54.612+0000] {manager.py:997} INFO - 
================================================================================
DAG File Processing Stats

File Path                                  PID    Runtime      # DAGs    # Errors  Last Runtime    Last Run               Last # of DB Queries
-----------------------------------------  -----  ---------  --------  ----------  --------------  -------------------  ----------------------
/opt/airflow/dags/driven_data_pipeline.py                           1           0  3.61s           2025-11-23T09:42:43                      12
================================================================================
[2025-11-23T09:43:20.728+0000] {manager.py:821} INFO - Searching for files in /opt/airflow/dags
[2025-11-23T09:43:20.740+0000] {manager.py:824} INFO - There are 1 files in /opt/airflow/dags
[2025-11-23T09:43:24.832+0000] {manager.py:997} INFO - 
================================================================================
DAG File Processing Stats

File Path                                  PID    Runtime      # DAGs    # Errors  Last Runtime    Last Run               Last # of DB Queries
-----------------------------------------  -----  ---------  --------  ----------  --------------  -------------------  ----------------------
/opt/airflow/dags/driven_data_pipeline.py                           1           0  0.80s           2025-11-23T09:43:14                      12
================================================================================
[2025-11-23T09:43:55.058+0000] {manager.py:997} INFO - 
================================================================================
DAG File Processing Stats

File Path                                  PID    Runtime      # DAGs    # Errors  Last Runtime    Last Run               Last # of DB Queries
-----------------------------------------  -----  ---------  --------  ----------  --------------  -------------------  ----------------------
/opt/airflow/dags/driven_data_pipeline.py                           1           0  4.84s           2025-11-23T09:43:49                      12
================================================================================
[2025-11-23T09:44:25.195+0000] {manager.py:997} INFO - 
================================================================================
DAG File Processing Stats

File Path                                  PID    Runtime      # DAGs    # Errors  Last Runtime    Last Run               Last # of DB Queries
-----------------------------------------  -----  ---------  --------  ----------  --------------  -------------------  ----------------------
/opt/airflow/dags/driven_data_pipeline.py                           1           0  0.82s           2025-11-23T09:44:21                      12
================================================================================
[2025-11-23T09:44:55.883+0000] {manager.py:997} INFO - 
================================================================================
DAG File Processing Stats

File Path                                  PID    Runtime      # DAGs    # Errors  Last Runtime    Last Run               Last # of DB Queries
-----------------------------------------  -----  ---------  --------  ----------  --------------  -------------------  ----------------------
/opt/airflow/dags/driven_data_pipeline.py                           1           0  1.59s           2025-11-23T09:44:37                      12
================================================================================
[2025-11-23T09:45:26.132+0000] {manager.py:997} INFO - 
================================================================================
DAG File Processing Stats

File Path                                  PID    Runtime      # DAGs    # Errors  Last Runtime    Last Run               Last # of DB Queries
-----------------------------------------  -----  ---------  --------  ----------  --------------  -------------------  ----------------------
/opt/airflow/dags/driven_data_pipeline.py                           1           0  0.78s           2025-11-23T09:45:13                      12
================================================================================
[2025-11-23T09:45:56.517+0000] {manager.py:997} INFO - 
================================================================================
DAG File Processing Stats

File Path                                  PID    Runtime      # DAGs    # Errors  Last Runtime    Last Run               Last # of DB Queries
-----------------------------------------  -----  ---------  --------  ----------  --------------  -------------------  ----------------------
/opt/airflow/dags/driven_data_pipeline.py                           1           0  0.98s           2025-11-23T09:45:31                      12
================================================================================
[2025-11-23T09:46:26.864+0000] {manager.py:997} INFO - 
================================================================================
DAG File Processing Stats

File Path                                  PID    Runtime      # DAGs    # Errors  Last Runtime    Last Run               Last # of DB Queries
-----------------------------------------  -----  ---------  --------  ----------  --------------  -------------------  ----------------------
/opt/airflow/dags/driven_data_pipeline.py                           1           0  0.86s           2025-11-23T09:45:58                      12
================================================================================
[2025-11-23T09:46:57.213+0000] {manager.py:997} INFO - 
================================================================================
DAG File Processing Stats

File Path                                  PID    Runtime      # DAGs    # Errors  Last Runtime    Last Run               Last # of DB Queries
-----------------------------------------  -----  ---------  --------  ----------  --------------  -------------------  ----------------------
/opt/airflow/dags/driven_data_pipeline.py                           1           0  0.72s           2025-11-23T09:46:29                      12
================================================================================
[2025-11-23T09:47:27.979+0000] {manager.py:997} INFO - 
================================================================================
DAG File Processing Stats

File Path                                  PID    Runtime      # DAGs    # Errors  Last Runtime    Last Run               Last # of DB Queries
-----------------------------------------  -----  ---------  --------  ----------  --------------  -------------------  ----------------------
/opt/airflow/dags/driven_data_pipeline.py                           1           0  1.05s           2025-11-23T09:47:16                      12
================================================================================
[2025-11-23T09:48:00.639+0000] {manager.py:997} INFO - 
================================================================================
DAG File Processing Stats

File Path                                    PID  Runtime      # DAGs    # Errors  Last Runtime    Last Run               Last # of DB Queries
-----------------------------------------  -----  ---------  --------  ----------  --------------  -------------------  ----------------------
/opt/airflow/dags/driven_data_pipeline.py    215  0.18s             1           0  1.05s           2025-11-23T09:47:16                      12
================================================================================
[2025-11-23T09:48:33.393+0000] {manager.py:821} INFO - Searching for files in /opt/airflow/dags
[2025-11-23T09:48:33.565+0000] {manager.py:824} INFO - There are 1 files in /opt/airflow/dags
[2025-11-23T09:48:38.026+0000] {manager.py:997} INFO - 
================================================================================
DAG File Processing Stats

File Path                                    PID  Runtime      # DAGs    # Errors  Last Runtime    Last Run               Last # of DB Queries
-----------------------------------------  -----  ---------  --------  ----------  --------------  -------------------  ----------------------
/opt/airflow/dags/driven_data_pipeline.py    215  38.15s            1           0  1.05s           2025-11-23T09:47:16                      12
================================================================================
[2025-11-23T09:49:08.898+0000] {manager.py:997} INFO - 
================================================================================
DAG File Processing Stats

File Path                                    PID  Runtime      # DAGs    # Errors  Last Runtime    Last Run               Last # of DB Queries
-----------------------------------------  -----  ---------  --------  ----------  --------------  -------------------  ----------------------
/opt/airflow/dags/driven_data_pipeline.py    229  0.01s             1           0  38.77s          2025-11-23T09:48:38                      12
================================================================================
[2025-11-23T09:49:39.048+0000] {manager.py:997} INFO - 
================================================================================
DAG File Processing Stats

File Path                                  PID    Runtime      # DAGs    # Errors  Last Runtime    Last Run               Last # of DB Queries
-----------------------------------------  -----  ---------  --------  ----------  --------------  -------------------  ----------------------
/opt/airflow/dags/driven_data_pipeline.py                           1           0  0.50s           2025-11-23T09:49:09                      12
================================================================================
[2025-11-23T09:50:09.580+0000] {manager.py:997} INFO - 
================================================================================
DAG File Processing Stats

File Path                                  PID    Runtime      # DAGs    # Errors  Last Runtime    Last Run               Last # of DB Queries
-----------------------------------------  -----  ---------  --------  ----------  --------------  -------------------  ----------------------
/opt/airflow/dags/driven_data_pipeline.py                           1           0  0.45s           2025-11-23T09:49:40                      12
================================================================================
[2025-11-23T09:50:40.264+0000] {manager.py:997} INFO - 
================================================================================
DAG File Processing Stats

File Path                                  PID    Runtime      # DAGs    # Errors  Last Runtime    Last Run               Last # of DB Queries
-----------------------------------------  -----  ---------  --------  ----------  --------------  -------------------  ----------------------
/opt/airflow/dags/driven_data_pipeline.py                           1           0  0.50s           2025-11-23T09:50:11                      12
================================================================================
[2025-11-23T09:51:10.980+0000] {manager.py:997} INFO - 
================================================================================
DAG File Processing Stats

File Path                                  PID    Runtime      # DAGs    # Errors  Last Runtime    Last Run               Last # of DB Queries
-----------------------------------------  -----  ---------  --------  ----------  --------------  -------------------  ----------------------
/opt/airflow/dags/driven_data_pipeline.py                           1           0  0.47s           2025-11-23T09:50:41                      12
================================================================================
[2025-11-23T09:51:41.434+0000] {manager.py:997} INFO - 
================================================================================
DAG File Processing Stats

File Path                                  PID    Runtime      # DAGs    # Errors  Last Runtime    Last Run               Last # of DB Queries
-----------------------------------------  -----  ---------  --------  ----------  --------------  -------------------  ----------------------
/opt/airflow/dags/driven_data_pipeline.py                           1           0  0.44s           2025-11-23T09:51:12                      12
================================================================================
[2025-11-23T09:52:20.382+0000] {manager.py:997} INFO - 
================================================================================
DAG File Processing Stats

File Path                                  PID    Runtime      # DAGs    # Errors  Last Runtime    Last Run               Last # of DB Queries
-----------------------------------------  -----  ---------  --------  ----------  --------------  -------------------  ----------------------
/opt/airflow/dags/driven_data_pipeline.py                           1           0  0.69s           2025-11-23T09:51:43                      12
================================================================================
[2025-11-23T09:53:06.188+0000] {manager.py:997} INFO - 
================================================================================
DAG File Processing Stats

File Path                                    PID  Runtime      # DAGs    # Errors  Last Runtime    Last Run               Last # of DB Queries
-----------------------------------------  -----  ---------  --------  ----------  --------------  -------------------  ----------------------
/opt/airflow/dags/driven_data_pipeline.py    270  0.05s             1           0  0.69s           2025-11-23T09:51:43                      12
================================================================================
[2025-11-23T09:53:34.236+0000] {manager.py:821} INFO - Searching for files in /opt/airflow/dags
[2025-11-23T09:53:34.249+0000] {manager.py:824} INFO - There are 1 files in /opt/airflow/dags
[2025-11-23T09:53:37.376+0000] {manager.py:997} INFO - 
================================================================================
DAG File Processing Stats

File Path                                  PID    Runtime      # DAGs    # Errors  Last Runtime    Last Run               Last # of DB Queries
-----------------------------------------  -----  ---------  --------  ----------  --------------  -------------------  ----------------------
/opt/airflow/dags/driven_data_pipeline.py                           1           0  2.75s           2025-11-23T09:53:08                      12
================================================================================
[2025-11-23T09:55:02.863+0000] {manager.py:997} INFO - 
================================================================================
DAG File Processing Stats

File Path                                    PID  Runtime      # DAGs    # Errors  Last Runtime    Last Run               Last # of DB Queries
-----------------------------------------  -----  ---------  --------  ----------  --------------  -------------------  ----------------------
/opt/airflow/dags/driven_data_pipeline.py    280  0.13s             1           0  0.74s           2025-11-23T09:53:40                      12
================================================================================
[2025-11-23T09:56:21.509+0000] {manager.py:1366} ERROR - Processor for /opt/airflow/dags/driven_data_pipeline.py with PID 280 started at 2025-11-23T09:55:02.561783+00:00 has timed out, killing it.
[2025-11-23T09:56:37.759+0000] {manager.py:997} INFO - 
================================================================================
DAG File Processing Stats

File Path                                  PID    Runtime      # DAGs    # Errors  Last Runtime    Last Run               Last # of DB Queries
-----------------------------------------  -----  ---------  --------  ----------  --------------  -------------------  ----------------------
/opt/airflow/dags/driven_data_pipeline.py                           0           1  73.46s          2025-11-23T09:56:16                       0
================================================================================
[2025-11-23T09:57:07.831+0000] {manager.py:997} INFO - 
================================================================================
DAG File Processing Stats

File Path                                  PID    Runtime      # DAGs    # Errors  Last Runtime    Last Run               Last # of DB Queries
-----------------------------------------  -----  ---------  --------  ----------  --------------  -------------------  ----------------------
/opt/airflow/dags/driven_data_pipeline.py                           1           0  2.04s           2025-11-23T09:56:48                      34
================================================================================
[2025-11-23T09:57:38.198+0000] {manager.py:997} INFO - 
================================================================================
DAG File Processing Stats

File Path                                  PID    Runtime      # DAGs    # Errors  Last Runtime    Last Run               Last # of DB Queries
-----------------------------------------  -----  ---------  --------  ----------  --------------  -------------------  ----------------------
/opt/airflow/dags/driven_data_pipeline.py                           1           0  0.45s           2025-11-23T09:57:19                      12
================================================================================
[2025-11-23T09:58:27.391+0000] {manager.py:997} INFO - 
================================================================================
DAG File Processing Stats

File Path                                    PID  Runtime      # DAGs    # Errors  Last Runtime    Last Run               Last # of DB Queries
-----------------------------------------  -----  ---------  --------  ----------  --------------  -------------------  ----------------------
/opt/airflow/dags/driven_data_pipeline.py    298  35.07s            1           0  0.45s           2025-11-23T09:57:19                      12
================================================================================
[2025-11-23T09:59:05.667+0000] {manager.py:821} INFO - Searching for files in /opt/airflow/dags
[2025-11-23T09:59:06.187+0000] {manager.py:824} INFO - There are 1 files in /opt/airflow/dags
[2025-11-23T10:03:53.027+0000] {manager.py:483} INFO - Processing files using up to 2 processes at a time 
[2025-11-23T10:03:53.029+0000] {manager.py:484} INFO - Process each file at most once every 30 seconds
[2025-11-23T10:03:53.031+0000] {manager.py:485} INFO - Checking for new files in /opt/airflow/dags every 300 seconds
[2025-11-23T10:03:53.031+0000] {manager.py:821} INFO - Searching for files in /opt/airflow/dags
[2025-11-23T10:03:53.041+0000] {manager.py:824} INFO - There are 1 files in /opt/airflow/dags
[2025-11-23T10:03:53.345+0000] {manager.py:997} INFO - 
================================================================================
DAG File Processing Stats

File Path                                    PID  Runtime      # DAGs    # Errors  Last Runtime    Last Run      Last # of DB Queries
-----------------------------------------  -----  ---------  --------  ----------  --------------  ----------  ----------------------
/opt/airflow/dags/driven_data_pipeline.py     63  0.04s             0           0                                                   0
================================================================================
[2025-11-23T10:04:23.587+0000] {manager.py:997} INFO - 
================================================================================
DAG File Processing Stats

File Path                                  PID    Runtime      # DAGs    # Errors  Last Runtime    Last Run               Last # of DB Queries
-----------------------------------------  -----  ---------  --------  ----------  --------------  -------------------  ----------------------
/opt/airflow/dags/driven_data_pipeline.py                           1           0  1.53s           2025-11-23T10:03:54                      45
================================================================================
[2025-11-23T10:04:54.331+0000] {manager.py:997} INFO - 
================================================================================
DAG File Processing Stats

File Path                                  PID    Runtime      # DAGs    # Errors  Last Runtime    Last Run               Last # of DB Queries
-----------------------------------------  -----  ---------  --------  ----------  --------------  -------------------  ----------------------
/opt/airflow/dags/driven_data_pipeline.py                           1           0  0.88s           2025-11-23T10:04:26                      12
================================================================================
[2025-11-23T10:05:24.719+0000] {manager.py:997} INFO - 
================================================================================
DAG File Processing Stats

File Path                                  PID    Runtime      # DAGs    # Errors  Last Runtime    Last Run               Last # of DB Queries
-----------------------------------------  -----  ---------  --------  ----------  --------------  -------------------  ----------------------
/opt/airflow/dags/driven_data_pipeline.py                           1           0  0.28s           2025-11-23T10:04:56                      12
================================================================================
[2025-11-23T10:05:54.927+0000] {manager.py:997} INFO - 
================================================================================
DAG File Processing Stats

File Path                                  PID    Runtime      # DAGs    # Errors  Last Runtime    Last Run               Last # of DB Queries
-----------------------------------------  -----  ---------  --------  ----------  --------------  -------------------  ----------------------
/opt/airflow/dags/driven_data_pipeline.py                           1           0  0.32s           2025-11-23T10:05:27                      12
================================================================================
[2025-11-23T10:06:25.533+0000] {manager.py:997} INFO - 
================================================================================
DAG File Processing Stats

File Path                                  PID    Runtime      # DAGs    # Errors  Last Runtime    Last Run               Last # of DB Queries
-----------------------------------------  -----  ---------  --------  ----------  --------------  -------------------  ----------------------
/opt/airflow/dags/driven_data_pipeline.py                           1           0  0.24s           2025-11-23T10:05:57                      12
================================================================================
[2025-11-23T10:06:56.052+0000] {manager.py:997} INFO - 
================================================================================
DAG File Processing Stats

File Path                                  PID    Runtime      # DAGs    # Errors  Last Runtime    Last Run               Last # of DB Queries
-----------------------------------------  -----  ---------  --------  ----------  --------------  -------------------  ----------------------
/opt/airflow/dags/driven_data_pipeline.py                           1           0  0.24s           2025-11-23T10:06:27                      12
================================================================================
[2025-11-23T10:07:26.394+0000] {manager.py:997} INFO - 
================================================================================
DAG File Processing Stats

File Path                                  PID    Runtime      # DAGs    # Errors  Last Runtime    Last Run               Last # of DB Queries
-----------------------------------------  -----  ---------  --------  ----------  --------------  -------------------  ----------------------
/opt/airflow/dags/driven_data_pipeline.py                           1           0  0.33s           2025-11-23T10:06:58                      12
================================================================================
[2025-11-23T10:07:56.677+0000] {manager.py:997} INFO - 
================================================================================
DAG File Processing Stats

File Path                                  PID    Runtime      # DAGs    # Errors  Last Runtime    Last Run               Last # of DB Queries
-----------------------------------------  -----  ---------  --------  ----------  --------------  -------------------  ----------------------
/opt/airflow/dags/driven_data_pipeline.py                           1           0  0.22s           2025-11-23T10:07:28                      12
================================================================================
[2025-11-23T10:08:27.009+0000] {manager.py:997} INFO - 
================================================================================
DAG File Processing Stats

File Path                                  PID    Runtime      # DAGs    # Errors  Last Runtime    Last Run               Last # of DB Queries
-----------------------------------------  -----  ---------  --------  ----------  --------------  -------------------  ----------------------
/opt/airflow/dags/driven_data_pipeline.py                           1           0  1.05s           2025-11-23T10:07:59                      12
================================================================================
[2025-11-23T10:08:53.081+0000] {manager.py:821} INFO - Searching for files in /opt/airflow/dags
[2025-11-23T10:08:53.106+0000] {manager.py:824} INFO - There are 1 files in /opt/airflow/dags
[2025-11-23T10:08:57.174+0000] {manager.py:997} INFO - 
================================================================================
DAG File Processing Stats

File Path                                  PID    Runtime      # DAGs    # Errors  Last Runtime    Last Run               Last # of DB Queries
-----------------------------------------  -----  ---------  --------  ----------  --------------  -------------------  ----------------------
/opt/airflow/dags/driven_data_pipeline.py                           1           0  0.80s           2025-11-23T10:08:30                      12
================================================================================
[2025-11-23T10:09:27.197+0000] {manager.py:997} INFO - 
================================================================================
DAG File Processing Stats

File Path                                  PID    Runtime      # DAGs    # Errors  Last Runtime    Last Run               Last # of DB Queries
-----------------------------------------  -----  ---------  --------  ----------  --------------  -------------------  ----------------------
/opt/airflow/dags/driven_data_pipeline.py                           1           0  0.73s           2025-11-23T10:09:01                      12
================================================================================
[2025-11-23T10:09:57.527+0000] {manager.py:997} INFO - 
================================================================================
DAG File Processing Stats

File Path                                  PID    Runtime      # DAGs    # Errors  Last Runtime    Last Run               Last # of DB Queries
-----------------------------------------  -----  ---------  --------  ----------  --------------  -------------------  ----------------------
/opt/airflow/dags/driven_data_pipeline.py                           1           0  0.21s           2025-11-23T10:09:32                      12
================================================================================
[2025-11-23T10:10:27.823+0000] {manager.py:997} INFO - 
================================================================================
DAG File Processing Stats

File Path                                  PID    Runtime      # DAGs    # Errors  Last Runtime    Last Run               Last # of DB Queries
-----------------------------------------  -----  ---------  --------  ----------  --------------  -------------------  ----------------------
/opt/airflow/dags/driven_data_pipeline.py                           1           0  0.20s           2025-11-23T10:10:02                      12
================================================================================
[2025-11-23T10:10:58.270+0000] {manager.py:997} INFO - 
================================================================================
DAG File Processing Stats

File Path                                  PID    Runtime      # DAGs    # Errors  Last Runtime    Last Run               Last # of DB Queries
-----------------------------------------  -----  ---------  --------  ----------  --------------  -------------------  ----------------------
/opt/airflow/dags/driven_data_pipeline.py                           1           0  0.47s           2025-11-23T10:10:33                      12
================================================================================
[2025-11-23T10:11:28.465+0000] {manager.py:997} INFO - 
================================================================================
DAG File Processing Stats

File Path                                  PID    Runtime      # DAGs    # Errors  Last Runtime    Last Run               Last # of DB Queries
-----------------------------------------  -----  ---------  --------  ----------  --------------  -------------------  ----------------------
/opt/airflow/dags/driven_data_pipeline.py                           1           0  0.59s           2025-11-23T10:11:04                      12
================================================================================
[2025-11-23T10:11:59.373+0000] {manager.py:997} INFO - 
================================================================================
DAG File Processing Stats

File Path                                  PID    Runtime      # DAGs    # Errors  Last Runtime    Last Run               Last # of DB Queries
-----------------------------------------  -----  ---------  --------  ----------  --------------  -------------------  ----------------------
/opt/airflow/dags/driven_data_pipeline.py                           1           0  0.54s           2025-11-23T10:11:35                      12
================================================================================
[2025-11-23T10:12:29.475+0000] {manager.py:997} INFO - 
================================================================================
DAG File Processing Stats

File Path                                  PID    Runtime      # DAGs    # Errors  Last Runtime    Last Run               Last # of DB Queries
-----------------------------------------  -----  ---------  --------  ----------  --------------  -------------------  ----------------------
/opt/airflow/dags/driven_data_pipeline.py                           1           0  0.69s           2025-11-23T10:12:06                      12
================================================================================
[2025-11-23T10:12:59.764+0000] {manager.py:997} INFO - 
================================================================================
DAG File Processing Stats

File Path                                  PID    Runtime      # DAGs    # Errors  Last Runtime    Last Run               Last # of DB Queries
-----------------------------------------  -----  ---------  --------  ----------  --------------  -------------------  ----------------------
/opt/airflow/dags/driven_data_pipeline.py                           1           0  0.20s           2025-11-23T10:12:36                      12
================================================================================
[2025-11-23T10:13:30.296+0000] {manager.py:997} INFO - 
================================================================================
DAG File Processing Stats

File Path                                  PID    Runtime      # DAGs    # Errors  Last Runtime    Last Run               Last # of DB Queries
-----------------------------------------  -----  ---------  --------  ----------  --------------  -------------------  ----------------------
/opt/airflow/dags/driven_data_pipeline.py                           1           0  0.30s           2025-11-23T10:13:07                      12
================================================================================
[2025-11-23T10:13:53.661+0000] {manager.py:821} INFO - Searching for files in /opt/airflow/dags
[2025-11-23T10:13:53.676+0000] {manager.py:824} INFO - There are 1 files in /opt/airflow/dags
[2025-11-23T10:14:00.760+0000] {manager.py:997} INFO - 
================================================================================
DAG File Processing Stats

File Path                                  PID    Runtime      # DAGs    # Errors  Last Runtime    Last Run               Last # of DB Queries
-----------------------------------------  -----  ---------  --------  ----------  --------------  -------------------  ----------------------
/opt/airflow/dags/driven_data_pipeline.py                           1           0  0.47s           2025-11-23T10:13:37                      12
================================================================================
[2025-11-23T10:14:31.354+0000] {manager.py:997} INFO - 
================================================================================
DAG File Processing Stats

File Path                                  PID    Runtime      # DAGs    # Errors  Last Runtime    Last Run               Last # of DB Queries
-----------------------------------------  -----  ---------  --------  ----------  --------------  -------------------  ----------------------
/opt/airflow/dags/driven_data_pipeline.py                           1           0  0.56s           2025-11-23T10:14:08                      12
================================================================================
[2025-11-23T10:15:01.918+0000] {manager.py:997} INFO - 
================================================================================
DAG File Processing Stats

File Path                                  PID    Runtime      # DAGs    # Errors  Last Runtime    Last Run               Last # of DB Queries
-----------------------------------------  -----  ---------  --------  ----------  --------------  -------------------  ----------------------
/opt/airflow/dags/driven_data_pipeline.py                           1           0  0.39s           2025-11-23T10:14:38                      12
================================================================================
[2025-11-23T10:15:32.317+0000] {manager.py:997} INFO - 
================================================================================
DAG File Processing Stats

File Path                                  PID    Runtime      # DAGs    # Errors  Last Runtime    Last Run               Last # of DB Queries
-----------------------------------------  -----  ---------  --------  ----------  --------------  -------------------  ----------------------
/opt/airflow/dags/driven_data_pipeline.py                           1           0  0.18s           2025-11-23T10:15:09                      12
================================================================================
[2025-11-23T10:16:02.696+0000] {manager.py:997} INFO - 
================================================================================
DAG File Processing Stats

File Path                                  PID    Runtime      # DAGs    # Errors  Last Runtime    Last Run               Last # of DB Queries
-----------------------------------------  -----  ---------  --------  ----------  --------------  -------------------  ----------------------
/opt/airflow/dags/driven_data_pipeline.py                           1           0  0.16s           2025-11-23T10:15:39                      12
================================================================================
[2025-11-23T10:16:32.806+0000] {manager.py:997} INFO - 
================================================================================
DAG File Processing Stats

File Path                                  PID    Runtime      # DAGs    # Errors  Last Runtime    Last Run               Last # of DB Queries
-----------------------------------------  -----  ---------  --------  ----------  --------------  -------------------  ----------------------
/opt/airflow/dags/driven_data_pipeline.py                           1           0  0.81s           2025-11-23T10:16:10                      12
================================================================================
[2025-11-23T10:17:03.520+0000] {manager.py:997} INFO - 
================================================================================
DAG File Processing Stats

File Path                                  PID    Runtime      # DAGs    # Errors  Last Runtime    Last Run               Last # of DB Queries
-----------------------------------------  -----  ---------  --------  ----------  --------------  -------------------  ----------------------
/opt/airflow/dags/driven_data_pipeline.py                           1           0  0.44s           2025-11-23T10:16:41                      12
================================================================================
[2025-11-23T10:17:33.738+0000] {manager.py:997} INFO - 
================================================================================
DAG File Processing Stats

File Path                                  PID    Runtime      # DAGs    # Errors  Last Runtime    Last Run               Last # of DB Queries
-----------------------------------------  -----  ---------  --------  ----------  --------------  -------------------  ----------------------
/opt/airflow/dags/driven_data_pipeline.py                           1           0  0.88s           2025-11-23T10:17:12                      12
================================================================================
[2025-11-23T10:18:04.084+0000] {manager.py:997} INFO - 
================================================================================
DAG File Processing Stats

File Path                                  PID    Runtime      # DAGs    # Errors  Last Runtime    Last Run               Last # of DB Queries
-----------------------------------------  -----  ---------  --------  ----------  --------------  -------------------  ----------------------
/opt/airflow/dags/driven_data_pipeline.py                           1           0  0.37s           2025-11-23T10:17:43                      12
================================================================================
[2025-11-23T10:18:34.768+0000] {manager.py:997} INFO - 
================================================================================
DAG File Processing Stats

File Path                                  PID    Runtime      # DAGs    # Errors  Last Runtime    Last Run               Last # of DB Queries
-----------------------------------------  -----  ---------  --------  ----------  --------------  -------------------  ----------------------
/opt/airflow/dags/driven_data_pipeline.py                           1           0  0.18s           2025-11-23T10:18:13                      12
================================================================================
[2025-11-23T10:18:53.987+0000] {manager.py:821} INFO - Searching for files in /opt/airflow/dags
[2025-11-23T10:18:53.993+0000] {manager.py:824} INFO - There are 1 files in /opt/airflow/dags
[2025-11-23T10:19:05.118+0000] {manager.py:997} INFO - 
================================================================================
DAG File Processing Stats

File Path                                  PID    Runtime      # DAGs    # Errors  Last Runtime    Last Run               Last # of DB Queries
-----------------------------------------  -----  ---------  --------  ----------  --------------  -------------------  ----------------------
/opt/airflow/dags/driven_data_pipeline.py                           1           0  0.25s           2025-11-23T10:18:44                      12
================================================================================
[2025-11-23T10:19:35.599+0000] {manager.py:997} INFO - 
================================================================================
DAG File Processing Stats

File Path                                  PID    Runtime      # DAGs    # Errors  Last Runtime    Last Run               Last # of DB Queries
-----------------------------------------  -----  ---------  --------  ----------  --------------  -------------------  ----------------------
/opt/airflow/dags/driven_data_pipeline.py                           1           0  0.43s           2025-11-23T10:19:14                      12
================================================================================
[2025-11-23T10:20:06.197+0000] {manager.py:997} INFO - 
================================================================================
DAG File Processing Stats

File Path                                  PID    Runtime      # DAGs    # Errors  Last Runtime    Last Run               Last # of DB Queries
-----------------------------------------  -----  ---------  --------  ----------  --------------  -------------------  ----------------------
/opt/airflow/dags/driven_data_pipeline.py                           1           0  0.43s           2025-11-23T10:19:45                      12
================================================================================
[2025-11-23T10:20:36.671+0000] {manager.py:997} INFO - 
================================================================================
DAG File Processing Stats

File Path                                  PID    Runtime      # DAGs    # Errors  Last Runtime    Last Run               Last # of DB Queries
-----------------------------------------  -----  ---------  --------  ----------  --------------  -------------------  ----------------------
/opt/airflow/dags/driven_data_pipeline.py                           1           0  1.48s           2025-11-23T10:20:16                      12
================================================================================
[2025-11-23T10:21:07.229+0000] {manager.py:997} INFO - 
================================================================================
DAG File Processing Stats

File Path                                  PID    Runtime      # DAGs    # Errors  Last Runtime    Last Run               Last # of DB Queries
-----------------------------------------  -----  ---------  --------  ----------  --------------  -------------------  ----------------------
/opt/airflow/dags/driven_data_pipeline.py                           1           0  0.42s           2025-11-23T10:20:47                      12
================================================================================
[2025-11-23T10:21:37.706+0000] {manager.py:997} INFO - 
================================================================================
DAG File Processing Stats

File Path                                  PID    Runtime      # DAGs    # Errors  Last Runtime    Last Run               Last # of DB Queries
-----------------------------------------  -----  ---------  --------  ----------  --------------  -------------------  ----------------------
/opt/airflow/dags/driven_data_pipeline.py                           1           0  0.27s           2025-11-23T10:21:36                      11
================================================================================
[2025-11-23T10:22:08.029+0000] {manager.py:997} INFO - 
================================================================================
DAG File Processing Stats

File Path                                  PID    Runtime      # DAGs    # Errors  Last Runtime    Last Run               Last # of DB Queries
-----------------------------------------  -----  ---------  --------  ----------  --------------  -------------------  ----------------------
/opt/airflow/dags/driven_data_pipeline.py                           1           0  0.15s           2025-11-23T10:21:40                      11
================================================================================
[2025-11-23T10:23:26.521+0000] {manager.py:997} INFO - 
================================================================================
DAG File Processing Stats

File Path                                    PID  Runtime      # DAGs    # Errors  Last Runtime    Last Run               Last # of DB Queries
-----------------------------------------  -----  ---------  --------  ----------  --------------  -------------------  ----------------------
/opt/airflow/dags/driven_data_pipeline.py    329  0.68s             1           0  0.41s           2025-11-23T10:22:11                      34
================================================================================
[2025-11-23T10:23:36.734+0000] {manager.py:465} INFO - Exiting gracefully upon receiving signal 15
[2025-11-23T10:25:29.141+0000] {manager.py:483} INFO - Processing files using up to 2 processes at a time 
[2025-11-23T10:25:29.145+0000] {manager.py:484} INFO - Process each file at most once every 30 seconds
[2025-11-23T10:25:29.146+0000] {manager.py:485} INFO - Checking for new files in /opt/airflow/dags every 300 seconds
[2025-11-23T10:25:29.147+0000] {manager.py:821} INFO - Searching for files in /opt/airflow/dags
[2025-11-23T10:25:29.159+0000] {manager.py:824} INFO - There are 1 files in /opt/airflow/dags
[2025-11-23T10:25:29.857+0000] {manager.py:997} INFO - 
================================================================================
DAG File Processing Stats

File Path                                    PID  Runtime      # DAGs    # Errors  Last Runtime    Last Run      Last # of DB Queries
-----------------------------------------  -----  ---------  --------  ----------  --------------  ----------  ----------------------
/opt/airflow/dags/driven_data_pipeline.py     64  0.06s             0           0                                                   0
================================================================================
[2025-11-23T10:26:00.075+0000] {manager.py:997} INFO - 
================================================================================
DAG File Processing Stats

File Path                                  PID    Runtime      # DAGs    # Errors  Last Runtime    Last Run               Last # of DB Queries
-----------------------------------------  -----  ---------  --------  ----------  --------------  -------------------  ----------------------
/opt/airflow/dags/driven_data_pipeline.py                           1           0  0.37s           2025-11-23T10:25:30                      12
================================================================================
[2025-11-23T10:26:30.591+0000] {manager.py:997} INFO - 
================================================================================
DAG File Processing Stats

File Path                                  PID    Runtime      # DAGs    # Errors  Last Runtime    Last Run               Last # of DB Queries
-----------------------------------------  -----  ---------  --------  ----------  --------------  -------------------  ----------------------
/opt/airflow/dags/driven_data_pipeline.py                           1           0  1.84s           2025-11-23T10:26:02                      12
================================================================================
[2025-11-23T10:27:48.471+0000] {manager.py:997} INFO - 
================================================================================
DAG File Processing Stats

File Path                                    PID  Runtime      # DAGs    # Errors  Last Runtime    Last Run               Last # of DB Queries
-----------------------------------------  -----  ---------  --------  ----------  --------------  -------------------  ----------------------
/opt/airflow/dags/driven_data_pipeline.py     85  1.03s             1           0  0.21s           2025-11-23T10:26:32                      12
================================================================================
[2025-11-23T10:28:30.645+0000] {manager.py:1366} ERROR - Processor for /opt/airflow/dags/driven_data_pipeline.py with PID 85 started at 2025-11-23T10:27:30.509950+00:00 has timed out, killing it.
[2025-11-23T10:28:30.749+0000] {manager.py:997} INFO - 
================================================================================
DAG File Processing Stats

File Path                                  PID    Runtime      # DAGs    # Errors  Last Runtime    Last Run               Last # of DB Queries
-----------------------------------------  -----  ---------  --------  ----------  --------------  -------------------  ----------------------
/opt/airflow/dags/driven_data_pipeline.py                           0           1  60.13s          2025-11-23T10:28:30                       0
================================================================================
[2025-11-23T10:29:07.838+0000] {manager.py:997} INFO - 
================================================================================
DAG File Processing Stats

File Path                                  PID    Runtime      # DAGs    # Errors  Last Runtime    Last Run               Last # of DB Queries
-----------------------------------------  -----  ---------  --------  ----------  --------------  -------------------  ----------------------
/opt/airflow/dags/driven_data_pipeline.py                           1           0  1.26s           2025-11-23T10:29:02                      12
================================================================================
[2025-11-23T10:31:40.902+0000] {manager.py:997} INFO - 
================================================================================
DAG File Processing Stats

File Path                                    PID  Runtime      # DAGs    # Errors  Last Runtime    Last Run               Last # of DB Queries
-----------------------------------------  -----  ---------  --------  ----------  --------------  -------------------  ----------------------
/opt/airflow/dags/driven_data_pipeline.py     93  0.07s             1           0  1.26s           2025-11-23T10:29:02                      12
================================================================================
[2025-11-23T10:31:46.753+0000] {manager.py:821} INFO - Searching for files in /opt/airflow/dags
[2025-11-23T10:31:46.861+0000] {manager.py:824} INFO - There are 1 files in /opt/airflow/dags
[2025-11-23T10:34:54.406+0000] {manager.py:483} INFO - Processing files using up to 2 processes at a time 
[2025-11-23T10:34:54.412+0000] {manager.py:484} INFO - Process each file at most once every 30 seconds
[2025-11-23T10:34:54.413+0000] {manager.py:485} INFO - Checking for new files in /opt/airflow/dags every 300 seconds
[2025-11-23T10:34:54.414+0000] {manager.py:821} INFO - Searching for files in /opt/airflow/dags
[2025-11-23T10:34:54.423+0000] {manager.py:824} INFO - There are 1 files in /opt/airflow/dags
[2025-11-23T10:34:55.332+0000] {manager.py:997} INFO - 
================================================================================
DAG File Processing Stats

File Path                                    PID  Runtime      # DAGs    # Errors  Last Runtime    Last Run      Last # of DB Queries
-----------------------------------------  -----  ---------  --------  ----------  --------------  ----------  ----------------------
/opt/airflow/dags/driven_data_pipeline.py     63  0.11s             0           0                                                   0
================================================================================
[2025-11-23T10:36:23.959+0000] {manager.py:483} INFO - Processing files using up to 2 processes at a time 
[2025-11-23T10:36:23.966+0000] {manager.py:484} INFO - Process each file at most once every 30 seconds
[2025-11-23T10:36:23.967+0000] {manager.py:485} INFO - Checking for new files in /opt/airflow/dags every 300 seconds
[2025-11-23T10:36:23.969+0000] {manager.py:821} INFO - Searching for files in /opt/airflow/dags
[2025-11-23T10:36:24.002+0000] {manager.py:824} INFO - There are 1 files in /opt/airflow/dags
[2025-11-23T10:36:24.404+0000] {manager.py:997} INFO - 
================================================================================
DAG File Processing Stats

File Path                                    PID  Runtime      # DAGs    # Errors  Last Runtime    Last Run      Last # of DB Queries
-----------------------------------------  -----  ---------  --------  ----------  --------------  ----------  ----------------------
/opt/airflow/dags/driven_data_pipeline.py     65  0.05s             0           0                                                   0
================================================================================
[2025-11-23T10:37:41.685+0000] {manager.py:483} INFO - Processing files using up to 2 processes at a time 
[2025-11-23T10:37:41.693+0000] {manager.py:484} INFO - Process each file at most once every 30 seconds
[2025-11-23T10:37:41.694+0000] {manager.py:485} INFO - Checking for new files in /opt/airflow/dags every 300 seconds
[2025-11-23T10:37:41.695+0000] {manager.py:821} INFO - Searching for files in /opt/airflow/dags
[2025-11-23T10:37:41.707+0000] {manager.py:824} INFO - There are 1 files in /opt/airflow/dags
[2025-11-23T10:37:42.031+0000] {manager.py:997} INFO - 
================================================================================
DAG File Processing Stats

File Path                                    PID  Runtime      # DAGs    # Errors  Last Runtime    Last Run      Last # of DB Queries
-----------------------------------------  -----  ---------  --------  ----------  --------------  ----------  ----------------------
/opt/airflow/dags/driven_data_pipeline.py     64  0.05s             0           0                                                   0
================================================================================
[2025-11-23T10:38:12.808+0000] {manager.py:997} INFO - 
================================================================================
DAG File Processing Stats

File Path                                    PID  Runtime      # DAGs    # Errors  Last Runtime    Last Run               Last # of DB Queries
-----------------------------------------  -----  ---------  --------  ----------  --------------  -------------------  ----------------------
/opt/airflow/dags/driven_data_pipeline.py     71  0.01s             1           0  0.35s           2025-11-23T10:37:42                      12
================================================================================
[2025-11-23T10:38:43.129+0000] {manager.py:997} INFO - 
================================================================================
DAG File Processing Stats

File Path                                  PID    Runtime      # DAGs    # Errors  Last Runtime    Last Run               Last # of DB Queries
-----------------------------------------  -----  ---------  --------  ----------  --------------  -------------------  ----------------------
/opt/airflow/dags/driven_data_pipeline.py                           1           0  2.12s           2025-11-23T10:38:14                      12
================================================================================
[2025-11-23T10:39:13.649+0000] {manager.py:997} INFO - 
================================================================================
DAG File Processing Stats

File Path                                  PID    Runtime      # DAGs    # Errors  Last Runtime    Last Run               Last # of DB Queries
-----------------------------------------  -----  ---------  --------  ----------  --------------  -------------------  ----------------------
/opt/airflow/dags/driven_data_pipeline.py                           1           0  1.68s           2025-11-23T10:38:51                      12
================================================================================
[2025-11-23T10:40:17.631+0000] {manager.py:997} INFO - 
================================================================================
DAG File Processing Stats

File Path                                    PID  Runtime      # DAGs    # Errors  Last Runtime    Last Run               Last # of DB Queries
-----------------------------------------  -----  ---------  --------  ----------  --------------  -------------------  ----------------------
/opt/airflow/dags/driven_data_pipeline.py     86  47.64s            1           0  1.68s           2025-11-23T10:38:51                      12
================================================================================
[2025-11-23T10:40:17.828+0000] {manager.py:1366} ERROR - Processor for /opt/airflow/dags/driven_data_pipeline.py with PID 86 started at 2025-11-23T10:39:21.980860+00:00 has timed out, killing it.
[2025-11-23T10:41:42.219+0000] {manager.py:997} INFO - 
================================================================================
DAG File Processing Stats

File Path                                  PID    Runtime      # DAGs    # Errors  Last Runtime    Last Run               Last # of DB Queries
-----------------------------------------  -----  ---------  --------  ----------  --------------  -------------------  ----------------------
/opt/airflow/dags/driven_data_pipeline.py                           0           1  55.85s          2025-11-23T10:40:17                       0
================================================================================
[2025-11-23T10:45:54.684+0000] {manager.py:483} INFO - Processing files using up to 2 processes at a time 
[2025-11-23T10:45:54.690+0000] {manager.py:484} INFO - Process each file at most once every 30 seconds
[2025-11-23T10:45:54.691+0000] {manager.py:485} INFO - Checking for new files in /opt/airflow/dags every 300 seconds
[2025-11-23T10:45:54.692+0000] {manager.py:821} INFO - Searching for files in /opt/airflow/dags
[2025-11-23T10:45:54.708+0000] {manager.py:824} INFO - There are 1 files in /opt/airflow/dags
[2025-11-23T10:45:55.022+0000] {manager.py:997} INFO - 
================================================================================
DAG File Processing Stats

File Path                                    PID  Runtime      # DAGs    # Errors  Last Runtime    Last Run      Last # of DB Queries
-----------------------------------------  -----  ---------  --------  ----------  --------------  ----------  ----------------------
/opt/airflow/dags/driven_data_pipeline.py     65  0.04s             0           0                                                   0
================================================================================
[2025-11-23T10:46:21.742+0000] {manager.py:465} INFO - Exiting gracefully upon receiving signal 15
[2025-11-23T10:46:53.778+0000] {manager.py:483} INFO - Processing files using up to 2 processes at a time 
[2025-11-23T10:46:53.780+0000] {manager.py:484} INFO - Process each file at most once every 30 seconds
[2025-11-23T10:46:53.780+0000] {manager.py:485} INFO - Checking for new files in /opt/airflow/dags every 300 seconds
[2025-11-23T10:46:53.780+0000] {manager.py:821} INFO - Searching for files in /opt/airflow/dags
[2025-11-23T10:46:53.790+0000] {manager.py:824} INFO - There are 1 files in /opt/airflow/dags
[2025-11-23T10:46:53.960+0000] {manager.py:997} INFO - 
================================================================================
DAG File Processing Stats

File Path                                    PID  Runtime      # DAGs    # Errors  Last Runtime    Last Run      Last # of DB Queries
-----------------------------------------  -----  ---------  --------  ----------  --------------  ----------  ----------------------
/opt/airflow/dags/driven_data_pipeline.py     52  0.03s             0           0                                                   0
================================================================================
[2025-11-23T10:47:24.304+0000] {manager.py:997} INFO - 
================================================================================
DAG File Processing Stats

File Path                                    PID  Runtime      # DAGs    # Errors  Last Runtime    Last Run               Last # of DB Queries
-----------------------------------------  -----  ---------  --------  ----------  --------------  -------------------  ----------------------
/opt/airflow/dags/driven_data_pipeline.py     59  0.00s             1           0  0.23s           2025-11-23T10:46:54                      12
================================================================================
[2025-11-23T10:47:54.810+0000] {manager.py:997} INFO - 
================================================================================
DAG File Processing Stats

File Path                                    PID  Runtime      # DAGs    # Errors  Last Runtime    Last Run               Last # of DB Queries
-----------------------------------------  -----  ---------  --------  ----------  --------------  -------------------  ----------------------
/opt/airflow/dags/driven_data_pipeline.py     70  0.01s             1           0  0.15s           2025-11-23T10:47:24                      12
================================================================================
[2025-11-23T10:48:25.153+0000] {manager.py:997} INFO - 
================================================================================
DAG File Processing Stats

File Path                                    PID  Runtime      # DAGs    # Errors  Last Runtime    Last Run               Last # of DB Queries
-----------------------------------------  -----  ---------  --------  ----------  --------------  -------------------  ----------------------
/opt/airflow/dags/driven_data_pipeline.py     77  0.01s             1           0  0.23s           2025-11-23T10:47:55                      12
================================================================================
[2025-11-23T10:48:55.629+0000] {manager.py:997} INFO - 
================================================================================
DAG File Processing Stats

File Path                                  PID    Runtime      # DAGs    # Errors  Last Runtime    Last Run               Last # of DB Queries
-----------------------------------------  -----  ---------  --------  ----------  --------------  -------------------  ----------------------
/opt/airflow/dags/driven_data_pipeline.py                           1           0  0.53s           2025-11-23T10:48:25                      12
================================================================================
[2025-11-23T10:50:36.519+0000] {manager.py:997} INFO - 
================================================================================
DAG File Processing Stats

File Path                                    PID  Runtime      # DAGs    # Errors  Last Runtime    Last Run               Last # of DB Queries
-----------------------------------------  -----  ---------  --------  ----------  --------------  -------------------  ----------------------
/opt/airflow/dags/driven_data_pipeline.py     91  0.10s             1           0  0.55s           2025-11-23T10:48:56                      12
================================================================================
[2025-11-23T10:50:33.387+0000] {manager.py:1366} ERROR - Processor for /opt/airflow/dags/driven_data_pipeline.py with PID 91 started at 2025-11-23T10:49:26.962828+00:00 has timed out, killing it.
[2025-11-23T10:51:16.989+0000] {manager.py:997} INFO - 
================================================================================
DAG File Processing Stats

File Path                                  PID    Runtime      # DAGs    # Errors  Last Runtime    Last Run               Last # of DB Queries
-----------------------------------------  -----  ---------  --------  ----------  --------------  -------------------  ----------------------
/opt/airflow/dags/driven_data_pipeline.py                           1           0  0.86s           2025-11-23T10:51:11                      12
================================================================================
[2025-11-23T10:51:47.045+0000] {manager.py:997} INFO - 
================================================================================
DAG File Processing Stats

File Path                                  PID    Runtime      # DAGs    # Errors  Last Runtime    Last Run               Last # of DB Queries
-----------------------------------------  -----  ---------  --------  ----------  --------------  -------------------  ----------------------
/opt/airflow/dags/driven_data_pipeline.py                           1           0  0.38s           2025-11-23T10:51:41                      12
================================================================================
[2025-11-23T10:51:54.097+0000] {manager.py:821} INFO - Searching for files in /opt/airflow/dags
[2025-11-23T10:51:54.104+0000] {manager.py:824} INFO - There are 1 files in /opt/airflow/dags
[2025-11-23T10:52:17.169+0000] {manager.py:997} INFO - 
================================================================================
DAG File Processing Stats

File Path                                  PID    Runtime      # DAGs    # Errors  Last Runtime    Last Run               Last # of DB Queries
-----------------------------------------  -----  ---------  --------  ----------  --------------  -------------------  ----------------------
/opt/airflow/dags/driven_data_pipeline.py                           1           0  0.18s           2025-11-23T10:52:12                      12
================================================================================
[2025-11-23T10:52:47.763+0000] {manager.py:997} INFO - 
================================================================================
DAG File Processing Stats

File Path                                  PID    Runtime      # DAGs    # Errors  Last Runtime    Last Run               Last # of DB Queries
-----------------------------------------  -----  ---------  --------  ----------  --------------  -------------------  ----------------------
/opt/airflow/dags/driven_data_pipeline.py                           1           0  0.51s           2025-11-23T10:52:31                      34
================================================================================
[2025-11-23T10:53:18.548+0000] {manager.py:997} INFO - 
================================================================================
DAG File Processing Stats

File Path                                  PID    Runtime      # DAGs    # Errors  Last Runtime    Last Run               Last # of DB Queries
-----------------------------------------  -----  ---------  --------  ----------  --------------  -------------------  ----------------------
/opt/airflow/dags/driven_data_pipeline.py                           1           0  0.16s           2025-11-23T10:52:59                      11
================================================================================
[2025-11-23T10:53:48.768+0000] {manager.py:997} INFO - 
================================================================================
DAG File Processing Stats

File Path                                  PID    Runtime      # DAGs    # Errors  Last Runtime    Last Run               Last # of DB Queries
-----------------------------------------  -----  ---------  --------  ----------  --------------  -------------------  ----------------------
/opt/airflow/dags/driven_data_pipeline.py                           1           0  0.38s           2025-11-23T10:53:30                      34
================================================================================
[2025-11-23T10:54:18.849+0000] {manager.py:997} INFO - 
================================================================================
DAG File Processing Stats

File Path                                  PID    Runtime      # DAGs    # Errors  Last Runtime    Last Run               Last # of DB Queries
-----------------------------------------  -----  ---------  --------  ----------  --------------  -------------------  ----------------------
/opt/airflow/dags/driven_data_pipeline.py                           1           0  1.40s           2025-11-23T10:54:02                      12
================================================================================
[2025-11-23T10:58:34.627+0000] {manager.py:483} INFO - Processing files using up to 2 processes at a time 
[2025-11-23T10:58:34.633+0000] {manager.py:484} INFO - Process each file at most once every 30 seconds
[2025-11-23T10:58:34.634+0000] {manager.py:485} INFO - Checking for new files in /opt/airflow/dags every 300 seconds
[2025-11-23T10:58:34.635+0000] {manager.py:821} INFO - Searching for files in /opt/airflow/dags
[2025-11-23T10:58:34.656+0000] {manager.py:824} INFO - There are 1 files in /opt/airflow/dags
[2025-11-23T10:58:34.954+0000] {manager.py:997} INFO - 
================================================================================
DAG File Processing Stats

File Path                                    PID  Runtime      # DAGs    # Errors  Last Runtime    Last Run      Last # of DB Queries
-----------------------------------------  -----  ---------  --------  ----------  --------------  ----------  ----------------------
/opt/airflow/dags/driven_data_pipeline.py     64  0.04s             0           0                                                   0
================================================================================
[2025-11-23T10:59:05.288+0000] {manager.py:997} INFO - 
================================================================================
DAG File Processing Stats

File Path                                  PID    Runtime      # DAGs    # Errors  Last Runtime    Last Run               Last # of DB Queries
-----------------------------------------  -----  ---------  --------  ----------  --------------  -------------------  ----------------------
/opt/airflow/dags/driven_data_pipeline.py                           1           0  0.68s           2025-11-23T10:58:35                      45
================================================================================
[2025-11-23T10:59:35.507+0000] {manager.py:997} INFO - 
================================================================================
DAG File Processing Stats

File Path                                  PID    Runtime      # DAGs    # Errors  Last Runtime    Last Run               Last # of DB Queries
-----------------------------------------  -----  ---------  --------  ----------  --------------  -------------------  ----------------------
/opt/airflow/dags/driven_data_pipeline.py                           1           0  1.17s           2025-11-23T10:59:07                      12
================================================================================
[2025-11-23T11:00:05.903+0000] {manager.py:997} INFO - 
================================================================================
DAG File Processing Stats

File Path                                  PID    Runtime      # DAGs    # Errors  Last Runtime    Last Run               Last # of DB Queries
-----------------------------------------  -----  ---------  --------  ----------  --------------  -------------------  ----------------------
/opt/airflow/dags/driven_data_pipeline.py                           1           0  0.48s           2025-11-23T10:59:38                      12
================================================================================
[2025-11-23T11:00:35.988+0000] {manager.py:997} INFO - 
================================================================================
DAG File Processing Stats

File Path                                  PID    Runtime      # DAGs    # Errors  Last Runtime    Last Run               Last # of DB Queries
-----------------------------------------  -----  ---------  --------  ----------  --------------  -------------------  ----------------------
/opt/airflow/dags/driven_data_pipeline.py                           1           0  0.36s           2025-11-23T11:00:08                      12
================================================================================
[2025-11-23T11:01:06.768+0000] {manager.py:997} INFO - 
================================================================================
DAG File Processing Stats

File Path                                  PID    Runtime      # DAGs    # Errors  Last Runtime    Last Run               Last # of DB Queries
-----------------------------------------  -----  ---------  --------  ----------  --------------  -------------------  ----------------------
/opt/airflow/dags/driven_data_pipeline.py                           1           0  0.24s           2025-11-23T11:00:38                      12
================================================================================
[2025-11-23T11:01:37.250+0000] {manager.py:997} INFO - 
================================================================================
DAG File Processing Stats

File Path                                  PID    Runtime      # DAGs    # Errors  Last Runtime    Last Run               Last # of DB Queries
-----------------------------------------  -----  ---------  --------  ----------  --------------  -------------------  ----------------------
/opt/airflow/dags/driven_data_pipeline.py                           1           0  0.25s           2025-11-23T11:01:10                      12
================================================================================
[2025-11-23T11:02:07.870+0000] {manager.py:997} INFO - 
================================================================================
DAG File Processing Stats

File Path                                  PID    Runtime      # DAGs    # Errors  Last Runtime    Last Run               Last # of DB Queries
-----------------------------------------  -----  ---------  --------  ----------  --------------  -------------------  ----------------------
/opt/airflow/dags/driven_data_pipeline.py                           1           0  0.36s           2025-11-23T11:01:40                      12
================================================================================
[2025-11-23T11:02:38.263+0000] {manager.py:997} INFO - 
================================================================================
DAG File Processing Stats

File Path                                  PID    Runtime      # DAGs    # Errors  Last Runtime    Last Run               Last # of DB Queries
-----------------------------------------  -----  ---------  --------  ----------  --------------  -------------------  ----------------------
/opt/airflow/dags/driven_data_pipeline.py                           1           0  0.18s           2025-11-23T11:02:11                      12
================================================================================
[2025-11-23T11:03:08.744+0000] {manager.py:997} INFO - 
================================================================================
DAG File Processing Stats

File Path                                  PID    Runtime      # DAGs    # Errors  Last Runtime    Last Run               Last # of DB Queries
-----------------------------------------  -----  ---------  --------  ----------  --------------  -------------------  ----------------------
/opt/airflow/dags/driven_data_pipeline.py                           1           0  5.32s           2025-11-23T11:02:46                      12
================================================================================
[2025-11-23T11:03:35.230+0000] {manager.py:821} INFO - Searching for files in /opt/airflow/dags
[2025-11-23T11:03:35.245+0000] {manager.py:824} INFO - There are 1 files in /opt/airflow/dags
[2025-11-23T11:03:39.325+0000] {manager.py:997} INFO - 
================================================================================
DAG File Processing Stats

File Path                                  PID    Runtime      # DAGs    # Errors  Last Runtime    Last Run               Last # of DB Queries
-----------------------------------------  -----  ---------  --------  ----------  --------------  -------------------  ----------------------
/opt/airflow/dags/driven_data_pipeline.py                           1           0  0.63s           2025-11-23T11:03:17                      12
================================================================================
[2025-11-23T11:04:09.395+0000] {manager.py:997} INFO - 
================================================================================
DAG File Processing Stats

File Path                                  PID    Runtime      # DAGs    # Errors  Last Runtime    Last Run               Last # of DB Queries
-----------------------------------------  -----  ---------  --------  ----------  --------------  -------------------  ----------------------
/opt/airflow/dags/driven_data_pipeline.py                           1           0  0.46s           2025-11-23T11:03:48                      12
================================================================================
[2025-11-23T11:04:39.706+0000] {manager.py:997} INFO - 
================================================================================
DAG File Processing Stats

File Path                                  PID    Runtime      # DAGs    # Errors  Last Runtime    Last Run               Last # of DB Queries
-----------------------------------------  -----  ---------  --------  ----------  --------------  -------------------  ----------------------
/opt/airflow/dags/driven_data_pipeline.py                           1           0  0.19s           2025-11-23T11:04:18                      12
================================================================================
[2025-11-23T11:05:10.182+0000] {manager.py:997} INFO - 
================================================================================
DAG File Processing Stats

File Path                                  PID    Runtime      # DAGs    # Errors  Last Runtime    Last Run               Last # of DB Queries
-----------------------------------------  -----  ---------  --------  ----------  --------------  -------------------  ----------------------
/opt/airflow/dags/driven_data_pipeline.py                           1           0  0.23s           2025-11-23T11:04:49                      12
================================================================================
[2025-11-23T11:05:40.506+0000] {manager.py:997} INFO - 
================================================================================
DAG File Processing Stats

File Path                                  PID    Runtime      # DAGs    # Errors  Last Runtime    Last Run               Last # of DB Queries
-----------------------------------------  -----  ---------  --------  ----------  --------------  -------------------  ----------------------
/opt/airflow/dags/driven_data_pipeline.py                           1           0  0.43s           2025-11-23T11:05:19                      12
================================================================================
[2025-11-23T11:06:10.669+0000] {manager.py:997} INFO - 
================================================================================
DAG File Processing Stats

File Path                                  PID    Runtime      # DAGs    # Errors  Last Runtime    Last Run               Last # of DB Queries
-----------------------------------------  -----  ---------  --------  ----------  --------------  -------------------  ----------------------
/opt/airflow/dags/driven_data_pipeline.py                           1           0  0.39s           2025-11-23T11:05:50                      12
================================================================================
[2025-11-23T11:06:41.016+0000] {manager.py:997} INFO - 
================================================================================
DAG File Processing Stats

File Path                                  PID    Runtime      # DAGs    # Errors  Last Runtime    Last Run               Last # of DB Queries
-----------------------------------------  -----  ---------  --------  ----------  --------------  -------------------  ----------------------
/opt/airflow/dags/driven_data_pipeline.py                           1           0  0.49s           2025-11-23T11:06:21                      12
================================================================================
[2025-11-23T11:07:11.342+0000] {manager.py:997} INFO - 
================================================================================
DAG File Processing Stats

File Path                                  PID    Runtime      # DAGs    # Errors  Last Runtime    Last Run               Last # of DB Queries
-----------------------------------------  -----  ---------  --------  ----------  --------------  -------------------  ----------------------
/opt/airflow/dags/driven_data_pipeline.py                           1           0  0.50s           2025-11-23T11:06:52                      12
================================================================================
[2025-11-23T11:07:41.655+0000] {manager.py:997} INFO - 
================================================================================
DAG File Processing Stats

File Path                                  PID    Runtime      # DAGs    # Errors  Last Runtime    Last Run               Last # of DB Queries
-----------------------------------------  -----  ---------  --------  ----------  --------------  -------------------  ----------------------
/opt/airflow/dags/driven_data_pipeline.py                           1           0  0.26s           2025-11-23T11:07:22                      12
================================================================================
[2025-11-23T11:08:12.216+0000] {manager.py:997} INFO - 
================================================================================
DAG File Processing Stats

File Path                                  PID    Runtime      # DAGs    # Errors  Last Runtime    Last Run               Last # of DB Queries
-----------------------------------------  -----  ---------  --------  ----------  --------------  -------------------  ----------------------
/opt/airflow/dags/driven_data_pipeline.py                           1           0  0.37s           2025-11-23T11:07:53                      12
================================================================================
[2025-11-23T11:08:35.520+0000] {manager.py:821} INFO - Searching for files in /opt/airflow/dags
[2025-11-23T11:08:35.527+0000] {manager.py:824} INFO - There are 1 files in /opt/airflow/dags
[2025-11-23T11:08:42.618+0000] {manager.py:997} INFO - 
================================================================================
DAG File Processing Stats

File Path                                  PID    Runtime      # DAGs    # Errors  Last Runtime    Last Run               Last # of DB Queries
-----------------------------------------  -----  ---------  --------  ----------  --------------  -------------------  ----------------------
/opt/airflow/dags/driven_data_pipeline.py                           1           0  0.38s           2025-11-23T11:08:23                      12
================================================================================
[2025-11-23T11:09:13.168+0000] {manager.py:997} INFO - 
================================================================================
DAG File Processing Stats

File Path                                  PID    Runtime      # DAGs    # Errors  Last Runtime    Last Run               Last # of DB Queries
-----------------------------------------  -----  ---------  --------  ----------  --------------  -------------------  ----------------------
/opt/airflow/dags/driven_data_pipeline.py                           1           0  0.41s           2025-11-23T11:08:54                      12
================================================================================
[2025-11-23T11:09:43.769+0000] {manager.py:997} INFO - 
================================================================================
DAG File Processing Stats

File Path                                  PID    Runtime      # DAGs    # Errors  Last Runtime    Last Run               Last # of DB Queries
-----------------------------------------  -----  ---------  --------  ----------  --------------  -------------------  ----------------------
/opt/airflow/dags/driven_data_pipeline.py                           1           0  0.40s           2025-11-23T11:09:24                      12
================================================================================
[2025-11-23T11:10:14.114+0000] {manager.py:997} INFO - 
================================================================================
DAG File Processing Stats

File Path                                  PID    Runtime      # DAGs    # Errors  Last Runtime    Last Run               Last # of DB Queries
-----------------------------------------  -----  ---------  --------  ----------  --------------  -------------------  ----------------------
/opt/airflow/dags/driven_data_pipeline.py                           1           0  0.17s           2025-11-23T11:09:55                      12
================================================================================
[2025-11-23T11:10:44.437+0000] {manager.py:997} INFO - 
================================================================================
DAG File Processing Stats

File Path                                  PID    Runtime      # DAGs    # Errors  Last Runtime    Last Run               Last # of DB Queries
-----------------------------------------  -----  ---------  --------  ----------  --------------  -------------------  ----------------------
/opt/airflow/dags/driven_data_pipeline.py                           1           0  0.18s           2025-11-23T11:10:25                      12
================================================================================
[2025-11-23T11:11:14.770+0000] {manager.py:997} INFO - 
================================================================================
DAG File Processing Stats

File Path                                  PID    Runtime      # DAGs    # Errors  Last Runtime    Last Run               Last # of DB Queries
-----------------------------------------  -----  ---------  --------  ----------  --------------  -------------------  ----------------------
/opt/airflow/dags/driven_data_pipeline.py                           1           0  1.05s           2025-11-23T11:10:56                      12
================================================================================
[2025-11-23T11:11:45.085+0000] {manager.py:997} INFO - 
================================================================================
DAG File Processing Stats

File Path                                  PID    Runtime      # DAGs    # Errors  Last Runtime    Last Run               Last # of DB Queries
-----------------------------------------  -----  ---------  --------  ----------  --------------  -------------------  ----------------------
/opt/airflow/dags/driven_data_pipeline.py                           1           0  0.43s           2025-11-23T11:11:27                      12
================================================================================
[2025-11-23T11:12:15.357+0000] {manager.py:997} INFO - 
================================================================================
DAG File Processing Stats

File Path                                  PID    Runtime      # DAGs    # Errors  Last Runtime    Last Run               Last # of DB Queries
-----------------------------------------  -----  ---------  --------  ----------  --------------  -------------------  ----------------------
/opt/airflow/dags/driven_data_pipeline.py                           1           0  0.60s           2025-11-23T11:11:58                      12
================================================================================
[2025-11-23T11:12:45.748+0000] {manager.py:997} INFO - 
================================================================================
DAG File Processing Stats

File Path                                  PID    Runtime      # DAGs    # Errors  Last Runtime    Last Run               Last # of DB Queries
-----------------------------------------  -----  ---------  --------  ----------  --------------  -------------------  ----------------------
/opt/airflow/dags/driven_data_pipeline.py                           1           0  0.45s           2025-11-23T11:12:28                      12
================================================================================
[2025-11-23T11:13:16.375+0000] {manager.py:997} INFO - 
================================================================================
DAG File Processing Stats

File Path                                  PID    Runtime      # DAGs    # Errors  Last Runtime    Last Run               Last # of DB Queries
-----------------------------------------  -----  ---------  --------  ----------  --------------  -------------------  ----------------------
/opt/airflow/dags/driven_data_pipeline.py                           1           0  0.21s           2025-11-23T11:12:59                      12
================================================================================
[2025-11-23T11:13:35.664+0000] {manager.py:821} INFO - Searching for files in /opt/airflow/dags
[2025-11-23T11:13:35.675+0000] {manager.py:824} INFO - There are 1 files in /opt/airflow/dags
[2025-11-23T11:13:46.785+0000] {manager.py:997} INFO - 
================================================================================
DAG File Processing Stats

File Path                                  PID    Runtime      # DAGs    # Errors  Last Runtime    Last Run               Last # of DB Queries
-----------------------------------------  -----  ---------  --------  ----------  --------------  -------------------  ----------------------
/opt/airflow/dags/driven_data_pipeline.py                           1           0  0.18s           2025-11-23T11:13:29                      12
================================================================================
[2025-11-23T11:14:17.162+0000] {manager.py:997} INFO - 
================================================================================
DAG File Processing Stats

File Path                                  PID    Runtime      # DAGs    # Errors  Last Runtime    Last Run               Last # of DB Queries
-----------------------------------------  -----  ---------  --------  ----------  --------------  -------------------  ----------------------
/opt/airflow/dags/driven_data_pipeline.py                           1           0  0.41s           2025-11-23T11:14:00                      12
================================================================================
[2025-11-23T11:14:47.678+0000] {manager.py:997} INFO - 
================================================================================
DAG File Processing Stats

File Path                                  PID    Runtime      # DAGs    # Errors  Last Runtime    Last Run               Last # of DB Queries
-----------------------------------------  -----  ---------  --------  ----------  --------------  -------------------  ----------------------
/opt/airflow/dags/driven_data_pipeline.py                           1           0  0.38s           2025-11-23T11:14:30                      12
================================================================================
[2025-11-23T11:15:17.859+0000] {manager.py:997} INFO - 
================================================================================
DAG File Processing Stats

File Path                                  PID    Runtime      # DAGs    # Errors  Last Runtime    Last Run               Last # of DB Queries
-----------------------------------------  -----  ---------  --------  ----------  --------------  -------------------  ----------------------
/opt/airflow/dags/driven_data_pipeline.py                           1           0  0.50s           2025-11-23T11:15:01                      12
================================================================================
[2025-11-23T11:15:48.693+0000] {manager.py:997} INFO - 
================================================================================
DAG File Processing Stats

File Path                                  PID    Runtime      # DAGs    # Errors  Last Runtime    Last Run               Last # of DB Queries
-----------------------------------------  -----  ---------  --------  ----------  --------------  -------------------  ----------------------
/opt/airflow/dags/driven_data_pipeline.py                           1           0  0.57s           2025-11-23T11:15:30                      11
================================================================================
[2025-11-23T11:16:18.993+0000] {manager.py:997} INFO - 
================================================================================
DAG File Processing Stats

File Path                                  PID    Runtime      # DAGs    # Errors  Last Runtime    Last Run               Last # of DB Queries
-----------------------------------------  -----  ---------  --------  ----------  --------------  -------------------  ----------------------
/opt/airflow/dags/driven_data_pipeline.py                           1           0  0.50s           2025-11-23T11:16:01                      34
================================================================================
[2025-11-23T11:16:49.725+0000] {manager.py:997} INFO - 
================================================================================
DAG File Processing Stats

File Path                                  PID    Runtime      # DAGs    # Errors  Last Runtime    Last Run               Last # of DB Queries
-----------------------------------------  -----  ---------  --------  ----------  --------------  -------------------  ----------------------
/opt/airflow/dags/driven_data_pipeline.py                           1           0  0.20s           2025-11-23T11:16:31                      12
================================================================================
[2025-11-23T11:17:20.248+0000] {manager.py:997} INFO - 
================================================================================
DAG File Processing Stats

File Path                                  PID    Runtime      # DAGs    # Errors  Last Runtime    Last Run               Last # of DB Queries
-----------------------------------------  -----  ---------  --------  ----------  --------------  -------------------  ----------------------
/opt/airflow/dags/driven_data_pipeline.py                           1           0  0.22s           2025-11-23T11:17:02                      12
================================================================================
[2025-11-23T11:17:50.606+0000] {manager.py:997} INFO - 
================================================================================
DAG File Processing Stats

File Path                                  PID    Runtime      # DAGs    # Errors  Last Runtime    Last Run               Last # of DB Queries
-----------------------------------------  -----  ---------  --------  ----------  --------------  -------------------  ----------------------
/opt/airflow/dags/driven_data_pipeline.py                           1           0  0.19s           2025-11-23T11:17:32                      12
================================================================================
[2025-11-23T11:18:21.113+0000] {manager.py:997} INFO - 
================================================================================
DAG File Processing Stats

File Path                                  PID    Runtime      # DAGs    # Errors  Last Runtime    Last Run               Last # of DB Queries
-----------------------------------------  -----  ---------  --------  ----------  --------------  -------------------  ----------------------
/opt/airflow/dags/driven_data_pipeline.py                           1           0  0.22s           2025-11-23T11:18:03                      12
================================================================================
[2025-11-23T11:18:35.816+0000] {manager.py:821} INFO - Searching for files in /opt/airflow/dags
[2025-11-23T11:18:35.840+0000] {manager.py:824} INFO - There are 1 files in /opt/airflow/dags
[2025-11-23T11:18:51.561+0000] {manager.py:997} INFO - 
================================================================================
DAG File Processing Stats

File Path                                  PID    Runtime      # DAGs    # Errors  Last Runtime    Last Run               Last # of DB Queries
-----------------------------------------  -----  ---------  --------  ----------  --------------  -------------------  ----------------------
/opt/airflow/dags/driven_data_pipeline.py                           1           0  0.52s           2025-11-23T11:18:33                      12
================================================================================
[2025-11-23T11:22:33.003+0000] {manager.py:483} INFO - Processing files using up to 2 processes at a time 
[2025-11-23T11:22:33.012+0000] {manager.py:484} INFO - Process each file at most once every 30 seconds
[2025-11-23T11:22:33.012+0000] {manager.py:485} INFO - Checking for new files in /opt/airflow/dags every 300 seconds
[2025-11-23T11:22:33.013+0000] {manager.py:821} INFO - Searching for files in /opt/airflow/dags
[2025-11-23T11:22:33.027+0000] {manager.py:824} INFO - There are 1 files in /opt/airflow/dags
[2025-11-23T11:22:33.368+0000] {manager.py:997} INFO - 
================================================================================
DAG File Processing Stats

File Path                                    PID  Runtime      # DAGs    # Errors  Last Runtime    Last Run      Last # of DB Queries
-----------------------------------------  -----  ---------  --------  ----------  --------------  ----------  ----------------------
/opt/airflow/dags/driven_data_pipeline.py     63  0.05s             0           0                                                   0
================================================================================
[2025-11-23T11:23:03.383+0000] {manager.py:997} INFO - 
================================================================================
DAG File Processing Stats

File Path                                  PID    Runtime      # DAGs    # Errors  Last Runtime    Last Run               Last # of DB Queries
-----------------------------------------  -----  ---------  --------  ----------  --------------  -------------------  ----------------------
/opt/airflow/dags/driven_data_pipeline.py                           1           0  0.84s           2025-11-23T11:22:34                      45
================================================================================
[2025-11-23T11:23:33.583+0000] {manager.py:997} INFO - 
================================================================================
DAG File Processing Stats

File Path                                  PID    Runtime      # DAGs    # Errors  Last Runtime    Last Run               Last # of DB Queries
-----------------------------------------  -----  ---------  --------  ----------  --------------  -------------------  ----------------------
/opt/airflow/dags/driven_data_pipeline.py                           1           0  0.72s           2025-11-23T11:23:05                      12
================================================================================
[2025-11-23T11:24:04.506+0000] {manager.py:997} INFO - 
================================================================================
DAG File Processing Stats

File Path                                  PID    Runtime      # DAGs    # Errors  Last Runtime    Last Run               Last # of DB Queries
-----------------------------------------  -----  ---------  --------  ----------  --------------  -------------------  ----------------------
/opt/airflow/dags/driven_data_pipeline.py                           1           0  0.41s           2025-11-23T11:23:36                      12
================================================================================
[2025-11-23T11:24:34.890+0000] {manager.py:997} INFO - 
================================================================================
DAG File Processing Stats

File Path                                  PID    Runtime      # DAGs    # Errors  Last Runtime    Last Run               Last # of DB Queries
-----------------------------------------  -----  ---------  --------  ----------  --------------  -------------------  ----------------------
/opt/airflow/dags/driven_data_pipeline.py                           1           0  0.22s           2025-11-23T11:24:06                      12
================================================================================
[2025-11-23T11:26:12.176+0000] {manager.py:997} INFO - 
================================================================================
DAG File Processing Stats

File Path                                    PID  Runtime      # DAGs    # Errors  Last Runtime    Last Run               Last # of DB Queries
-----------------------------------------  -----  ---------  --------  ----------  --------------  -------------------  ----------------------
/opt/airflow/dags/driven_data_pipeline.py     96  0.19s             1           0  0.18s           2025-11-23T11:24:37                      12
================================================================================
[2025-11-23T11:27:02.032+0000] {manager.py:997} INFO - 
================================================================================
DAG File Processing Stats

File Path                                    PID  Runtime      # DAGs    # Errors  Last Runtime    Last Run               Last # of DB Queries
-----------------------------------------  -----  ---------  --------  ----------  --------------  -------------------  ----------------------
/opt/airflow/dags/driven_data_pipeline.py     96  49.96s            1           0  0.18s           2025-11-23T11:24:37                      12
================================================================================
[2025-11-23T11:28:23.078+0000] {manager.py:821} INFO - Searching for files in /opt/airflow/dags
[2025-11-23T11:28:23.339+0000] {manager.py:824} INFO - There are 1 files in /opt/airflow/dags
[2025-11-23T11:28:23.543+0000] {manager.py:1366} ERROR - Processor for /opt/airflow/dags/driven_data_pipeline.py with PID 96 started at 2025-11-23T11:26:11.905374+00:00 has timed out, killing it.
[2025-11-23T11:28:23.567+0000] {manager.py:997} INFO - 
================================================================================
DAG File Processing Stats

File Path                                  PID    Runtime      # DAGs    # Errors  Last Runtime    Last Run               Last # of DB Queries
-----------------------------------------  -----  ---------  --------  ----------  --------------  -------------------  ----------------------
/opt/airflow/dags/driven_data_pipeline.py                           0           1  131.64s         2025-11-23T11:28:23                       0
================================================================================
[2025-11-23T11:29:45.405+0000] {manager.py:997} INFO - 
================================================================================
DAG File Processing Stats

File Path                                    PID  Runtime      # DAGs    # Errors  Last Runtime    Last Run               Last # of DB Queries
-----------------------------------------  -----  ---------  --------  ----------  --------------  -------------------  ----------------------
/opt/airflow/dags/driven_data_pipeline.py     97  2.16s             0           1  131.64s         2025-11-23T11:28:23                       0
================================================================================
[2025-11-23T11:30:57.095+0000] {manager.py:1366} ERROR - Processor for /opt/airflow/dags/driven_data_pipeline.py with PID 97 started at 2025-11-23T11:29:10.902521+00:00 has timed out, killing it.
[2025-11-23T11:31:00.927+0000] {manager.py:997} INFO - 
================================================================================
DAG File Processing Stats

File Path                                  PID    Runtime      # DAGs    # Errors  Last Runtime    Last Run               Last # of DB Queries
-----------------------------------------  -----  ---------  --------  ----------  --------------  -------------------  ----------------------
/opt/airflow/dags/driven_data_pipeline.py                           0           1  106.19s         2025-11-23T11:30:57                       0
================================================================================
[2025-11-23T11:32:54.833+0000] {manager.py:997} INFO - 
================================================================================
DAG File Processing Stats

File Path                                    PID  Runtime      # DAGs    # Errors  Last Runtime    Last Run               Last # of DB Queries
-----------------------------------------  -----  ---------  --------  ----------  --------------  -------------------  ----------------------
/opt/airflow/dags/driven_data_pipeline.py     98  12.83s            0           1  106.19s         2025-11-23T11:30:57                       0
================================================================================
[2025-11-23T11:33:41.368+0000] {manager.py:821} INFO - Searching for files in /opt/airflow/dags
[2025-11-23T11:33:46.632+0000] {manager.py:824} INFO - There are 1 files in /opt/airflow/dags
[2025-11-23T11:34:43.727+0000] {manager.py:1366} ERROR - Processor for /opt/airflow/dags/driven_data_pipeline.py with PID 98 started at 2025-11-23T11:32:23.776543+00:00 has timed out, killing it.
[2025-11-23T11:34:43.898+0000] {manager.py:997} INFO - 
================================================================================
DAG File Processing Stats

File Path                                  PID    Runtime      # DAGs    # Errors  Last Runtime    Last Run               Last # of DB Queries
-----------------------------------------  -----  ---------  --------  ----------  --------------  -------------------  ----------------------
/opt/airflow/dags/driven_data_pipeline.py                           0           1  139.95s         2025-11-23T11:34:43                       0
================================================================================
[2025-11-23T11:34:46.349+0000] {manager.py:465} INFO - Exiting gracefully upon receiving signal 15
[2025-11-23T11:40:29.858+0000] {manager.py:483} INFO - Processing files using up to 2 processes at a time 
[2025-11-23T11:40:29.866+0000] {manager.py:484} INFO - Process each file at most once every 30 seconds
[2025-11-23T11:40:29.867+0000] {manager.py:485} INFO - Checking for new files in /opt/airflow/dags every 300 seconds
[2025-11-23T11:40:29.871+0000] {manager.py:821} INFO - Searching for files in /opt/airflow/dags
[2025-11-23T11:40:29.895+0000] {manager.py:824} INFO - There are 1 files in /opt/airflow/dags
[2025-11-23T11:40:30.187+0000] {manager.py:997} INFO - 
================================================================================
DAG File Processing Stats

File Path                                    PID  Runtime      # DAGs    # Errors  Last Runtime    Last Run      Last # of DB Queries
-----------------------------------------  -----  ---------  --------  ----------  --------------  ----------  ----------------------
/opt/airflow/dags/driven_data_pipeline.py     66  0.03s             0           0                                                   0
================================================================================
[2025-11-23T11:41:00.448+0000] {manager.py:997} INFO - 
================================================================================
DAG File Processing Stats

File Path                                  PID    Runtime      # DAGs    # Errors  Last Runtime    Last Run               Last # of DB Queries
-----------------------------------------  -----  ---------  --------  ----------  --------------  -------------------  ----------------------
/opt/airflow/dags/driven_data_pipeline.py                           1           0  3.02s           2025-11-23T11:40:33                      45
================================================================================
[2025-11-23T11:41:30.502+0000] {manager.py:997} INFO - 
================================================================================
DAG File Processing Stats

File Path                                  PID    Runtime      # DAGs    # Errors  Last Runtime    Last Run               Last # of DB Queries
-----------------------------------------  -----  ---------  --------  ----------  --------------  -------------------  ----------------------
/opt/airflow/dags/driven_data_pipeline.py                           1           0  3.73s           2025-11-23T11:41:07                      12
================================================================================
[2025-11-23T11:42:00.903+0000] {manager.py:997} INFO - 
================================================================================
DAG File Processing Stats

File Path                                  PID    Runtime      # DAGs    # Errors  Last Runtime    Last Run               Last # of DB Queries
-----------------------------------------  -----  ---------  --------  ----------  --------------  -------------------  ----------------------
/opt/airflow/dags/driven_data_pipeline.py                           1           0  1.05s           2025-11-23T11:41:38                      12
================================================================================
[2025-11-23T11:42:31.528+0000] {manager.py:997} INFO - 
================================================================================
DAG File Processing Stats

File Path                                  PID    Runtime      # DAGs    # Errors  Last Runtime    Last Run               Last # of DB Queries
-----------------------------------------  -----  ---------  --------  ----------  --------------  -------------------  ----------------------
/opt/airflow/dags/driven_data_pipeline.py                           1           0  1.31s           2025-11-23T11:42:10                      12
================================================================================
[2025-11-23T11:44:12.942+0000] {manager.py:1366} ERROR - Processor for /opt/airflow/dags/driven_data_pipeline.py with PID 102 started at 2025-11-23T11:42:46.729358+00:00 has timed out, killing it.
[2025-11-23T11:44:13.286+0000] {manager.py:997} INFO - 
================================================================================
DAG File Processing Stats

File Path                                  PID    Runtime      # DAGs    # Errors  Last Runtime    Last Run               Last # of DB Queries
-----------------------------------------  -----  ---------  --------  ----------  --------------  -------------------  ----------------------
/opt/airflow/dags/driven_data_pipeline.py                           0           1  86.19s          2025-11-23T11:44:12                       0
================================================================================
[2025-11-23T11:45:51.961+0000] {manager.py:997} INFO - 
================================================================================
DAG File Processing Stats

File Path                                    PID  Runtime      # DAGs    # Errors  Last Runtime    Last Run               Last # of DB Queries
-----------------------------------------  -----  ---------  --------  ----------  --------------  -------------------  ----------------------
/opt/airflow/dags/driven_data_pipeline.py    103  0.02s             0           1  86.19s          2025-11-23T11:44:12                       0
================================================================================
[2025-11-23T11:45:52.348+0000] {manager.py:821} INFO - Searching for files in /opt/airflow/dags
[2025-11-23T11:45:52.428+0000] {manager.py:824} INFO - There are 1 files in /opt/airflow/dags
[2025-11-23T11:46:25.968+0000] {manager.py:997} INFO - 
================================================================================
DAG File Processing Stats

File Path                                    PID  Runtime      # DAGs    # Errors  Last Runtime    Last Run               Last # of DB Queries
-----------------------------------------  -----  ---------  --------  ----------  --------------  -------------------  ----------------------
/opt/airflow/dags/driven_data_pipeline.py    110  0.00s             1           0  3.81s           2025-11-23T11:45:55                      34
================================================================================
[2025-11-23T11:46:56.109+0000] {manager.py:997} INFO - 
================================================================================
DAG File Processing Stats

File Path                                  PID    Runtime      # DAGs    # Errors  Last Runtime    Last Run               Last # of DB Queries
-----------------------------------------  -----  ---------  --------  ----------  --------------  -------------------  ----------------------
/opt/airflow/dags/driven_data_pipeline.py                           1           0  0.83s           2025-11-23T11:46:26                      12
================================================================================
[2025-11-23T11:47:26.741+0000] {manager.py:997} INFO - 
================================================================================
DAG File Processing Stats

File Path                                  PID    Runtime      # DAGs    # Errors  Last Runtime    Last Run               Last # of DB Queries
-----------------------------------------  -----  ---------  --------  ----------  --------------  -------------------  ----------------------
/opt/airflow/dags/driven_data_pipeline.py                           1           0  0.81s           2025-11-23T11:46:57                      12
================================================================================
[2025-11-23T11:47:56.904+0000] {manager.py:997} INFO - 
================================================================================
DAG File Processing Stats

File Path                                  PID    Runtime      # DAGs    # Errors  Last Runtime    Last Run               Last # of DB Queries
-----------------------------------------  -----  ---------  --------  ----------  --------------  -------------------  ----------------------
/opt/airflow/dags/driven_data_pipeline.py                           1           0  0.84s           2025-11-23T11:47:29                      12
================================================================================
[2025-11-23T11:48:26.944+0000] {manager.py:997} INFO - 
================================================================================
DAG File Processing Stats

File Path                                  PID    Runtime      # DAGs    # Errors  Last Runtime    Last Run               Last # of DB Queries
-----------------------------------------  -----  ---------  --------  ----------  --------------  -------------------  ----------------------
/opt/airflow/dags/driven_data_pipeline.py                           1           0  0.67s           2025-11-23T11:48:00                      12
================================================================================
[2025-11-23T11:48:57.506+0000] {manager.py:997} INFO - 
================================================================================
DAG File Processing Stats

File Path                                  PID    Runtime      # DAGs    # Errors  Last Runtime    Last Run               Last # of DB Queries
-----------------------------------------  -----  ---------  --------  ----------  --------------  -------------------  ----------------------
/opt/airflow/dags/driven_data_pipeline.py                           1           0  0.54s           2025-11-23T11:48:31                      12
================================================================================
[2025-11-23T11:49:27.653+0000] {manager.py:997} INFO - 
================================================================================
DAG File Processing Stats

File Path                                  PID    Runtime      # DAGs    # Errors  Last Runtime    Last Run               Last # of DB Queries
-----------------------------------------  -----  ---------  --------  ----------  --------------  -------------------  ----------------------
/opt/airflow/dags/driven_data_pipeline.py                           1           0  0.48s           2025-11-23T11:49:02                      12
================================================================================
[2025-11-23T11:50:42.499+0000] {manager.py:1366} ERROR - Processor for /opt/airflow/dags/driven_data_pipeline.py with PID 158 started at 2025-11-23T11:49:32.490421+00:00 has timed out, killing it.
[2025-11-23T11:50:51.121+0000] {manager.py:997} INFO - 
================================================================================
DAG File Processing Stats

File Path                                  PID    Runtime      # DAGs    # Errors  Last Runtime    Last Run               Last # of DB Queries
-----------------------------------------  -----  ---------  --------  ----------  --------------  -------------------  ----------------------
/opt/airflow/dags/driven_data_pipeline.py                           0           1  68.72s          2025-11-23T11:50:41                       0
================================================================================
[2025-11-23T11:50:59.143+0000] {manager.py:821} INFO - Searching for files in /opt/airflow/dags
[2025-11-23T11:50:59.536+0000] {manager.py:824} INFO - There are 1 files in /opt/airflow/dags
[2025-11-23T11:51:11.141+0000] {manager.py:997} INFO - 
================================================================================
DAG File Processing Stats

File Path                                  PID    Runtime      # DAGs    # Errors  Last Runtime    Last Run               Last # of DB Queries
-----------------------------------------  -----  ---------  --------  ----------  --------------  -------------------  ----------------------
/opt/airflow/dags/driven_data_pipeline.py                           0           1  68.72s          2025-11-23T11:50:41                       0
================================================================================
[2025-11-23T11:53:12.383+0000] {manager.py:997} INFO - 
================================================================================
DAG File Processing Stats

File Path                                    PID  Runtime      # DAGs    # Errors  Last Runtime    Last Run               Last # of DB Queries
-----------------------------------------  -----  ---------  --------  ----------  --------------  -------------------  ----------------------
/opt/airflow/dags/driven_data_pipeline.py    160  0.34s             0           1  68.72s          2025-11-23T11:50:41                       0
================================================================================
[2025-11-23T11:53:42.101+0000] {manager.py:997} INFO - 
================================================================================
DAG File Processing Stats

File Path                                  PID    Runtime      # DAGs    # Errors  Last Runtime    Last Run               Last # of DB Queries
-----------------------------------------  -----  ---------  --------  ----------  --------------  -------------------  ----------------------
/opt/airflow/dags/driven_data_pipeline.py                           1           0  21.36s          2025-11-23T11:53:32                      34
================================================================================
[2025-11-23T11:54:16.596+0000] {manager.py:997} INFO - 
================================================================================
DAG File Processing Stats

File Path                                  PID    Runtime      # DAGs    # Errors  Last Runtime    Last Run               Last # of DB Queries
-----------------------------------------  -----  ---------  --------  ----------  --------------  -------------------  ----------------------
/opt/airflow/dags/driven_data_pipeline.py                           1           0  0.45s           2025-11-23T11:54:03                      12
================================================================================
[2025-11-23T11:54:46.814+0000] {manager.py:997} INFO - 
================================================================================
DAG File Processing Stats

File Path                                  PID    Runtime      # DAGs    # Errors  Last Runtime    Last Run               Last # of DB Queries
-----------------------------------------  -----  ---------  --------  ----------  --------------  -------------------  ----------------------
/opt/airflow/dags/driven_data_pipeline.py                           1           0  0.44s           2025-11-23T11:54:34                      12
================================================================================
[2025-11-23T11:55:17.685+0000] {manager.py:997} INFO - 
================================================================================
DAG File Processing Stats

File Path                                  PID    Runtime      # DAGs    # Errors  Last Runtime    Last Run               Last # of DB Queries
-----------------------------------------  -----  ---------  --------  ----------  --------------  -------------------  ----------------------
/opt/airflow/dags/driven_data_pipeline.py                           1           0  0.63s           2025-11-23T11:55:05                      12
================================================================================
[2025-11-23T11:55:48.052+0000] {manager.py:997} INFO - 
================================================================================
DAG File Processing Stats

File Path                                  PID    Runtime      # DAGs    # Errors  Last Runtime    Last Run               Last # of DB Queries
-----------------------------------------  -----  ---------  --------  ----------  --------------  -------------------  ----------------------
/opt/airflow/dags/driven_data_pipeline.py                           1           0  0.66s           2025-11-23T11:55:36                      12
================================================================================
[2025-11-23T11:55:59.164+0000] {manager.py:821} INFO - Searching for files in /opt/airflow/dags
[2025-11-23T11:55:59.177+0000] {manager.py:824} INFO - There are 1 files in /opt/airflow/dags
[2025-11-23T11:56:18.413+0000] {manager.py:997} INFO - 
================================================================================
DAG File Processing Stats

File Path                                  PID    Runtime      # DAGs    # Errors  Last Runtime    Last Run               Last # of DB Queries
-----------------------------------------  -----  ---------  --------  ----------  --------------  -------------------  ----------------------
/opt/airflow/dags/driven_data_pipeline.py                           1           0  0.55s           2025-11-23T11:56:07                      12
================================================================================
[2025-11-23T11:56:48.729+0000] {manager.py:997} INFO - 
================================================================================
DAG File Processing Stats

File Path                                  PID    Runtime      # DAGs    # Errors  Last Runtime    Last Run               Last # of DB Queries
-----------------------------------------  -----  ---------  --------  ----------  --------------  -------------------  ----------------------
/opt/airflow/dags/driven_data_pipeline.py                           1           0  0.46s           2025-11-23T11:56:38                      12
================================================================================
[2025-11-23T11:57:19.066+0000] {manager.py:997} INFO - 
================================================================================
DAG File Processing Stats

File Path                                  PID    Runtime      # DAGs    # Errors  Last Runtime    Last Run               Last # of DB Queries
-----------------------------------------  -----  ---------  --------  ----------  --------------  -------------------  ----------------------
/opt/airflow/dags/driven_data_pipeline.py                           1           0  0.45s           2025-11-23T11:57:09                      12
================================================================================
[2025-11-23T11:57:49.260+0000] {manager.py:997} INFO - 
================================================================================
DAG File Processing Stats

File Path                                  PID    Runtime      # DAGs    # Errors  Last Runtime    Last Run               Last # of DB Queries
-----------------------------------------  -----  ---------  --------  ----------  --------------  -------------------  ----------------------
/opt/airflow/dags/driven_data_pipeline.py                           1           0  0.43s           2025-11-23T11:57:40                      12
================================================================================
[2025-11-23T11:58:19.562+0000] {manager.py:997} INFO - 
================================================================================
DAG File Processing Stats

File Path                                  PID    Runtime      # DAGs    # Errors  Last Runtime    Last Run               Last # of DB Queries
-----------------------------------------  -----  ---------  --------  ----------  --------------  -------------------  ----------------------
/opt/airflow/dags/driven_data_pipeline.py                           1           0  0.42s           2025-11-23T11:58:10                      12
================================================================================
[2025-11-23T12:00:30.619+0000] {manager.py:1366} ERROR - Processor for /opt/airflow/dags/driven_data_pipeline.py with PID 240 started at 2025-11-23T11:58:48.801427+00:00 has timed out, killing it.
[2025-11-23T12:00:30.877+0000] {manager.py:997} INFO - 
================================================================================
DAG File Processing Stats

File Path                                  PID    Runtime      # DAGs    # Errors  Last Runtime    Last Run               Last # of DB Queries
-----------------------------------------  -----  ---------  --------  ----------  --------------  -------------------  ----------------------
/opt/airflow/dags/driven_data_pipeline.py                           0           1  101.80s         2025-11-23T12:00:30                       0
================================================================================
[2025-11-23T12:00:59.434+0000] {manager.py:821} INFO - Searching for files in /opt/airflow/dags
[2025-11-23T12:00:59.451+0000] {manager.py:824} INFO - There are 1 files in /opt/airflow/dags
[2025-11-23T12:01:01.507+0000] {manager.py:997} INFO - 
================================================================================
DAG File Processing Stats

File Path                                    PID  Runtime      # DAGs    # Errors  Last Runtime    Last Run               Last # of DB Queries
-----------------------------------------  -----  ---------  --------  ----------  --------------  -------------------  ----------------------
/opt/airflow/dags/driven_data_pipeline.py    247  0.01s             0           1  101.80s         2025-11-23T12:00:30                       0
================================================================================
[2025-11-23T12:01:52.172+0000] {manager.py:997} INFO - 
================================================================================
DAG File Processing Stats

File Path                                  PID    Runtime      # DAGs    # Errors  Last Runtime    Last Run               Last # of DB Queries
-----------------------------------------  -----  ---------  --------  ----------  --------------  -------------------  ----------------------
/opt/airflow/dags/driven_data_pipeline.py                           1           0  1.06s           2025-11-23T12:01:02                      34
================================================================================
[2025-11-23T12:02:55.398+0000] {manager.py:997} INFO - 
================================================================================
DAG File Processing Stats

File Path                                    PID  Runtime      # DAGs    # Errors  Last Runtime    Last Run               Last # of DB Queries
-----------------------------------------  -----  ---------  --------  ----------  --------------  -------------------  ----------------------
/opt/airflow/dags/driven_data_pipeline.py    263  0.52s             1           0  2.29s           2025-11-23T12:02:01                      12
================================================================================
[2025-11-23T12:03:41.537+0000] {manager.py:1366} ERROR - Processor for /opt/airflow/dags/driven_data_pipeline.py with PID 263 started at 2025-11-23T12:02:40.880840+00:00 has timed out, killing it.
[2025-11-23T12:04:11.270+0000] {manager.py:997} INFO - 
================================================================================
DAG File Processing Stats

File Path                                  PID    Runtime      # DAGs    # Errors  Last Runtime    Last Run               Last # of DB Queries
-----------------------------------------  -----  ---------  --------  ----------  --------------  -------------------  ----------------------
/opt/airflow/dags/driven_data_pipeline.py                           0           1  60.65s          2025-11-23T12:03:41                       0
================================================================================
[2025-11-23T12:04:41.802+0000] {manager.py:997} INFO - 
================================================================================
DAG File Processing Stats

File Path                                  PID    Runtime      # DAGs    # Errors  Last Runtime    Last Run               Last # of DB Queries
-----------------------------------------  -----  ---------  --------  ----------  --------------  -------------------  ----------------------
/opt/airflow/dags/driven_data_pipeline.py                           1           0  0.79s           2025-11-23T12:04:12                      12
================================================================================
[2025-11-23T12:05:11.837+0000] {manager.py:997} INFO - 
================================================================================
DAG File Processing Stats

File Path                                  PID    Runtime      # DAGs    # Errors  Last Runtime    Last Run               Last # of DB Queries
-----------------------------------------  -----  ---------  --------  ----------  --------------  -------------------  ----------------------
/opt/airflow/dags/driven_data_pipeline.py                           1           0  0.43s           2025-11-23T12:04:43                      12
================================================================================
[2025-11-23T12:05:42.684+0000] {manager.py:997} INFO - 
================================================================================
DAG File Processing Stats

File Path                                  PID    Runtime      # DAGs    # Errors  Last Runtime    Last Run               Last # of DB Queries
-----------------------------------------  -----  ---------  --------  ----------  --------------  -------------------  ----------------------
/opt/airflow/dags/driven_data_pipeline.py                           1           0  0.50s           2025-11-23T12:05:14                      12
================================================================================
[2025-11-23T12:05:59.897+0000] {manager.py:821} INFO - Searching for files in /opt/airflow/dags
[2025-11-23T12:05:59.925+0000] {manager.py:824} INFO - There are 1 files in /opt/airflow/dags
[2025-11-23T12:06:13.131+0000] {manager.py:997} INFO - 
================================================================================
DAG File Processing Stats

File Path                                  PID    Runtime      # DAGs    # Errors  Last Runtime    Last Run               Last # of DB Queries
-----------------------------------------  -----  ---------  --------  ----------  --------------  -------------------  ----------------------
/opt/airflow/dags/driven_data_pipeline.py                           1           0  0.43s           2025-11-23T12:05:45                      12
================================================================================
[2025-11-23T12:06:43.383+0000] {manager.py:997} INFO - 
================================================================================
DAG File Processing Stats

File Path                                  PID    Runtime      # DAGs    # Errors  Last Runtime    Last Run               Last # of DB Queries
-----------------------------------------  -----  ---------  --------  ----------  --------------  -------------------  ----------------------
/opt/airflow/dags/driven_data_pipeline.py                           1           0  0.46s           2025-11-23T12:06:16                      12
================================================================================
[2025-11-23T12:07:13.797+0000] {manager.py:997} INFO - 
================================================================================
DAG File Processing Stats

File Path                                  PID    Runtime      # DAGs    # Errors  Last Runtime    Last Run               Last # of DB Queries
-----------------------------------------  -----  ---------  --------  ----------  --------------  -------------------  ----------------------
/opt/airflow/dags/driven_data_pipeline.py                           1           0  0.69s           2025-11-23T12:06:46                      12
================================================================================
[2025-11-23T12:07:44.132+0000] {manager.py:997} INFO - 
================================================================================
DAG File Processing Stats

File Path                                  PID    Runtime      # DAGs    # Errors  Last Runtime    Last Run               Last # of DB Queries
-----------------------------------------  -----  ---------  --------  ----------  --------------  -------------------  ----------------------
/opt/airflow/dags/driven_data_pipeline.py                           1           0  0.49s           2025-11-23T12:07:17                      12
================================================================================
[2025-11-23T12:08:14.230+0000] {manager.py:997} INFO - 
================================================================================
DAG File Processing Stats

File Path                                  PID    Runtime      # DAGs    # Errors  Last Runtime    Last Run               Last # of DB Queries
-----------------------------------------  -----  ---------  --------  ----------  --------------  -------------------  ----------------------
/opt/airflow/dags/driven_data_pipeline.py                           1           0  0.46s           2025-11-23T12:07:48                      12
================================================================================
[2025-11-23T12:08:44.767+0000] {manager.py:997} INFO - 
================================================================================
DAG File Processing Stats

File Path                                  PID    Runtime      # DAGs    # Errors  Last Runtime    Last Run               Last # of DB Queries
-----------------------------------------  -----  ---------  --------  ----------  --------------  -------------------  ----------------------
/opt/airflow/dags/driven_data_pipeline.py                           1           0  0.43s           2025-11-23T12:08:19                      12
================================================================================
[2025-11-23T12:09:15.484+0000] {manager.py:997} INFO - 
================================================================================
DAG File Processing Stats

File Path                                  PID    Runtime      # DAGs    # Errors  Last Runtime    Last Run               Last # of DB Queries
-----------------------------------------  -----  ---------  --------  ----------  --------------  -------------------  ----------------------
/opt/airflow/dags/driven_data_pipeline.py                           1           0  0.47s           2025-11-23T12:08:50                      12
================================================================================
[2025-11-23T12:09:45.910+0000] {manager.py:997} INFO - 
================================================================================
DAG File Processing Stats

File Path                                  PID    Runtime      # DAGs    # Errors  Last Runtime    Last Run               Last # of DB Queries
-----------------------------------------  -----  ---------  --------  ----------  --------------  -------------------  ----------------------
/opt/airflow/dags/driven_data_pipeline.py                           1           0  0.50s           2025-11-23T12:09:21                      12
================================================================================
[2025-11-23T12:10:16.100+0000] {manager.py:997} INFO - 
================================================================================
DAG File Processing Stats

File Path                                  PID    Runtime      # DAGs    # Errors  Last Runtime    Last Run               Last # of DB Queries
-----------------------------------------  -----  ---------  --------  ----------  --------------  -------------------  ----------------------
/opt/airflow/dags/driven_data_pipeline.py                           1           0  0.43s           2025-11-23T12:09:51                      12
================================================================================
[2025-11-23T12:12:12.820+0000] {manager.py:483} INFO - Processing files using up to 2 processes at a time 
[2025-11-23T12:12:12.825+0000] {manager.py:484} INFO - Process each file at most once every 30 seconds
[2025-11-23T12:12:12.826+0000] {manager.py:485} INFO - Checking for new files in /opt/airflow/dags every 300 seconds
[2025-11-23T12:12:12.827+0000] {manager.py:821} INFO - Searching for files in /opt/airflow/dags
[2025-11-23T12:12:12.846+0000] {manager.py:824} INFO - There are 1 files in /opt/airflow/dags
[2025-11-23T12:12:13.256+0000] {manager.py:997} INFO - 
================================================================================
DAG File Processing Stats

File Path                                    PID  Runtime      # DAGs    # Errors  Last Runtime    Last Run      Last # of DB Queries
-----------------------------------------  -----  ---------  --------  ----------  --------------  ----------  ----------------------
/opt/airflow/dags/driven_data_pipeline.py    368  0.05s             0           0                                                   0
================================================================================
[2025-11-23T12:12:51.916+0000] {manager.py:997} INFO - 
================================================================================
DAG File Processing Stats

File Path                                  PID    Runtime      # DAGs    # Errors  Last Runtime    Last Run               Last # of DB Queries
-----------------------------------------  -----  ---------  --------  ----------  --------------  -------------------  ----------------------
/opt/airflow/dags/driven_data_pipeline.py                           1           0  0.38s           2025-11-23T12:12:45                      12
================================================================================
[2025-11-23T12:13:22.021+0000] {manager.py:997} INFO - 
================================================================================
DAG File Processing Stats

File Path                                  PID    Runtime      # DAGs    # Errors  Last Runtime    Last Run               Last # of DB Queries
-----------------------------------------  -----  ---------  --------  ----------  --------------  -------------------  ----------------------
/opt/airflow/dags/driven_data_pipeline.py                           1           0  0.40s           2025-11-23T12:13:15                      12
================================================================================
[2025-11-23T12:13:52.370+0000] {manager.py:997} INFO - 
================================================================================
DAG File Processing Stats

File Path                                  PID    Runtime      # DAGs    # Errors  Last Runtime    Last Run               Last # of DB Queries
-----------------------------------------  -----  ---------  --------  ----------  --------------  -------------------  ----------------------
/opt/airflow/dags/driven_data_pipeline.py                           1           0  0.44s           2025-11-23T12:13:46                      12
================================================================================
[2025-11-23T12:14:22.754+0000] {manager.py:997} INFO - 
================================================================================
DAG File Processing Stats

File Path                                  PID    Runtime      # DAGs    # Errors  Last Runtime    Last Run               Last # of DB Queries
-----------------------------------------  -----  ---------  --------  ----------  --------------  -------------------  ----------------------
/opt/airflow/dags/driven_data_pipeline.py                           1           0  0.48s           2025-11-23T12:14:17                      12
================================================================================
[2025-11-23T12:14:52.903+0000] {manager.py:997} INFO - 
================================================================================
DAG File Processing Stats

File Path                                  PID    Runtime      # DAGs    # Errors  Last Runtime    Last Run               Last # of DB Queries
-----------------------------------------  -----  ---------  --------  ----------  --------------  -------------------  ----------------------
/opt/airflow/dags/driven_data_pipeline.py                           1           0  0.44s           2025-11-23T12:14:47                      12
================================================================================
[2025-11-23T12:15:23.184+0000] {manager.py:997} INFO - 
================================================================================
DAG File Processing Stats

File Path                                  PID    Runtime      # DAGs    # Errors  Last Runtime    Last Run               Last # of DB Queries
-----------------------------------------  -----  ---------  --------  ----------  --------------  -------------------  ----------------------
/opt/airflow/dags/driven_data_pipeline.py                           1           0  0.46s           2025-11-23T12:15:18                      12
================================================================================
[2025-11-23T12:15:53.454+0000] {manager.py:997} INFO - 
================================================================================
DAG File Processing Stats

File Path                                  PID    Runtime      # DAGs    # Errors  Last Runtime    Last Run               Last # of DB Queries
-----------------------------------------  -----  ---------  --------  ----------  --------------  -------------------  ----------------------
/opt/airflow/dags/driven_data_pipeline.py                           1           0  0.50s           2025-11-23T12:15:49                      12
================================================================================
[2025-11-23T12:16:23.951+0000] {manager.py:997} INFO - 
================================================================================
DAG File Processing Stats

File Path                                  PID    Runtime      # DAGs    # Errors  Last Runtime    Last Run               Last # of DB Queries
-----------------------------------------  -----  ---------  --------  ----------  --------------  -------------------  ----------------------
/opt/airflow/dags/driven_data_pipeline.py                           1           0  0.49s           2025-11-23T12:16:20                      12
================================================================================
[2025-11-23T12:16:54.062+0000] {manager.py:997} INFO - 
================================================================================
DAG File Processing Stats

File Path                                  PID    Runtime      # DAGs    # Errors  Last Runtime    Last Run               Last # of DB Queries
-----------------------------------------  -----  ---------  --------  ----------  --------------  -------------------  ----------------------
/opt/airflow/dags/driven_data_pipeline.py                           1           0  0.46s           2025-11-23T12:16:51                      12
================================================================================
[2025-11-23T12:17:13.242+0000] {manager.py:821} INFO - Searching for files in /opt/airflow/dags
[2025-11-23T12:17:13.257+0000] {manager.py:824} INFO - There are 1 files in /opt/airflow/dags
[2025-11-23T12:17:24.878+0000] {manager.py:997} INFO - 
================================================================================
DAG File Processing Stats

File Path                                  PID    Runtime      # DAGs    # Errors  Last Runtime    Last Run               Last # of DB Queries
-----------------------------------------  -----  ---------  --------  ----------  --------------  -------------------  ----------------------
/opt/airflow/dags/driven_data_pipeline.py                           1           0  0.53s           2025-11-23T12:17:21                      12
================================================================================
[2025-11-23T12:17:55.238+0000] {manager.py:997} INFO - 
================================================================================
DAG File Processing Stats

File Path                                  PID    Runtime      # DAGs    # Errors  Last Runtime    Last Run               Last # of DB Queries
-----------------------------------------  -----  ---------  --------  ----------  --------------  -------------------  ----------------------
/opt/airflow/dags/driven_data_pipeline.py                           1           0  0.50s           2025-11-23T12:17:52                      12
================================================================================
[2025-11-23T12:18:25.415+0000] {manager.py:997} INFO - 
================================================================================
DAG File Processing Stats

File Path                                  PID    Runtime      # DAGs    # Errors  Last Runtime    Last Run               Last # of DB Queries
-----------------------------------------  -----  ---------  --------  ----------  --------------  -------------------  ----------------------
/opt/airflow/dags/driven_data_pipeline.py                           1           0  0.41s           2025-11-23T12:18:23                      12
================================================================================
[2025-11-23T12:18:55.700+0000] {manager.py:997} INFO - 
================================================================================
DAG File Processing Stats

File Path                                  PID    Runtime      # DAGs    # Errors  Last Runtime    Last Run               Last # of DB Queries
-----------------------------------------  -----  ---------  --------  ----------  --------------  -------------------  ----------------------
/opt/airflow/dags/driven_data_pipeline.py                           1           0  0.44s           2025-11-23T12:18:54                      12
================================================================================
[2025-11-23T12:19:26.377+0000] {manager.py:997} INFO - 
================================================================================
DAG File Processing Stats

File Path                                  PID    Runtime      # DAGs    # Errors  Last Runtime    Last Run               Last # of DB Queries
-----------------------------------------  -----  ---------  --------  ----------  --------------  -------------------  ----------------------
/opt/airflow/dags/driven_data_pipeline.py                           1           0  0.43s           2025-11-23T12:19:24                      12
================================================================================
[2025-11-24T03:59:26.735+0000] {manager.py:483} INFO - Processing files using up to 2 processes at a time 
[2025-11-24T03:59:26.758+0000] {manager.py:484} INFO - Process each file at most once every 30 seconds
[2025-11-24T03:59:26.758+0000] {manager.py:485} INFO - Checking for new files in /opt/airflow/dags every 300 seconds
[2025-11-24T03:59:26.759+0000] {manager.py:821} INFO - Searching for files in /opt/airflow/dags
[2025-11-24T03:59:26.780+0000] {manager.py:824} INFO - There are 1 files in /opt/airflow/dags
[2025-11-24T03:59:27.067+0000] {manager.py:997} INFO - 
================================================================================
DAG File Processing Stats

File Path                                    PID  Runtime      # DAGs    # Errors  Last Runtime    Last Run      Last # of DB Queries
-----------------------------------------  -----  ---------  --------  ----------  --------------  ----------  ----------------------
/opt/airflow/dags/driven_data_pipeline.py     63  0.08s             0           0                                                   0
================================================================================
[2025-11-24T03:59:57.642+0000] {manager.py:997} INFO - 
================================================================================
DAG File Processing Stats

File Path                                  PID    Runtime      # DAGs    # Errors  Last Runtime    Last Run               Last # of DB Queries
-----------------------------------------  -----  ---------  --------  ----------  --------------  -------------------  ----------------------
/opt/airflow/dags/driven_data_pipeline.py                           1           0  2.58s           2025-11-24T03:59:29                      12
================================================================================
[2025-11-24T04:00:27.795+0000] {manager.py:997} INFO - 
================================================================================
DAG File Processing Stats

File Path                                  PID    Runtime      # DAGs    # Errors  Last Runtime    Last Run               Last # of DB Queries
-----------------------------------------  -----  ---------  --------  ----------  --------------  -------------------  ----------------------
/opt/airflow/dags/driven_data_pipeline.py                           1           0  5.78s           2025-11-24T04:00:05                      12
================================================================================
[2025-11-24T04:00:52.748+0000] {manager.py:465} INFO - Exiting gracefully upon receiving signal 15
[2025-11-24T04:01:55.542+0000] {manager.py:483} INFO - Processing files using up to 2 processes at a time 
[2025-11-24T04:01:55.550+0000] {manager.py:484} INFO - Process each file at most once every 30 seconds
[2025-11-24T04:01:55.550+0000] {manager.py:485} INFO - Checking for new files in /opt/airflow/dags every 300 seconds
[2025-11-24T04:01:55.551+0000] {manager.py:821} INFO - Searching for files in /opt/airflow/dags
[2025-11-24T04:01:55.571+0000] {manager.py:824} INFO - There are 1 files in /opt/airflow/dags
[2025-11-24T04:01:55.835+0000] {manager.py:997} INFO - 
================================================================================
DAG File Processing Stats

File Path                                    PID  Runtime      # DAGs    # Errors  Last Runtime    Last Run      Last # of DB Queries
-----------------------------------------  -----  ---------  --------  ----------  --------------  ----------  ----------------------
/opt/airflow/dags/driven_data_pipeline.py     65  0.04s             0           0                                                   0
================================================================================
[2025-11-24T04:02:26.102+0000] {manager.py:997} INFO - 
================================================================================
DAG File Processing Stats

File Path                                  PID    Runtime      # DAGs    # Errors  Last Runtime    Last Run               Last # of DB Queries
-----------------------------------------  -----  ---------  --------  ----------  --------------  -------------------  ----------------------
/opt/airflow/dags/driven_data_pipeline.py                           1           0  1.46s           2025-11-24T04:01:57                      12
================================================================================
[2025-11-24T04:02:56.832+0000] {manager.py:997} INFO - 
================================================================================
DAG File Processing Stats

File Path                                  PID    Runtime      # DAGs    # Errors  Last Runtime    Last Run               Last # of DB Queries
-----------------------------------------  -----  ---------  --------  ----------  --------------  -------------------  ----------------------
/opt/airflow/dags/driven_data_pipeline.py                           1           0  4.07s           2025-11-24T04:02:31                      12
================================================================================
[2025-11-24T04:03:27.694+0000] {manager.py:997} INFO - 
================================================================================
DAG File Processing Stats

File Path                                  PID    Runtime      # DAGs    # Errors  Last Runtime    Last Run               Last # of DB Queries
-----------------------------------------  -----  ---------  --------  ----------  --------------  -------------------  ----------------------
/opt/airflow/dags/driven_data_pipeline.py                           1           0  0.92s           2025-11-24T04:03:02                      12
================================================================================
[2025-11-24T04:05:07.319+0000] {manager.py:1366} ERROR - Processor for /opt/airflow/dags/driven_data_pipeline.py with PID 88 started at 2025-11-24T04:03:33.189528+00:00 has timed out, killing it.
[2025-11-24T04:05:07.467+0000] {manager.py:997} INFO - 
================================================================================
DAG File Processing Stats

File Path                                  PID    Runtime      # DAGs    # Errors  Last Runtime    Last Run               Last # of DB Queries
-----------------------------------------  -----  ---------  --------  ----------  --------------  -------------------  ----------------------
/opt/airflow/dags/driven_data_pipeline.py                           0           1  94.13s          2025-11-24T04:05:07                       0
================================================================================
[2025-11-24T04:05:37.881+0000] {manager.py:997} INFO - 
================================================================================
DAG File Processing Stats

File Path                                    PID  Runtime      # DAGs    # Errors  Last Runtime    Last Run               Last # of DB Queries
-----------------------------------------  -----  ---------  --------  ----------  --------------  -------------------  ----------------------
/opt/airflow/dags/driven_data_pipeline.py     96  0.01s             0           1  94.13s          2025-11-24T04:05:07                       0
================================================================================
[2025-11-24T04:06:08.267+0000] {manager.py:997} INFO - 
================================================================================
DAG File Processing Stats

File Path                                  PID    Runtime      # DAGs    # Errors  Last Runtime    Last Run               Last # of DB Queries
-----------------------------------------  -----  ---------  --------  ----------  --------------  -------------------  ----------------------
/opt/airflow/dags/driven_data_pipeline.py                           1           0  2.26s           2025-11-24T04:05:40                      34
================================================================================
[2025-11-24T04:06:38.836+0000] {manager.py:997} INFO - 
================================================================================
DAG File Processing Stats

File Path                                  PID    Runtime      # DAGs    # Errors  Last Runtime    Last Run               Last # of DB Queries
-----------------------------------------  -----  ---------  --------  ----------  --------------  -------------------  ----------------------
/opt/airflow/dags/driven_data_pipeline.py                           1           0  0.80s           2025-11-24T04:06:11                      12
================================================================================
[2025-11-24T04:06:55.811+0000] {manager.py:821} INFO - Searching for files in /opt/airflow/dags
[2025-11-24T04:06:55.828+0000] {manager.py:824} INFO - There are 1 files in /opt/airflow/dags
[2025-11-24T04:07:08.971+0000] {manager.py:997} INFO - 
================================================================================
DAG File Processing Stats

File Path                                  PID    Runtime      # DAGs    # Errors  Last Runtime    Last Run               Last # of DB Queries
-----------------------------------------  -----  ---------  --------  ----------  --------------  -------------------  ----------------------
/opt/airflow/dags/driven_data_pipeline.py                           1           0  0.83s           2025-11-24T04:06:42                      12
================================================================================
[2025-11-24T04:07:39.097+0000] {manager.py:997} INFO - 
================================================================================
DAG File Processing Stats

File Path                                  PID    Runtime      # DAGs    # Errors  Last Runtime    Last Run               Last # of DB Queries
-----------------------------------------  -----  ---------  --------  ----------  --------------  -------------------  ----------------------
/opt/airflow/dags/driven_data_pipeline.py                           1           0  0.79s           2025-11-24T04:07:13                      12
================================================================================
[2025-11-24T04:08:09.118+0000] {manager.py:997} INFO - 
================================================================================
DAG File Processing Stats

File Path                                  PID    Runtime      # DAGs    # Errors  Last Runtime    Last Run               Last # of DB Queries
-----------------------------------------  -----  ---------  --------  ----------  --------------  -------------------  ----------------------
/opt/airflow/dags/driven_data_pipeline.py                           1           0  0.84s           2025-11-24T04:07:44                      12
================================================================================
[2025-11-24T04:08:39.408+0000] {manager.py:997} INFO - 
================================================================================
DAG File Processing Stats

File Path                                  PID    Runtime      # DAGs    # Errors  Last Runtime    Last Run               Last # of DB Queries
-----------------------------------------  -----  ---------  --------  ----------  --------------  -------------------  ----------------------
/opt/airflow/dags/driven_data_pipeline.py                           1           0  0.93s           2025-11-24T04:08:16                      12
================================================================================
[2025-11-24T04:09:09.929+0000] {manager.py:997} INFO - 
================================================================================
DAG File Processing Stats

File Path                                  PID    Runtime      # DAGs    # Errors  Last Runtime    Last Run               Last # of DB Queries
-----------------------------------------  -----  ---------  --------  ----------  --------------  -------------------  ----------------------
/opt/airflow/dags/driven_data_pipeline.py                           1           0  1.55s           2025-11-24T04:08:48                      12
================================================================================
[2025-11-24T04:09:39.970+0000] {manager.py:997} INFO - 
================================================================================
DAG File Processing Stats

File Path                                  PID    Runtime      # DAGs    # Errors  Last Runtime    Last Run               Last # of DB Queries
-----------------------------------------  -----  ---------  --------  ----------  --------------  -------------------  ----------------------
/opt/airflow/dags/driven_data_pipeline.py                           1           0  0.96s           2025-11-24T04:09:19                      12
================================================================================
[2025-11-24T04:10:25.229+0000] {manager.py:997} INFO - 
================================================================================
DAG File Processing Stats

File Path                                    PID  Runtime      # DAGs    # Errors  Last Runtime    Last Run               Last # of DB Queries
-----------------------------------------  -----  ---------  --------  ----------  --------------  -------------------  ----------------------
/opt/airflow/dags/driven_data_pipeline.py    160  28.18s            1           0  0.96s           2025-11-24T04:09:19                      12
================================================================================
[2025-11-24T04:11:55.324+0000] {manager.py:1366} ERROR - Processor for /opt/airflow/dags/driven_data_pipeline.py with PID 160 started at 2025-11-24T04:09:50.103666+00:00 has timed out, killing it.
[2025-11-24T04:12:01.862+0000] {manager.py:997} INFO - 
================================================================================
DAG File Processing Stats

File Path                                  PID    Runtime      # DAGs    # Errors  Last Runtime    Last Run               Last # of DB Queries
-----------------------------------------  -----  ---------  --------  ----------  --------------  -------------------  ----------------------
/opt/airflow/dags/driven_data_pipeline.py                           0           1  124.84s         2025-11-24T04:11:54                       0
================================================================================
[2025-11-24T04:12:01.930+0000] {manager.py:821} INFO - Searching for files in /opt/airflow/dags
[2025-11-24T04:12:01.974+0000] {manager.py:824} INFO - There are 1 files in /opt/airflow/dags
[2025-11-24T04:12:35.776+0000] {manager.py:997} INFO - 
================================================================================
DAG File Processing Stats

File Path                                  PID    Runtime      # DAGs    # Errors  Last Runtime    Last Run               Last # of DB Queries
-----------------------------------------  -----  ---------  --------  ----------  --------------  -------------------  ----------------------
/opt/airflow/dags/driven_data_pipeline.py                           1           0  10.18s          2025-11-24T04:12:35                      34
================================================================================
[2025-11-24T04:14:11.731+0000] {manager.py:997} INFO - 
================================================================================
DAG File Processing Stats

File Path                                    PID  Runtime      # DAGs    # Errors  Last Runtime    Last Run               Last # of DB Queries
-----------------------------------------  -----  ---------  --------  ----------  --------------  -------------------  ----------------------
/opt/airflow/dags/driven_data_pipeline.py    170  8.83s             1           0  10.18s          2025-11-24T04:12:35                      34
================================================================================
[2025-11-24T04:14:52.123+0000] {manager.py:997} INFO - 
================================================================================
DAG File Processing Stats

File Path                                    PID  Runtime      # DAGs    # Errors  Last Runtime    Last Run               Last # of DB Queries
-----------------------------------------  -----  ---------  --------  ----------  --------------  -------------------  ----------------------
/opt/airflow/dags/driven_data_pipeline.py    177  0.01s             1           0  26.37s          2025-11-24T04:14:13                      12
================================================================================
[2025-11-24T04:15:22.285+0000] {manager.py:997} INFO - 
================================================================================
DAG File Processing Stats

File Path                                  PID    Runtime      # DAGs    # Errors  Last Runtime    Last Run               Last # of DB Queries
-----------------------------------------  -----  ---------  --------  ----------  --------------  -------------------  ----------------------
/opt/airflow/dags/driven_data_pipeline.py                           1           0  0.87s           2025-11-24T04:14:52                      12
================================================================================
[2025-11-24T04:15:52.404+0000] {manager.py:997} INFO - 
================================================================================
DAG File Processing Stats

File Path                                  PID    Runtime      # DAGs    # Errors  Last Runtime    Last Run               Last # of DB Queries
-----------------------------------------  -----  ---------  --------  ----------  --------------  -------------------  ----------------------
/opt/airflow/dags/driven_data_pipeline.py                           1           0  0.82s           2025-11-24T04:15:24                      12
================================================================================
[2025-11-24T04:16:22.472+0000] {manager.py:997} INFO - 
================================================================================
DAG File Processing Stats

File Path                                  PID    Runtime      # DAGs    # Errors  Last Runtime    Last Run               Last # of DB Queries
-----------------------------------------  -----  ---------  --------  ----------  --------------  -------------------  ----------------------
/opt/airflow/dags/driven_data_pipeline.py                           1           0  0.77s           2025-11-24T04:15:55                      12
================================================================================
[2025-11-24T04:16:52.822+0000] {manager.py:997} INFO - 
================================================================================
DAG File Processing Stats

File Path                                  PID    Runtime      # DAGs    # Errors  Last Runtime    Last Run               Last # of DB Queries
-----------------------------------------  -----  ---------  --------  ----------  --------------  -------------------  ----------------------
/opt/airflow/dags/driven_data_pipeline.py                           1           0  0.73s           2025-11-24T04:16:26                      12
================================================================================
[2025-11-24T04:17:02.502+0000] {manager.py:821} INFO - Searching for files in /opt/airflow/dags
[2025-11-24T04:17:02.516+0000] {manager.py:824} INFO - There are 1 files in /opt/airflow/dags
[2025-11-24T04:17:22.977+0000] {manager.py:997} INFO - 
================================================================================
DAG File Processing Stats

File Path                                  PID    Runtime      # DAGs    # Errors  Last Runtime    Last Run               Last # of DB Queries
-----------------------------------------  -----  ---------  --------  ----------  --------------  -------------------  ----------------------
/opt/airflow/dags/driven_data_pipeline.py                           1           0  0.59s           2025-11-24T04:16:57                      12
================================================================================
[2025-11-24T04:17:53.986+0000] {manager.py:997} INFO - 
================================================================================
DAG File Processing Stats

File Path                                  PID    Runtime      # DAGs    # Errors  Last Runtime    Last Run               Last # of DB Queries
-----------------------------------------  -----  ---------  --------  ----------  --------------  -------------------  ----------------------
/opt/airflow/dags/driven_data_pipeline.py                           1           0  1.08s           2025-11-24T04:17:29                      12
================================================================================
[2025-11-24T04:18:24.671+0000] {manager.py:997} INFO - 
================================================================================
DAG File Processing Stats

File Path                                  PID    Runtime      # DAGs    # Errors  Last Runtime    Last Run               Last # of DB Queries
-----------------------------------------  -----  ---------  --------  ----------  --------------  -------------------  ----------------------
/opt/airflow/dags/driven_data_pipeline.py                           1           0  0.79s           2025-11-24T04:18:00                      12
================================================================================
[2025-11-24T04:18:55.419+0000] {manager.py:997} INFO - 
================================================================================
DAG File Processing Stats

File Path                                  PID    Runtime      # DAGs    # Errors  Last Runtime    Last Run               Last # of DB Queries
-----------------------------------------  -----  ---------  --------  ----------  --------------  -------------------  ----------------------
/opt/airflow/dags/driven_data_pipeline.py                           1           0  0.59s           2025-11-24T04:18:31                      12
================================================================================
[2025-11-24T04:19:25.644+0000] {manager.py:997} INFO - 
================================================================================
DAG File Processing Stats

File Path                                  PID    Runtime      # DAGs    # Errors  Last Runtime    Last Run               Last # of DB Queries
-----------------------------------------  -----  ---------  --------  ----------  --------------  -------------------  ----------------------
/opt/airflow/dags/driven_data_pipeline.py                           1           0  0.68s           2025-11-24T04:19:02                      12
================================================================================
[2025-11-24T04:20:42.622+0000] {manager.py:1366} ERROR - Processor for /opt/airflow/dags/driven_data_pipeline.py with PID 248 started at 2025-11-24T04:19:33.942856+00:00 has timed out, killing it.
[2025-11-24T04:21:38.089+0000] {manager.py:997} INFO - 
================================================================================
DAG File Processing Stats

File Path                                    PID  Runtime      # DAGs    # Errors  Last Runtime    Last Run               Last # of DB Queries
-----------------------------------------  -----  ---------  --------  ----------  --------------  -------------------  ----------------------
/opt/airflow/dags/driven_data_pipeline.py    249  0.17s             0           1  63.57s          2025-11-24T04:20:37                       0
================================================================================
[2025-11-24T04:22:18.043+0000] {manager.py:821} INFO - Searching for files in /opt/airflow/dags
[2025-11-24T04:22:18.182+0000] {manager.py:824} INFO - There are 1 files in /opt/airflow/dags
[2025-11-24T04:22:18.377+0000] {manager.py:997} INFO - 
================================================================================
DAG File Processing Stats

File Path                                    PID  Runtime      # DAGs    # Errors  Last Runtime    Last Run               Last # of DB Queries
-----------------------------------------  -----  ---------  --------  ----------  --------------  -------------------  ----------------------
/opt/airflow/dags/driven_data_pipeline.py    249  40.74s            0           1  63.57s          2025-11-24T04:20:37                       0
================================================================================
[2025-11-24T04:22:48.741+0000] {manager.py:997} INFO - 
================================================================================
DAG File Processing Stats

File Path                                  PID    Runtime      # DAGs    # Errors  Last Runtime    Last Run               Last # of DB Queries
-----------------------------------------  -----  ---------  --------  ----------  --------------  -------------------  ----------------------
/opt/airflow/dags/driven_data_pipeline.py                           1           0  41.97s          2025-11-24T04:22:19                      34
================================================================================
[2025-11-24T04:23:19.275+0000] {manager.py:997} INFO - 
================================================================================
DAG File Processing Stats

File Path                                  PID    Runtime      # DAGs    # Errors  Last Runtime    Last Run               Last # of DB Queries
-----------------------------------------  -----  ---------  --------  ----------  --------------  -------------------  ----------------------
/opt/airflow/dags/driven_data_pipeline.py                           1           0  0.44s           2025-11-24T04:22:50                      12
================================================================================
[2025-11-24T04:23:49.810+0000] {manager.py:997} INFO - 
================================================================================
DAG File Processing Stats

File Path                                  PID    Runtime      # DAGs    # Errors  Last Runtime    Last Run               Last # of DB Queries
-----------------------------------------  -----  ---------  --------  ----------  --------------  -------------------  ----------------------
/opt/airflow/dags/driven_data_pipeline.py                           1           0  0.54s           2025-11-24T04:23:20                      12
================================================================================
[2025-11-24T04:24:20.027+0000] {manager.py:997} INFO - 
================================================================================
DAG File Processing Stats

File Path                                  PID    Runtime      # DAGs    # Errors  Last Runtime    Last Run               Last # of DB Queries
-----------------------------------------  -----  ---------  --------  ----------  --------------  -------------------  ----------------------
/opt/airflow/dags/driven_data_pipeline.py                           1           0  0.56s           2025-11-24T04:23:51                      12
================================================================================
[2025-11-24T04:24:50.365+0000] {manager.py:997} INFO - 
================================================================================
DAG File Processing Stats

File Path                                  PID    Runtime      # DAGs    # Errors  Last Runtime    Last Run               Last # of DB Queries
-----------------------------------------  -----  ---------  --------  ----------  --------------  -------------------  ----------------------
/opt/airflow/dags/driven_data_pipeline.py                           1           0  0.37s           2025-11-24T04:24:22                      12
================================================================================
[2025-11-24T04:25:21.026+0000] {manager.py:997} INFO - 
================================================================================
DAG File Processing Stats

File Path                                  PID    Runtime      # DAGs    # Errors  Last Runtime    Last Run               Last # of DB Queries
-----------------------------------------  -----  ---------  --------  ----------  --------------  -------------------  ----------------------
/opt/airflow/dags/driven_data_pipeline.py                           1           0  0.32s           2025-11-24T04:24:53                      12
================================================================================
[2025-11-24T04:25:51.143+0000] {manager.py:997} INFO - 
================================================================================
DAG File Processing Stats

File Path                                  PID    Runtime      # DAGs    # Errors  Last Runtime    Last Run               Last # of DB Queries
-----------------------------------------  -----  ---------  --------  ----------  --------------  -------------------  ----------------------
/opt/airflow/dags/driven_data_pipeline.py                           1           0  0.50s           2025-11-24T04:25:23                      12
================================================================================
[2025-11-24T04:26:21.487+0000] {manager.py:997} INFO - 
================================================================================
DAG File Processing Stats

File Path                                  PID    Runtime      # DAGs    # Errors  Last Runtime    Last Run               Last # of DB Queries
-----------------------------------------  -----  ---------  --------  ----------  --------------  -------------------  ----------------------
/opt/airflow/dags/driven_data_pipeline.py                           1           0  0.31s           2025-11-24T04:25:54                      12
================================================================================
[2025-11-24T04:26:51.814+0000] {manager.py:997} INFO - 
================================================================================
DAG File Processing Stats

File Path                                  PID    Runtime      # DAGs    # Errors  Last Runtime    Last Run               Last # of DB Queries
-----------------------------------------  -----  ---------  --------  ----------  --------------  -------------------  ----------------------
/opt/airflow/dags/driven_data_pipeline.py                           1           0  0.30s           2025-11-24T04:26:24                      12
================================================================================
[2025-11-24T04:27:18.369+0000] {manager.py:821} INFO - Searching for files in /opt/airflow/dags
[2025-11-24T04:27:18.384+0000] {manager.py:824} INFO - There are 1 files in /opt/airflow/dags
[2025-11-24T04:27:22.429+0000] {manager.py:997} INFO - 
================================================================================
DAG File Processing Stats

File Path                                  PID    Runtime      # DAGs    # Errors  Last Runtime    Last Run               Last # of DB Queries
-----------------------------------------  -----  ---------  --------  ----------  --------------  -------------------  ----------------------
/opt/airflow/dags/driven_data_pipeline.py                           1           0  0.31s           2025-11-24T04:26:55                      12
================================================================================
[2025-11-24T04:27:52.778+0000] {manager.py:997} INFO - 
================================================================================
DAG File Processing Stats

File Path                                  PID    Runtime      # DAGs    # Errors  Last Runtime    Last Run               Last # of DB Queries
-----------------------------------------  -----  ---------  --------  ----------  --------------  -------------------  ----------------------
/opt/airflow/dags/driven_data_pipeline.py                           1           0  0.38s           2025-11-24T04:27:25                      12
================================================================================
[2025-11-24T04:28:23.410+0000] {manager.py:997} INFO - 
================================================================================
DAG File Processing Stats

File Path                                  PID    Runtime      # DAGs    # Errors  Last Runtime    Last Run               Last # of DB Queries
-----------------------------------------  -----  ---------  --------  ----------  --------------  -------------------  ----------------------
/opt/airflow/dags/driven_data_pipeline.py                           1           0  0.36s           2025-11-24T04:27:56                      12
================================================================================
[2025-11-24T04:28:54.115+0000] {manager.py:997} INFO - 
================================================================================
DAG File Processing Stats

File Path                                  PID    Runtime      # DAGs    # Errors  Last Runtime    Last Run               Last # of DB Queries
-----------------------------------------  -----  ---------  --------  ----------  --------------  -------------------  ----------------------
/opt/airflow/dags/driven_data_pipeline.py                           1           0  0.30s           2025-11-24T04:28:27                      12
================================================================================
[2025-11-24T04:29:24.880+0000] {manager.py:997} INFO - 
================================================================================
DAG File Processing Stats

File Path                                  PID    Runtime      # DAGs    # Errors  Last Runtime    Last Run               Last # of DB Queries
-----------------------------------------  -----  ---------  --------  ----------  --------------  -------------------  ----------------------
/opt/airflow/dags/driven_data_pipeline.py                           1           0  0.36s           2025-11-24T04:28:57                      12
================================================================================
[2025-11-24T06:04:41.392+0000] {manager.py:483} INFO - Processing files using up to 2 processes at a time 
[2025-11-24T06:04:41.401+0000] {manager.py:484} INFO - Process each file at most once every 30 seconds
[2025-11-24T06:04:41.402+0000] {manager.py:485} INFO - Checking for new files in /opt/airflow/dags every 300 seconds
[2025-11-24T06:04:41.403+0000] {manager.py:821} INFO - Searching for files in /opt/airflow/dags
[2025-11-24T06:04:41.421+0000] {manager.py:824} INFO - There are 1 files in /opt/airflow/dags
[2025-11-24T06:04:41.716+0000] {manager.py:997} INFO - 
================================================================================
DAG File Processing Stats

File Path                                    PID  Runtime      # DAGs    # Errors  Last Runtime    Last Run      Last # of DB Queries
-----------------------------------------  -----  ---------  --------  ----------  --------------  ----------  ----------------------
/opt/airflow/dags/driven_data_pipeline.py     65  0.03s             0           0                                                   0
================================================================================
[2025-11-24T06:05:12.148+0000] {manager.py:997} INFO - 
================================================================================
DAG File Processing Stats

File Path                                    PID  Runtime      # DAGs    # Errors  Last Runtime    Last Run               Last # of DB Queries
-----------------------------------------  -----  ---------  --------  ----------  --------------  -------------------  ----------------------
/opt/airflow/dags/driven_data_pipeline.py     71  0.01s             0           1  0.13s           2025-11-24T06:04:41                       3
================================================================================
[2025-11-24T06:05:42.232+0000] {manager.py:997} INFO - 
================================================================================
DAG File Processing Stats

File Path                                  PID    Runtime      # DAGs    # Errors  Last Runtime    Last Run               Last # of DB Queries
-----------------------------------------  -----  ---------  --------  ----------  --------------  -------------------  ----------------------
/opt/airflow/dags/driven_data_pipeline.py                           0           1  1.22s           2025-11-24T06:05:13                       5
================================================================================
[2025-11-24T06:06:12.569+0000] {manager.py:997} INFO - 
================================================================================
DAG File Processing Stats

File Path                                  PID    Runtime      # DAGs    # Errors  Last Runtime    Last Run               Last # of DB Queries
-----------------------------------------  -----  ---------  --------  ----------  --------------  -------------------  ----------------------
/opt/airflow/dags/driven_data_pipeline.py                           0           1  0.12s           2025-11-24T06:05:44                       5
================================================================================
[2025-11-24T06:06:43.234+0000] {manager.py:997} INFO - 
================================================================================
DAG File Processing Stats

File Path                                  PID    Runtime      # DAGs    # Errors  Last Runtime    Last Run               Last # of DB Queries
-----------------------------------------  -----  ---------  --------  ----------  --------------  -------------------  ----------------------
/opt/airflow/dags/driven_data_pipeline.py                           0           1  0.14s           2025-11-24T06:06:14                       5
================================================================================
[2025-11-24T06:07:13.352+0000] {manager.py:997} INFO - 
================================================================================
DAG File Processing Stats

File Path                                  PID    Runtime      # DAGs    # Errors  Last Runtime    Last Run               Last # of DB Queries
-----------------------------------------  -----  ---------  --------  ----------  --------------  -------------------  ----------------------
/opt/airflow/dags/driven_data_pipeline.py                           0           1  0.22s           2025-11-24T06:06:45                       5
================================================================================
[2025-11-24T06:07:43.702+0000] {manager.py:997} INFO - 
================================================================================
DAG File Processing Stats

File Path                                  PID    Runtime      # DAGs    # Errors  Last Runtime    Last Run               Last # of DB Queries
-----------------------------------------  -----  ---------  --------  ----------  --------------  -------------------  ----------------------
/opt/airflow/dags/driven_data_pipeline.py                           0           1  0.09s           2025-11-24T06:07:16                       5
================================================================================
[2025-11-24T06:22:42.659+0000] {manager.py:821} INFO - Searching for files in /opt/airflow/dags
[2025-11-24T06:22:43.527+0000] {manager.py:824} INFO - There are 1 files in /opt/airflow/dags
[2025-11-24T06:22:43.732+0000] {manager.py:997} INFO - 
================================================================================
DAG File Processing Stats

File Path                                    PID  Runtime      # DAGs    # Errors  Last Runtime    Last Run               Last # of DB Queries
-----------------------------------------  -----  ---------  --------  ----------  --------------  -------------------  ----------------------
/opt/airflow/dags/driven_data_pipeline.py    112  0.01s             0           1  0.09s           2025-11-24T06:07:16                       5
================================================================================
[2025-11-24T06:38:32.681+0000] {manager.py:997} INFO - 
================================================================================
DAG File Processing Stats

File Path                                    PID  Runtime      # DAGs    # Errors  Last Runtime    Last Run               Last # of DB Queries
-----------------------------------------  -----  ---------  --------  ----------  --------------  -------------------  ----------------------
/opt/airflow/dags/driven_data_pipeline.py    113  0.29s             0           1  0.34s           2025-11-24T06:22:44                       5
================================================================================
[2025-11-24T06:38:33.979+0000] {manager.py:821} INFO - Searching for files in /opt/airflow/dags
[2025-11-24T06:38:34.047+0000] {manager.py:824} INFO - There are 1 files in /opt/airflow/dags
[2025-11-24T06:41:26.403+0000] {manager.py:997} INFO - 
================================================================================
DAG File Processing Stats

File Path                                    PID  Runtime      # DAGs    # Errors  Last Runtime    Last Run               Last # of DB Queries
-----------------------------------------  -----  ---------  --------  ----------  --------------  -------------------  ----------------------
/opt/airflow/dags/driven_data_pipeline.py    121  0.15s             0           1  2.33s           2025-11-24T06:38:34                       5
================================================================================
[2025-11-24T06:43:22.612+0000] {manager.py:1366} ERROR - Processor for /opt/airflow/dags/driven_data_pipeline.py with PID 121 started at 2025-11-24T06:41:14.196205+00:00 has timed out, killing it.
[2025-11-24T06:43:34.264+0000] {manager.py:821} INFO - Searching for files in /opt/airflow/dags
[2025-11-24T06:43:34.282+0000] {manager.py:824} INFO - There are 1 files in /opt/airflow/dags
[2025-11-24T06:43:34.315+0000] {manager.py:997} INFO - 
================================================================================
DAG File Processing Stats

File Path                                  PID    Runtime      # DAGs    # Errors  Last Runtime    Last Run               Last # of DB Queries
-----------------------------------------  -----  ---------  --------  ----------  --------------  -------------------  ----------------------
/opt/airflow/dags/driven_data_pipeline.py                           0           1  128.42s         2025-11-24T06:43:22                       0
================================================================================
[2025-11-24T06:44:12.962+0000] {manager.py:997} INFO - 
================================================================================
DAG File Processing Stats

File Path                                  PID    Runtime      # DAGs    # Errors  Last Runtime    Last Run               Last # of DB Queries
-----------------------------------------  -----  ---------  --------  ----------  --------------  -------------------  ----------------------
/opt/airflow/dags/driven_data_pipeline.py                           0           1  0.18s           2025-11-24T06:44:01                       5
================================================================================
[2025-11-24T06:44:43.321+0000] {manager.py:997} INFO - 
================================================================================
DAG File Processing Stats

File Path                                  PID    Runtime      # DAGs    # Errors  Last Runtime    Last Run               Last # of DB Queries
-----------------------------------------  -----  ---------  --------  ----------  --------------  -------------------  ----------------------
/opt/airflow/dags/driven_data_pipeline.py                           0           1  0.09s           2025-11-24T06:44:31                       5
================================================================================
[2025-11-24T06:45:13.645+0000] {manager.py:997} INFO - 
================================================================================
DAG File Processing Stats

File Path                                  PID    Runtime      # DAGs    # Errors  Last Runtime    Last Run               Last # of DB Queries
-----------------------------------------  -----  ---------  --------  ----------  --------------  -------------------  ----------------------
/opt/airflow/dags/driven_data_pipeline.py                           0           1  0.09s           2025-11-24T06:45:01                       5
================================================================================
[2025-11-24T06:45:44.091+0000] {manager.py:997} INFO - 
================================================================================
DAG File Processing Stats

File Path                                  PID    Runtime      # DAGs    # Errors  Last Runtime    Last Run               Last # of DB Queries
-----------------------------------------  -----  ---------  --------  ----------  --------------  -------------------  ----------------------
/opt/airflow/dags/driven_data_pipeline.py                           0           1  0.12s           2025-11-24T06:45:32                       5
================================================================================
[2025-11-24T06:46:14.460+0000] {manager.py:997} INFO - 
================================================================================
DAG File Processing Stats

File Path                                  PID    Runtime      # DAGs    # Errors  Last Runtime    Last Run               Last # of DB Queries
-----------------------------------------  -----  ---------  --------  ----------  --------------  -------------------  ----------------------
/opt/airflow/dags/driven_data_pipeline.py                           0           1  0.14s           2025-11-24T06:46:02                       5
================================================================================
[2025-11-24T06:46:44.804+0000] {manager.py:997} INFO - 
================================================================================
DAG File Processing Stats

File Path                                  PID    Runtime      # DAGs    # Errors  Last Runtime    Last Run               Last # of DB Queries
-----------------------------------------  -----  ---------  --------  ----------  --------------  -------------------  ----------------------
/opt/airflow/dags/driven_data_pipeline.py                           0           1  0.09s           2025-11-24T06:46:32                       5
================================================================================
[2025-11-24T06:47:15.177+0000] {manager.py:997} INFO - 
================================================================================
DAG File Processing Stats

File Path                                  PID    Runtime      # DAGs    # Errors  Last Runtime    Last Run               Last # of DB Queries
-----------------------------------------  -----  ---------  --------  ----------  --------------  -------------------  ----------------------
/opt/airflow/dags/driven_data_pipeline.py                           0           1  0.07s           2025-11-24T06:47:03                       5
================================================================================
[2025-11-24T06:47:45.496+0000] {manager.py:997} INFO - 
================================================================================
DAG File Processing Stats

File Path                                  PID    Runtime      # DAGs    # Errors  Last Runtime    Last Run               Last # of DB Queries
-----------------------------------------  -----  ---------  --------  ----------  --------------  -------------------  ----------------------
/opt/airflow/dags/driven_data_pipeline.py                           0           1  0.07s           2025-11-24T06:47:33                       5
================================================================================
[2025-11-24T06:48:15.846+0000] {manager.py:997} INFO - 
================================================================================
DAG File Processing Stats

File Path                                  PID    Runtime      # DAGs    # Errors  Last Runtime    Last Run               Last # of DB Queries
-----------------------------------------  -----  ---------  --------  ----------  --------------  -------------------  ----------------------
/opt/airflow/dags/driven_data_pipeline.py                           0           1  0.08s           2025-11-24T06:48:03                       5
================================================================================
[2025-11-24T06:48:35.094+0000] {manager.py:821} INFO - Searching for files in /opt/airflow/dags
[2025-11-24T06:48:35.114+0000] {manager.py:824} INFO - There are 1 files in /opt/airflow/dags
[2025-11-24T06:48:46.575+0000] {manager.py:997} INFO - 
================================================================================
DAG File Processing Stats

File Path                                  PID    Runtime      # DAGs    # Errors  Last Runtime    Last Run               Last # of DB Queries
-----------------------------------------  -----  ---------  --------  ----------  --------------  -------------------  ----------------------
/opt/airflow/dags/driven_data_pipeline.py                           0           1  0.11s           2025-11-24T06:48:34                       5
================================================================================
[2025-11-24T06:49:16.957+0000] {manager.py:997} INFO - 
================================================================================
DAG File Processing Stats

File Path                                  PID    Runtime      # DAGs    # Errors  Last Runtime    Last Run               Last # of DB Queries
-----------------------------------------  -----  ---------  --------  ----------  --------------  -------------------  ----------------------
/opt/airflow/dags/driven_data_pipeline.py                           0           1  0.08s           2025-11-24T06:49:04                       5
================================================================================
[2025-11-24T06:49:47.307+0000] {manager.py:997} INFO - 
================================================================================
DAG File Processing Stats

File Path                                  PID    Runtime      # DAGs    # Errors  Last Runtime    Last Run               Last # of DB Queries
-----------------------------------------  -----  ---------  --------  ----------  --------------  -------------------  ----------------------
/opt/airflow/dags/driven_data_pipeline.py                           0           1  0.07s           2025-11-24T06:49:35                       5
================================================================================
[2025-11-24T06:50:17.634+0000] {manager.py:997} INFO - 
================================================================================
DAG File Processing Stats

File Path                                  PID    Runtime      # DAGs    # Errors  Last Runtime    Last Run               Last # of DB Queries
-----------------------------------------  -----  ---------  --------  ----------  --------------  -------------------  ----------------------
/opt/airflow/dags/driven_data_pipeline.py                           0           1  0.07s           2025-11-24T06:50:05                       5
================================================================================
[2025-11-24T06:50:47.966+0000] {manager.py:997} INFO - 
================================================================================
DAG File Processing Stats

File Path                                  PID    Runtime      # DAGs    # Errors  Last Runtime    Last Run               Last # of DB Queries
-----------------------------------------  -----  ---------  --------  ----------  --------------  -------------------  ----------------------
/opt/airflow/dags/driven_data_pipeline.py                           0           1  0.08s           2025-11-24T06:50:35                       5
================================================================================
[2025-11-24T06:51:18.313+0000] {manager.py:997} INFO - 
================================================================================
DAG File Processing Stats

File Path                                  PID    Runtime      # DAGs    # Errors  Last Runtime    Last Run               Last # of DB Queries
-----------------------------------------  -----  ---------  --------  ----------  --------------  -------------------  ----------------------
/opt/airflow/dags/driven_data_pipeline.py                           0           1  0.07s           2025-11-24T06:51:06                       5
================================================================================
[2025-11-24T06:51:48.616+0000] {manager.py:997} INFO - 
================================================================================
DAG File Processing Stats

File Path                                  PID    Runtime      # DAGs    # Errors  Last Runtime    Last Run               Last # of DB Queries
-----------------------------------------  -----  ---------  --------  ----------  --------------  -------------------  ----------------------
/opt/airflow/dags/driven_data_pipeline.py                           0           1  0.07s           2025-11-24T06:51:36                       5
================================================================================
[2025-11-24T06:52:19.051+0000] {manager.py:997} INFO - 
================================================================================
DAG File Processing Stats

File Path                                  PID    Runtime      # DAGs    # Errors  Last Runtime    Last Run               Last # of DB Queries
-----------------------------------------  -----  ---------  --------  ----------  --------------  -------------------  ----------------------
/opt/airflow/dags/driven_data_pipeline.py                           0           1  0.07s           2025-11-24T06:52:06                       5
================================================================================
[2025-11-24T06:52:49.431+0000] {manager.py:997} INFO - 
================================================================================
DAG File Processing Stats

File Path                                  PID    Runtime      # DAGs    # Errors  Last Runtime    Last Run               Last # of DB Queries
-----------------------------------------  -----  ---------  --------  ----------  --------------  -------------------  ----------------------
/opt/airflow/dags/driven_data_pipeline.py                           0           1  0.08s           2025-11-24T06:52:37                       5
================================================================================
[2025-11-24T06:53:19.767+0000] {manager.py:997} INFO - 
================================================================================
DAG File Processing Stats

File Path                                  PID    Runtime      # DAGs    # Errors  Last Runtime    Last Run               Last # of DB Queries
-----------------------------------------  -----  ---------  --------  ----------  --------------  -------------------  ----------------------
/opt/airflow/dags/driven_data_pipeline.py                           0           1  0.07s           2025-11-24T06:53:07                       5
================================================================================
[2025-11-24T06:53:35.950+0000] {manager.py:821} INFO - Searching for files in /opt/airflow/dags
[2025-11-24T06:53:35.968+0000] {manager.py:824} INFO - There are 1 files in /opt/airflow/dags
[2025-11-24T06:53:50.160+0000] {manager.py:997} INFO - 
================================================================================
DAG File Processing Stats

File Path                                  PID    Runtime      # DAGs    # Errors  Last Runtime    Last Run               Last # of DB Queries
-----------------------------------------  -----  ---------  --------  ----------  --------------  -------------------  ----------------------
/opt/airflow/dags/driven_data_pipeline.py                           0           1  0.07s           2025-11-24T06:53:38                       5
================================================================================
[2025-11-24T06:54:20.493+0000] {manager.py:997} INFO - 
================================================================================
DAG File Processing Stats

File Path                                  PID    Runtime      # DAGs    # Errors  Last Runtime    Last Run               Last # of DB Queries
-----------------------------------------  -----  ---------  --------  ----------  --------------  -------------------  ----------------------
/opt/airflow/dags/driven_data_pipeline.py                           0           1  0.07s           2025-11-24T06:54:08                       5
================================================================================
[2025-11-24T06:54:50.829+0000] {manager.py:997} INFO - 
================================================================================
DAG File Processing Stats

File Path                                  PID    Runtime      # DAGs    # Errors  Last Runtime    Last Run               Last # of DB Queries
-----------------------------------------  -----  ---------  --------  ----------  --------------  -------------------  ----------------------
/opt/airflow/dags/driven_data_pipeline.py                           0           1  0.11s           2025-11-24T06:54:38                       5
================================================================================
[2025-11-24T06:55:21.175+0000] {manager.py:997} INFO - 
================================================================================
DAG File Processing Stats

File Path                                  PID    Runtime      # DAGs    # Errors  Last Runtime    Last Run               Last # of DB Queries
-----------------------------------------  -----  ---------  --------  ----------  --------------  -------------------  ----------------------
/opt/airflow/dags/driven_data_pipeline.py                           0           1  0.08s           2025-11-24T06:55:09                       5
================================================================================
[2025-11-24T06:55:51.470+0000] {manager.py:997} INFO - 
================================================================================
DAG File Processing Stats

File Path                                  PID    Runtime      # DAGs    # Errors  Last Runtime    Last Run               Last # of DB Queries
-----------------------------------------  -----  ---------  --------  ----------  --------------  -------------------  ----------------------
/opt/airflow/dags/driven_data_pipeline.py                           0           1  0.07s           2025-11-24T06:55:39                       5
================================================================================
[2025-11-24T06:56:21.799+0000] {manager.py:997} INFO - 
================================================================================
DAG File Processing Stats

File Path                                  PID    Runtime      # DAGs    # Errors  Last Runtime    Last Run               Last # of DB Queries
-----------------------------------------  -----  ---------  --------  ----------  --------------  -------------------  ----------------------
/opt/airflow/dags/driven_data_pipeline.py                           0           1  0.07s           2025-11-24T06:56:09                       5
================================================================================
[2025-11-24T06:56:52.096+0000] {manager.py:997} INFO - 
================================================================================
DAG File Processing Stats

File Path                                  PID    Runtime      # DAGs    # Errors  Last Runtime    Last Run               Last # of DB Queries
-----------------------------------------  -----  ---------  --------  ----------  --------------  -------------------  ----------------------
/opt/airflow/dags/driven_data_pipeline.py                           0           1  0.08s           2025-11-24T06:56:40                       5
================================================================================
[2025-11-24T06:57:22.561+0000] {manager.py:997} INFO - 
================================================================================
DAG File Processing Stats

File Path                                  PID    Runtime      # DAGs    # Errors  Last Runtime    Last Run               Last # of DB Queries
-----------------------------------------  -----  ---------  --------  ----------  --------------  -------------------  ----------------------
/opt/airflow/dags/driven_data_pipeline.py                           0           1  2.93s           2025-11-24T06:57:13                       5
================================================================================
[2025-11-24T06:57:52.920+0000] {manager.py:997} INFO - 
================================================================================
DAG File Processing Stats

File Path                                  PID    Runtime      # DAGs    # Errors  Last Runtime    Last Run               Last # of DB Queries
-----------------------------------------  -----  ---------  --------  ----------  --------------  -------------------  ----------------------
/opt/airflow/dags/driven_data_pipeline.py                           0           1  0.08s           2025-11-24T06:57:43                       5
================================================================================
[2025-11-24T06:58:23.299+0000] {manager.py:997} INFO - 
================================================================================
DAG File Processing Stats

File Path                                  PID    Runtime      # DAGs    # Errors  Last Runtime    Last Run               Last # of DB Queries
-----------------------------------------  -----  ---------  --------  ----------  --------------  -------------------  ----------------------
/opt/airflow/dags/driven_data_pipeline.py                           0           1  0.08s           2025-11-24T06:58:14                       5
================================================================================
[2025-11-24T06:58:36.466+0000] {manager.py:821} INFO - Searching for files in /opt/airflow/dags
[2025-11-24T06:58:36.482+0000] {manager.py:824} INFO - There are 1 files in /opt/airflow/dags
[2025-11-24T06:58:53.704+0000] {manager.py:997} INFO - 
================================================================================
DAG File Processing Stats

File Path                                  PID    Runtime      # DAGs    # Errors  Last Runtime    Last Run               Last # of DB Queries
-----------------------------------------  -----  ---------  --------  ----------  --------------  -------------------  ----------------------
/opt/airflow/dags/driven_data_pipeline.py                           0           1  0.07s           2025-11-24T06:58:44                       5
================================================================================
[2025-11-24T06:59:24.105+0000] {manager.py:997} INFO - 
================================================================================
DAG File Processing Stats

File Path                                  PID    Runtime      # DAGs    # Errors  Last Runtime    Last Run               Last # of DB Queries
-----------------------------------------  -----  ---------  --------  ----------  --------------  -------------------  ----------------------
/opt/airflow/dags/driven_data_pipeline.py                           0           1  0.08s           2025-11-24T06:59:15                       5
================================================================================
[2025-11-24T06:59:54.454+0000] {manager.py:997} INFO - 
================================================================================
DAG File Processing Stats

File Path                                  PID    Runtime      # DAGs    # Errors  Last Runtime    Last Run               Last # of DB Queries
-----------------------------------------  -----  ---------  --------  ----------  --------------  -------------------  ----------------------
/opt/airflow/dags/driven_data_pipeline.py                           0           1  0.09s           2025-11-24T06:59:45                       5
================================================================================
[2025-11-24T07:00:24.785+0000] {manager.py:997} INFO - 
================================================================================
DAG File Processing Stats

File Path                                  PID    Runtime      # DAGs    # Errors  Last Runtime    Last Run               Last # of DB Queries
-----------------------------------------  -----  ---------  --------  ----------  --------------  -------------------  ----------------------
/opt/airflow/dags/driven_data_pipeline.py                           0           1  0.08s           2025-11-24T07:00:15                       5
================================================================================
[2025-11-24T07:00:55.097+0000] {manager.py:997} INFO - 
================================================================================
DAG File Processing Stats

File Path                                  PID    Runtime      # DAGs    # Errors  Last Runtime    Last Run               Last # of DB Queries
-----------------------------------------  -----  ---------  --------  ----------  --------------  -------------------  ----------------------
/opt/airflow/dags/driven_data_pipeline.py                           0           1  0.08s           2025-11-24T07:00:46                       5
================================================================================
[2025-11-24T07:01:25.442+0000] {manager.py:997} INFO - 
================================================================================
DAG File Processing Stats

File Path                                  PID    Runtime      # DAGs    # Errors  Last Runtime    Last Run               Last # of DB Queries
-----------------------------------------  -----  ---------  --------  ----------  --------------  -------------------  ----------------------
/opt/airflow/dags/driven_data_pipeline.py                           0           1  0.14s           2025-11-24T07:01:16                       5
================================================================================
[2025-11-24T07:01:55.758+0000] {manager.py:997} INFO - 
================================================================================
DAG File Processing Stats

File Path                                  PID    Runtime      # DAGs    # Errors  Last Runtime    Last Run               Last # of DB Queries
-----------------------------------------  -----  ---------  --------  ----------  --------------  -------------------  ----------------------
/opt/airflow/dags/driven_data_pipeline.py                           0           1  0.07s           2025-11-24T07:01:46                       5
================================================================================
[2025-11-24T07:02:26.225+0000] {manager.py:997} INFO - 
================================================================================
DAG File Processing Stats

File Path                                  PID    Runtime      # DAGs    # Errors  Last Runtime    Last Run               Last # of DB Queries
-----------------------------------------  -----  ---------  --------  ----------  --------------  -------------------  ----------------------
/opt/airflow/dags/driven_data_pipeline.py                           0           1  0.24s           2025-11-24T07:02:17                       5
================================================================================
[2025-11-24T07:02:56.567+0000] {manager.py:997} INFO - 
================================================================================
DAG File Processing Stats

File Path                                  PID    Runtime      # DAGs    # Errors  Last Runtime    Last Run               Last # of DB Queries
-----------------------------------------  -----  ---------  --------  ----------  --------------  -------------------  ----------------------
/opt/airflow/dags/driven_data_pipeline.py                           0           1  0.09s           2025-11-24T07:02:47                       5
================================================================================
[2025-11-24T07:03:26.885+0000] {manager.py:997} INFO - 
================================================================================
DAG File Processing Stats

File Path                                  PID    Runtime      # DAGs    # Errors  Last Runtime    Last Run               Last # of DB Queries
-----------------------------------------  -----  ---------  --------  ----------  --------------  -------------------  ----------------------
/opt/airflow/dags/driven_data_pipeline.py                           0           1  0.07s           2025-11-24T07:03:17                       5
================================================================================
[2025-11-24T07:03:36.981+0000] {manager.py:821} INFO - Searching for files in /opt/airflow/dags
[2025-11-24T07:03:36.995+0000] {manager.py:824} INFO - There are 1 files in /opt/airflow/dags
[2025-11-24T07:03:57.237+0000] {manager.py:997} INFO - 
================================================================================
DAG File Processing Stats

File Path                                  PID    Runtime      # DAGs    # Errors  Last Runtime    Last Run               Last # of DB Queries
-----------------------------------------  -----  ---------  --------  ----------  --------------  -------------------  ----------------------
/opt/airflow/dags/driven_data_pipeline.py                           0           1  0.06s           2025-11-24T07:03:48                       5
================================================================================
[2025-11-24T07:04:27.578+0000] {manager.py:997} INFO - 
================================================================================
DAG File Processing Stats

File Path                                  PID    Runtime      # DAGs    # Errors  Last Runtime    Last Run               Last # of DB Queries
-----------------------------------------  -----  ---------  --------  ----------  --------------  -------------------  ----------------------
/opt/airflow/dags/driven_data_pipeline.py                           0           1  0.09s           2025-11-24T07:04:18                       5
================================================================================
[2025-11-24T07:04:57.930+0000] {manager.py:997} INFO - 
================================================================================
DAG File Processing Stats

File Path                                  PID    Runtime      # DAGs    # Errors  Last Runtime    Last Run               Last # of DB Queries
-----------------------------------------  -----  ---------  --------  ----------  --------------  -------------------  ----------------------
/opt/airflow/dags/driven_data_pipeline.py                           0           1  0.08s           2025-11-24T07:04:48                       5
================================================================================
[2025-11-24T07:05:28.272+0000] {manager.py:997} INFO - 
================================================================================
DAG File Processing Stats

File Path                                  PID    Runtime      # DAGs    # Errors  Last Runtime    Last Run               Last # of DB Queries
-----------------------------------------  -----  ---------  --------  ----------  --------------  -------------------  ----------------------
/opt/airflow/dags/driven_data_pipeline.py                           0           1  0.07s           2025-11-24T07:05:19                       5
================================================================================
[2025-11-24T07:05:58.575+0000] {manager.py:997} INFO - 
================================================================================
DAG File Processing Stats

File Path                                  PID    Runtime      # DAGs    # Errors  Last Runtime    Last Run               Last # of DB Queries
-----------------------------------------  -----  ---------  --------  ----------  --------------  -------------------  ----------------------
/opt/airflow/dags/driven_data_pipeline.py                           0           1  0.07s           2025-11-24T07:05:49                       5
================================================================================
[2025-11-24T07:06:28.933+0000] {manager.py:997} INFO - 
================================================================================
DAG File Processing Stats

File Path                                  PID    Runtime      # DAGs    # Errors  Last Runtime    Last Run               Last # of DB Queries
-----------------------------------------  -----  ---------  --------  ----------  --------------  -------------------  ----------------------
/opt/airflow/dags/driven_data_pipeline.py                           0           1  0.08s           2025-11-24T07:06:19                       5
================================================================================
[2025-11-24T07:06:59.295+0000] {manager.py:997} INFO - 
================================================================================
DAG File Processing Stats

File Path                                  PID    Runtime      # DAGs    # Errors  Last Runtime    Last Run               Last # of DB Queries
-----------------------------------------  -----  ---------  --------  ----------  --------------  -------------------  ----------------------
/opt/airflow/dags/driven_data_pipeline.py                           0           1  0.07s           2025-11-24T07:06:50                       5
================================================================================
[2025-11-24T07:07:29.651+0000] {manager.py:997} INFO - 
================================================================================
DAG File Processing Stats

File Path                                  PID    Runtime      # DAGs    # Errors  Last Runtime    Last Run               Last # of DB Queries
-----------------------------------------  -----  ---------  --------  ----------  --------------  -------------------  ----------------------
/opt/airflow/dags/driven_data_pipeline.py                           0           1  0.10s           2025-11-24T07:07:20                       5
================================================================================
[2025-11-24T07:08:00.010+0000] {manager.py:997} INFO - 
================================================================================
DAG File Processing Stats

File Path                                  PID    Runtime      # DAGs    # Errors  Last Runtime    Last Run               Last # of DB Queries
-----------------------------------------  -----  ---------  --------  ----------  --------------  -------------------  ----------------------
/opt/airflow/dags/driven_data_pipeline.py                           0           1  0.13s           2025-11-24T07:07:51                       5
================================================================================
[2025-11-24T07:08:30.447+0000] {manager.py:997} INFO - 
================================================================================
DAG File Processing Stats

File Path                                  PID    Runtime      # DAGs    # Errors  Last Runtime    Last Run               Last # of DB Queries
-----------------------------------------  -----  ---------  --------  ----------  --------------  -------------------  ----------------------
/opt/airflow/dags/driven_data_pipeline.py                           0           1  0.12s           2025-11-24T07:08:21                       5
================================================================================
[2025-11-24T07:08:37.553+0000] {manager.py:821} INFO - Searching for files in /opt/airflow/dags
[2025-11-24T07:08:37.567+0000] {manager.py:824} INFO - There are 1 files in /opt/airflow/dags
[2025-11-24T07:09:00.865+0000] {manager.py:997} INFO - 
================================================================================
DAG File Processing Stats

File Path                                  PID    Runtime      # DAGs    # Errors  Last Runtime    Last Run               Last # of DB Queries
-----------------------------------------  -----  ---------  --------  ----------  --------------  -------------------  ----------------------
/opt/airflow/dags/driven_data_pipeline.py                           0           1  0.19s           2025-11-24T07:08:51                       5
================================================================================
[2025-11-24T07:09:31.178+0000] {manager.py:997} INFO - 
================================================================================
DAG File Processing Stats

File Path                                  PID    Runtime      # DAGs    # Errors  Last Runtime    Last Run               Last # of DB Queries
-----------------------------------------  -----  ---------  --------  ----------  --------------  -------------------  ----------------------
/opt/airflow/dags/driven_data_pipeline.py                           0           1  0.08s           2025-11-24T07:09:22                       5
================================================================================
[2025-11-24T07:10:01.704+0000] {manager.py:997} INFO - 
================================================================================
DAG File Processing Stats

File Path                                  PID    Runtime      # DAGs    # Errors  Last Runtime    Last Run               Last # of DB Queries
-----------------------------------------  -----  ---------  --------  ----------  --------------  -------------------  ----------------------
/opt/airflow/dags/driven_data_pipeline.py                           0           1  0.08s           2025-11-24T07:09:52                       5
================================================================================
[2025-11-24T07:10:32.091+0000] {manager.py:997} INFO - 
================================================================================
DAG File Processing Stats

File Path                                  PID    Runtime      # DAGs    # Errors  Last Runtime    Last Run               Last # of DB Queries
-----------------------------------------  -----  ---------  --------  ----------  --------------  -------------------  ----------------------
/opt/airflow/dags/driven_data_pipeline.py                           0           1  0.08s           2025-11-24T07:10:23                       5
================================================================================
[2025-11-24T07:11:02.470+0000] {manager.py:997} INFO - 
================================================================================
DAG File Processing Stats

File Path                                  PID    Runtime      # DAGs    # Errors  Last Runtime    Last Run               Last # of DB Queries
-----------------------------------------  -----  ---------  --------  ----------  --------------  -------------------  ----------------------
/opt/airflow/dags/driven_data_pipeline.py                           0           1  0.07s           2025-11-24T07:10:53                       5
================================================================================
[2025-11-24T07:11:32.826+0000] {manager.py:997} INFO - 
================================================================================
DAG File Processing Stats

File Path                                  PID    Runtime      # DAGs    # Errors  Last Runtime    Last Run               Last # of DB Queries
-----------------------------------------  -----  ---------  --------  ----------  --------------  -------------------  ----------------------
/opt/airflow/dags/driven_data_pipeline.py                           0           1  0.09s           2025-11-24T07:11:23                       5
================================================================================
[2025-11-24T07:12:03.164+0000] {manager.py:997} INFO - 
================================================================================
DAG File Processing Stats

File Path                                  PID    Runtime      # DAGs    # Errors  Last Runtime    Last Run               Last # of DB Queries
-----------------------------------------  -----  ---------  --------  ----------  --------------  -------------------  ----------------------
/opt/airflow/dags/driven_data_pipeline.py                           0           1  0.21s           2025-11-24T07:11:54                       5
================================================================================
[2025-11-24T07:12:33.499+0000] {manager.py:997} INFO - 
================================================================================
DAG File Processing Stats

File Path                                  PID    Runtime      # DAGs    # Errors  Last Runtime    Last Run               Last # of DB Queries
-----------------------------------------  -----  ---------  --------  ----------  --------------  -------------------  ----------------------
/opt/airflow/dags/driven_data_pipeline.py                           0           1  0.08s           2025-11-24T07:12:24                       5
================================================================================
[2025-11-24T07:13:03.906+0000] {manager.py:997} INFO - 
================================================================================
DAG File Processing Stats

File Path                                  PID    Runtime      # DAGs    # Errors  Last Runtime    Last Run               Last # of DB Queries
-----------------------------------------  -----  ---------  --------  ----------  --------------  -------------------  ----------------------
/opt/airflow/dags/driven_data_pipeline.py                           0           1  0.09s           2025-11-24T07:12:54                       5
================================================================================
[2025-11-24T07:13:34.250+0000] {manager.py:997} INFO - 
================================================================================
DAG File Processing Stats

File Path                                  PID    Runtime      # DAGs    # Errors  Last Runtime    Last Run               Last # of DB Queries
-----------------------------------------  -----  ---------  --------  ----------  --------------  -------------------  ----------------------
/opt/airflow/dags/driven_data_pipeline.py                           0           1  0.08s           2025-11-24T07:13:25                       5
================================================================================
[2025-11-24T07:13:38.287+0000] {manager.py:821} INFO - Searching for files in /opt/airflow/dags
[2025-11-24T07:13:38.301+0000] {manager.py:824} INFO - There are 1 files in /opt/airflow/dags
[2025-11-24T07:14:04.735+0000] {manager.py:997} INFO - 
================================================================================
DAG File Processing Stats

File Path                                  PID    Runtime      # DAGs    # Errors  Last Runtime    Last Run               Last # of DB Queries
-----------------------------------------  -----  ---------  --------  ----------  --------------  -------------------  ----------------------
/opt/airflow/dags/driven_data_pipeline.py                           0           1  0.09s           2025-11-24T07:13:49                       5
================================================================================
[2025-11-24T07:14:35.026+0000] {manager.py:997} INFO - 
================================================================================
DAG File Processing Stats

File Path                                  PID    Runtime      # DAGs    # Errors  Last Runtime    Last Run               Last # of DB Queries
-----------------------------------------  -----  ---------  --------  ----------  --------------  -------------------  ----------------------
/opt/airflow/dags/driven_data_pipeline.py                           0           1  0.09s           2025-11-24T07:14:19                       5
================================================================================
[2025-11-24T07:15:05.539+0000] {manager.py:997} INFO - 
================================================================================
DAG File Processing Stats

File Path                                  PID    Runtime      # DAGs    # Errors  Last Runtime    Last Run               Last # of DB Queries
-----------------------------------------  -----  ---------  --------  ----------  --------------  -------------------  ----------------------
/opt/airflow/dags/driven_data_pipeline.py                           0           1  0.06s           2025-11-24T07:15:00                       5
================================================================================
[2025-11-24T07:15:35.957+0000] {manager.py:997} INFO - 
================================================================================
DAG File Processing Stats

File Path                                  PID    Runtime      # DAGs    # Errors  Last Runtime    Last Run               Last # of DB Queries
-----------------------------------------  -----  ---------  --------  ----------  --------------  -------------------  ----------------------
/opt/airflow/dags/driven_data_pipeline.py                           0           1  0.08s           2025-11-24T07:15:12                       5
================================================================================
[2025-11-24T07:16:06.276+0000] {manager.py:997} INFO - 
================================================================================
DAG File Processing Stats

File Path                                  PID    Runtime      # DAGs    # Errors  Last Runtime    Last Run               Last # of DB Queries
-----------------------------------------  -----  ---------  --------  ----------  --------------  -------------------  ----------------------
/opt/airflow/dags/driven_data_pipeline.py                           0           1  0.10s           2025-11-24T07:15:43                       5
================================================================================
[2025-11-24T07:16:36.648+0000] {manager.py:997} INFO - 
================================================================================
DAG File Processing Stats

File Path                                  PID    Runtime      # DAGs    # Errors  Last Runtime    Last Run               Last # of DB Queries
-----------------------------------------  -----  ---------  --------  ----------  --------------  -------------------  ----------------------
/opt/airflow/dags/driven_data_pipeline.py                           0           1  0.08s           2025-11-24T07:16:33                       5
================================================================================
[2025-11-24T07:17:06.955+0000] {manager.py:997} INFO - 
================================================================================
DAG File Processing Stats

File Path                                  PID    Runtime      # DAGs    # Errors  Last Runtime    Last Run               Last # of DB Queries
-----------------------------------------  -----  ---------  --------  ----------  --------------  -------------------  ----------------------
/opt/airflow/dags/driven_data_pipeline.py                           0           1  0.09s           2025-11-24T07:16:58                       5
================================================================================
[2025-11-24T07:17:37.268+0000] {manager.py:997} INFO - 
================================================================================
DAG File Processing Stats

File Path                                  PID    Runtime      # DAGs    # Errors  Last Runtime    Last Run               Last # of DB Queries
-----------------------------------------  -----  ---------  --------  ----------  --------------  -------------------  ----------------------
/opt/airflow/dags/driven_data_pipeline.py                           0           1  0.07s           2025-11-24T07:17:29                       5
================================================================================
[2025-11-24T07:18:07.611+0000] {manager.py:997} INFO - 
================================================================================
DAG File Processing Stats

File Path                                  PID    Runtime      # DAGs    # Errors  Last Runtime    Last Run               Last # of DB Queries
-----------------------------------------  -----  ---------  --------  ----------  --------------  -------------------  ----------------------
/opt/airflow/dags/driven_data_pipeline.py                           0           1  0.15s           2025-11-24T07:17:59                       5
================================================================================
[2025-11-24T07:18:38.001+0000] {manager.py:997} INFO - 
================================================================================
DAG File Processing Stats

File Path                                  PID    Runtime      # DAGs    # Errors  Last Runtime    Last Run               Last # of DB Queries
-----------------------------------------  -----  ---------  --------  ----------  --------------  -------------------  ----------------------
/opt/airflow/dags/driven_data_pipeline.py                           0           1  0.17s           2025-11-24T07:18:30                       5
================================================================================
[2025-11-24T07:18:39.006+0000] {manager.py:821} INFO - Searching for files in /opt/airflow/dags
[2025-11-24T07:18:39.014+0000] {manager.py:824} INFO - There are 1 files in /opt/airflow/dags
[2025-11-24T07:19:08.409+0000] {manager.py:997} INFO - 
================================================================================
DAG File Processing Stats

File Path                                  PID    Runtime      # DAGs    # Errors  Last Runtime    Last Run               Last # of DB Queries
-----------------------------------------  -----  ---------  --------  ----------  --------------  -------------------  ----------------------
/opt/airflow/dags/driven_data_pipeline.py                           0           1  0.10s           2025-11-24T07:19:00                       5
================================================================================
[2025-11-24T07:19:38.751+0000] {manager.py:997} INFO - 
================================================================================
DAG File Processing Stats

File Path                                  PID    Runtime      # DAGs    # Errors  Last Runtime    Last Run               Last # of DB Queries
-----------------------------------------  -----  ---------  --------  ----------  --------------  -------------------  ----------------------
/opt/airflow/dags/driven_data_pipeline.py                           0           1  0.07s           2025-11-24T07:19:30                       5
================================================================================
[2025-11-24T07:20:00.952+0000] {manager.py:1291} WARNING - Skipping processing of missing file: /opt/airflow/dags/driven_data_pipeline.py
[2025-11-24T07:20:43.308+0000] {manager.py:465} INFO - Exiting gracefully upon receiving signal 15
[2025-11-24T07:24:01.737+0000] {manager.py:483} INFO - Processing files using up to 2 processes at a time 
[2025-11-24T07:24:01.747+0000] {manager.py:484} INFO - Process each file at most once every 30 seconds
[2025-11-24T07:24:01.747+0000] {manager.py:485} INFO - Checking for new files in /opt/airflow/dags every 300 seconds
[2025-11-24T07:24:01.750+0000] {manager.py:821} INFO - Searching for files in /opt/airflow/dags
[2025-11-24T07:24:01.766+0000] {manager.py:824} INFO - There are 0 files in /opt/airflow/dags
[2025-11-24T07:29:02.148+0000] {manager.py:821} INFO - Searching for files in /opt/airflow/dags
[2025-11-24T07:29:02.240+0000] {manager.py:824} INFO - There are 0 files in /opt/airflow/dags
[2025-11-24T07:34:02.700+0000] {manager.py:821} INFO - Searching for files in /opt/airflow/dags
[2025-11-24T07:34:02.750+0000] {manager.py:824} INFO - There are 1 files in /opt/airflow/dags
[2025-11-24T07:34:08.540+0000] {manager.py:997} INFO - 
================================================================================
DAG File Processing Stats

File Path                                  PID    Runtime      # DAGs    # Errors  Last Runtime    Last Run               Last # of DB Queries
-----------------------------------------  -----  ---------  --------  ----------  --------------  -------------------  ----------------------
/opt/airflow/dags/driven_data_pipeline.py                           0           1  0.30s           2025-11-24T07:34:04                       3
================================================================================
[2025-11-24T07:34:39.100+0000] {manager.py:997} INFO - 
================================================================================
DAG File Processing Stats

File Path                                  PID    Runtime      # DAGs    # Errors  Last Runtime    Last Run               Last # of DB Queries
-----------------------------------------  -----  ---------  --------  ----------  --------------  -------------------  ----------------------
/opt/airflow/dags/driven_data_pipeline.py                           0           1  0.14s           2025-11-24T07:34:35                       5
================================================================================
[2025-11-24T07:35:09.492+0000] {manager.py:997} INFO - 
================================================================================
DAG File Processing Stats

File Path                                  PID    Runtime      # DAGs    # Errors  Last Runtime    Last Run               Last # of DB Queries
-----------------------------------------  -----  ---------  --------  ----------  --------------  -------------------  ----------------------
/opt/airflow/dags/driven_data_pipeline.py                           0           1  0.83s           2025-11-24T07:35:06                       5
================================================================================
[2025-11-24T07:35:39.865+0000] {manager.py:997} INFO - 
================================================================================
DAG File Processing Stats

File Path                                  PID    Runtime      # DAGs    # Errors  Last Runtime    Last Run               Last # of DB Queries
-----------------------------------------  -----  ---------  --------  ----------  --------------  -------------------  ----------------------
/opt/airflow/dags/driven_data_pipeline.py                           0           1  2.21s           2025-11-24T07:35:39                       5
================================================================================
[2025-11-24T07:36:10.772+0000] {manager.py:997} INFO - 
================================================================================
DAG File Processing Stats

File Path                                  PID    Runtime      # DAGs    # Errors  Last Runtime    Last Run               Last # of DB Queries
-----------------------------------------  -----  ---------  --------  ----------  --------------  -------------------  ----------------------
/opt/airflow/dags/driven_data_pipeline.py                           0           1  0.12s           2025-11-24T07:36:09                       5
================================================================================
[2025-11-24T07:36:43.294+0000] {manager.py:997} INFO - 
================================================================================
DAG File Processing Stats

File Path                                    PID  Runtime      # DAGs    # Errors  Last Runtime    Last Run               Last # of DB Queries
-----------------------------------------  -----  ---------  --------  ----------  --------------  -------------------  ----------------------
/opt/airflow/dags/driven_data_pipeline.py    213  0.12s             0           1  0.12s           2025-11-24T07:36:09                       5
================================================================================
[2025-11-24T07:37:14.413+0000] {manager.py:997} INFO - 
================================================================================
DAG File Processing Stats

File Path                                  PID    Runtime      # DAGs    # Errors  Last Runtime    Last Run               Last # of DB Queries
-----------------------------------------  -----  ---------  --------  ----------  --------------  -------------------  ----------------------
/opt/airflow/dags/driven_data_pipeline.py                           0           1  12.58s          2025-11-24T07:36:55                       5
================================================================================
[2025-11-24T07:37:44.941+0000] {manager.py:997} INFO - 
================================================================================
DAG File Processing Stats

File Path                                  PID    Runtime      # DAGs    # Errors  Last Runtime    Last Run               Last # of DB Queries
-----------------------------------------  -----  ---------  --------  ----------  --------------  -------------------  ----------------------
/opt/airflow/dags/driven_data_pipeline.py                           0           1  0.08s           2025-11-24T07:37:25                       5
================================================================================
[2025-11-24T07:38:15.397+0000] {manager.py:997} INFO - 
================================================================================
DAG File Processing Stats

File Path                                  PID    Runtime      # DAGs    # Errors  Last Runtime    Last Run               Last # of DB Queries
-----------------------------------------  -----  ---------  --------  ----------  --------------  -------------------  ----------------------
/opt/airflow/dags/driven_data_pipeline.py                           0           1  0.11s           2025-11-24T07:37:56                       5
================================================================================
[2025-11-24T07:38:45.712+0000] {manager.py:997} INFO - 
================================================================================
DAG File Processing Stats

File Path                                  PID    Runtime      # DAGs    # Errors  Last Runtime    Last Run               Last # of DB Queries
-----------------------------------------  -----  ---------  --------  ----------  --------------  -------------------  ----------------------
/opt/airflow/dags/driven_data_pipeline.py                           0           1  0.08s           2025-11-24T07:38:26                       5
================================================================================
[2025-11-24T07:39:02.975+0000] {manager.py:821} INFO - Searching for files in /opt/airflow/dags
[2025-11-24T07:39:02.989+0000] {manager.py:824} INFO - There are 1 files in /opt/airflow/dags
[2025-11-24T07:39:16.236+0000] {manager.py:997} INFO - 
================================================================================
DAG File Processing Stats

File Path                                  PID    Runtime      # DAGs    # Errors  Last Runtime    Last Run               Last # of DB Queries
-----------------------------------------  -----  ---------  --------  ----------  --------------  -------------------  ----------------------
/opt/airflow/dags/driven_data_pipeline.py                           0           1  0.12s           2025-11-24T07:39:08                       5
================================================================================
[2025-11-24T07:39:46.796+0000] {manager.py:997} INFO - 
================================================================================
DAG File Processing Stats

File Path                                  PID    Runtime      # DAGs    # Errors  Last Runtime    Last Run               Last # of DB Queries
-----------------------------------------  -----  ---------  --------  ----------  --------------  -------------------  ----------------------
/opt/airflow/dags/driven_data_pipeline.py                           0           1  0.33s           2025-11-24T07:39:29                       5
================================================================================
[2025-11-24T07:40:17.233+0000] {manager.py:997} INFO - 
================================================================================
DAG File Processing Stats

File Path                                  PID    Runtime      # DAGs    # Errors  Last Runtime    Last Run               Last # of DB Queries
-----------------------------------------  -----  ---------  --------  ----------  --------------  -------------------  ----------------------
/opt/airflow/dags/driven_data_pipeline.py                           0           1  0.08s           2025-11-24T07:39:53                       5
================================================================================
[2025-11-24T07:40:47.614+0000] {manager.py:997} INFO - 
================================================================================
DAG File Processing Stats

File Path                                  PID    Runtime      # DAGs    # Errors  Last Runtime    Last Run               Last # of DB Queries
-----------------------------------------  -----  ---------  --------  ----------  --------------  -------------------  ----------------------
/opt/airflow/dags/driven_data_pipeline.py                           0           1  0.08s           2025-11-24T07:40:23                       5
================================================================================
[2025-11-24T07:41:17.922+0000] {manager.py:997} INFO - 
================================================================================
DAG File Processing Stats

File Path                                  PID    Runtime      # DAGs    # Errors  Last Runtime    Last Run               Last # of DB Queries
-----------------------------------------  -----  ---------  --------  ----------  --------------  -------------------  ----------------------
/opt/airflow/dags/driven_data_pipeline.py                           0           1  0.07s           2025-11-24T07:40:53                       5
================================================================================
[2025-11-24T07:41:48.251+0000] {manager.py:997} INFO - 
================================================================================
DAG File Processing Stats

File Path                                  PID    Runtime      # DAGs    # Errors  Last Runtime    Last Run               Last # of DB Queries
-----------------------------------------  -----  ---------  --------  ----------  --------------  -------------------  ----------------------
/opt/airflow/dags/driven_data_pipeline.py                           0           1  0.07s           2025-11-24T07:41:24                       5
================================================================================
[2025-11-24T07:42:18.575+0000] {manager.py:997} INFO - 
================================================================================
DAG File Processing Stats

File Path                                  PID    Runtime      # DAGs    # Errors  Last Runtime    Last Run               Last # of DB Queries
-----------------------------------------  -----  ---------  --------  ----------  --------------  -------------------  ----------------------
/opt/airflow/dags/driven_data_pipeline.py                           0           1  0.08s           2025-11-24T07:41:54                       5
================================================================================
[2025-11-24T07:42:48.879+0000] {manager.py:997} INFO - 
================================================================================
DAG File Processing Stats

File Path                                  PID    Runtime      # DAGs    # Errors  Last Runtime    Last Run               Last # of DB Queries
-----------------------------------------  -----  ---------  --------  ----------  --------------  -------------------  ----------------------
/opt/airflow/dags/driven_data_pipeline.py                           0           1  0.09s           2025-11-24T07:42:24                       5
================================================================================
[2025-11-24T07:43:19.189+0000] {manager.py:997} INFO - 
================================================================================
DAG File Processing Stats

File Path                                  PID    Runtime      # DAGs    # Errors  Last Runtime    Last Run               Last # of DB Queries
-----------------------------------------  -----  ---------  --------  ----------  --------------  -------------------  ----------------------
/opt/airflow/dags/driven_data_pipeline.py                           0           1  0.08s           2025-11-24T07:42:55                       5
================================================================================
[2025-11-24T07:43:49.513+0000] {manager.py:997} INFO - 
================================================================================
DAG File Processing Stats

File Path                                  PID    Runtime      # DAGs    # Errors  Last Runtime    Last Run               Last # of DB Queries
-----------------------------------------  -----  ---------  --------  ----------  --------------  -------------------  ----------------------
/opt/airflow/dags/driven_data_pipeline.py                           0           1  0.08s           2025-11-24T07:43:25                       5
================================================================================
[2025-11-24T07:44:03.676+0000] {manager.py:821} INFO - Searching for files in /opt/airflow/dags
[2025-11-24T07:44:03.691+0000] {manager.py:824} INFO - There are 1 files in /opt/airflow/dags
[2025-11-24T07:44:19.887+0000] {manager.py:997} INFO - 
================================================================================
DAG File Processing Stats

File Path                                  PID    Runtime      # DAGs    # Errors  Last Runtime    Last Run               Last # of DB Queries
-----------------------------------------  -----  ---------  --------  ----------  --------------  -------------------  ----------------------
/opt/airflow/dags/driven_data_pipeline.py                           0           1  0.10s           2025-11-24T07:43:55                       5
================================================================================
[2025-11-24T07:44:50.205+0000] {manager.py:997} INFO - 
================================================================================
DAG File Processing Stats

File Path                                  PID    Runtime      # DAGs    # Errors  Last Runtime    Last Run               Last # of DB Queries
-----------------------------------------  -----  ---------  --------  ----------  --------------  -------------------  ----------------------
/opt/airflow/dags/driven_data_pipeline.py                           0           1  0.08s           2025-11-24T07:44:26                       5
================================================================================
[2025-11-24T07:45:20.526+0000] {manager.py:997} INFO - 
================================================================================
DAG File Processing Stats

File Path                                  PID    Runtime      # DAGs    # Errors  Last Runtime    Last Run               Last # of DB Queries
-----------------------------------------  -----  ---------  --------  ----------  --------------  -------------------  ----------------------
/opt/airflow/dags/driven_data_pipeline.py                           0           1  0.08s           2025-11-24T07:44:56                       5
================================================================================
[2025-11-24T07:45:50.870+0000] {manager.py:997} INFO - 
================================================================================
DAG File Processing Stats

File Path                                  PID    Runtime      # DAGs    # Errors  Last Runtime    Last Run               Last # of DB Queries
-----------------------------------------  -----  ---------  --------  ----------  --------------  -------------------  ----------------------
/opt/airflow/dags/driven_data_pipeline.py                           0           1  0.09s           2025-11-24T07:45:48                       5
================================================================================
[2025-11-24T07:46:21.195+0000] {manager.py:997} INFO - 
================================================================================
DAG File Processing Stats

File Path                                  PID    Runtime      # DAGs    # Errors  Last Runtime    Last Run               Last # of DB Queries
-----------------------------------------  -----  ---------  --------  ----------  --------------  -------------------  ----------------------
/opt/airflow/dags/driven_data_pipeline.py                           0           1  0.15s           2025-11-24T07:45:52                       5
================================================================================
[2025-11-24T07:46:51.610+0000] {manager.py:997} INFO - 
================================================================================
DAG File Processing Stats

File Path                                  PID    Runtime      # DAGs    # Errors  Last Runtime    Last Run               Last # of DB Queries
-----------------------------------------  -----  ---------  --------  ----------  --------------  -------------------  ----------------------
/opt/airflow/dags/driven_data_pipeline.py                           0           1  0.15s           2025-11-24T07:46:22                       5
================================================================================
[2025-11-24T07:47:22.459+0000] {manager.py:997} INFO - 
================================================================================
DAG File Processing Stats

File Path                                  PID    Runtime      # DAGs    # Errors  Last Runtime    Last Run               Last # of DB Queries
-----------------------------------------  -----  ---------  --------  ----------  --------------  -------------------  ----------------------
/opt/airflow/dags/driven_data_pipeline.py                           0           1  0.09s           2025-11-24T07:46:52                       5
================================================================================
[2025-11-24T07:47:37.141+0000] {manager.py:465} INFO - Exiting gracefully upon receiving signal 15
[2025-11-24T07:48:52.624+0000] {manager.py:483} INFO - Processing files using up to 2 processes at a time 
[2025-11-24T07:48:52.635+0000] {manager.py:484} INFO - Process each file at most once every 30 seconds
[2025-11-24T07:48:52.636+0000] {manager.py:485} INFO - Checking for new files in /opt/airflow/dags every 300 seconds
[2025-11-24T07:48:52.638+0000] {manager.py:821} INFO - Searching for files in /opt/airflow/dags
[2025-11-24T07:48:52.661+0000] {manager.py:824} INFO - There are 1 files in /opt/airflow/dags
[2025-11-24T07:48:53.130+0000] {manager.py:997} INFO - 
================================================================================
DAG File Processing Stats

File Path                                    PID  Runtime      # DAGs    # Errors  Last Runtime    Last Run      Last # of DB Queries
-----------------------------------------  -----  ---------  --------  ----------  --------------  ----------  ----------------------
/opt/airflow/dags/driven_data_pipeline.py     62  0.07s             0           0                                                   0
================================================================================
[2025-11-24T07:49:24.092+0000] {manager.py:997} INFO - 
================================================================================
DAG File Processing Stats

File Path                                    PID  Runtime      # DAGs    # Errors  Last Runtime    Last Run               Last # of DB Queries
-----------------------------------------  -----  ---------  --------  ----------  --------------  -------------------  ----------------------
/opt/airflow/dags/driven_data_pipeline.py     68  0.06s             0           1  0.16s           2025-11-24T07:48:53                       5
================================================================================
[2025-11-24T07:49:54.436+0000] {manager.py:997} INFO - 
================================================================================
DAG File Processing Stats

File Path                                  PID    Runtime      # DAGs    # Errors  Last Runtime    Last Run               Last # of DB Queries
-----------------------------------------  -----  ---------  --------  ----------  --------------  -------------------  ----------------------
/opt/airflow/dags/driven_data_pipeline.py                           0           1  1.17s           2025-11-24T07:49:25                       5
================================================================================
[2025-11-24T07:50:24.802+0000] {manager.py:997} INFO - 
================================================================================
DAG File Processing Stats

File Path                                  PID    Runtime      # DAGs    # Errors  Last Runtime    Last Run               Last # of DB Queries
-----------------------------------------  -----  ---------  --------  ----------  --------------  -------------------  ----------------------
/opt/airflow/dags/driven_data_pipeline.py                           0           1  0.13s           2025-11-24T07:49:55                       5
================================================================================
[2025-11-24T07:50:55.188+0000] {manager.py:997} INFO - 
================================================================================
DAG File Processing Stats

File Path                                  PID    Runtime      # DAGs    # Errors  Last Runtime    Last Run               Last # of DB Queries
-----------------------------------------  -----  ---------  --------  ----------  --------------  -------------------  ----------------------
/opt/airflow/dags/driven_data_pipeline.py                           0           1  0.09s           2025-11-24T07:50:25                       5
================================================================================
[2025-11-24T07:51:57.506+0000] {manager.py:997} INFO - 
================================================================================
DAG File Processing Stats

File Path                                  PID    Runtime      # DAGs    # Errors  Last Runtime    Last Run               Last # of DB Queries
-----------------------------------------  -----  ---------  --------  ----------  --------------  -------------------  ----------------------
/opt/airflow/dags/driven_data_pipeline.py                           0           1  0.09s           2025-11-24T07:50:56                       5
================================================================================
[2025-11-24T07:53:39.702+0000] {manager.py:997} INFO - 
================================================================================
DAG File Processing Stats

File Path                                    PID  Runtime      # DAGs    # Errors  Last Runtime    Last Run               Last # of DB Queries
-----------------------------------------  -----  ---------  --------  ----------  --------------  -------------------  ----------------------
/opt/airflow/dags/driven_data_pipeline.py     91  2.93s             0           1  0.57s           2025-11-24T07:51:58                       5
================================================================================
[2025-11-24T07:55:02.898+0000] {manager.py:821} INFO - Searching for files in /opt/airflow/dags
[2025-11-24T07:55:03.212+0000] {manager.py:824} INFO - There are 1 files in /opt/airflow/dags
[2025-11-24T07:56:01.501+0000] {manager.py:1366} ERROR - Processor for /opt/airflow/dags/driven_data_pipeline.py with PID 91 started at 2025-11-24T07:53:22.052320+00:00 has timed out, killing it.
[2025-11-24T07:56:01.643+0000] {manager.py:997} INFO - 
================================================================================
DAG File Processing Stats

File Path                                  PID    Runtime      # DAGs    # Errors  Last Runtime    Last Run               Last # of DB Queries
-----------------------------------------  -----  ---------  --------  ----------  --------------  -------------------  ----------------------
/opt/airflow/dags/driven_data_pipeline.py                           0           1  159.45s         2025-11-24T07:56:01                       0
================================================================================
[2025-11-24T08:01:21.496+0000] {manager.py:483} INFO - Processing files using up to 2 processes at a time 
[2025-11-24T08:01:21.508+0000] {manager.py:484} INFO - Process each file at most once every 30 seconds
[2025-11-24T08:01:21.509+0000] {manager.py:485} INFO - Checking for new files in /opt/airflow/dags every 300 seconds
[2025-11-24T08:01:21.510+0000] {manager.py:821} INFO - Searching for files in /opt/airflow/dags
[2025-11-24T08:01:21.530+0000] {manager.py:824} INFO - There are 1 files in /opt/airflow/dags
[2025-11-24T08:01:21.681+0000] {manager.py:997} INFO - 
================================================================================
DAG File Processing Stats

File Path                                    PID  Runtime      # DAGs    # Errors  Last Runtime    Last Run      Last # of DB Queries
-----------------------------------------  -----  ---------  --------  ----------  --------------  ----------  ----------------------
/opt/airflow/dags/driven_data_pipeline.py     64  0.04s             0           0                                                   0
================================================================================
[2025-11-24T08:01:52.188+0000] {manager.py:997} INFO - 
================================================================================
DAG File Processing Stats

File Path                                    PID  Runtime      # DAGs    # Errors  Last Runtime    Last Run               Last # of DB Queries
-----------------------------------------  -----  ---------  --------  ----------  --------------  -------------------  ----------------------
/opt/airflow/dags/driven_data_pipeline.py     71  0.01s             0           1  0.11s           2025-11-24T08:01:21                       3
================================================================================
[2025-11-24T08:02:22.522+0000] {manager.py:997} INFO - 
================================================================================
DAG File Processing Stats

File Path                                  PID    Runtime      # DAGs    # Errors  Last Runtime    Last Run               Last # of DB Queries
-----------------------------------------  -----  ---------  --------  ----------  --------------  -------------------  ----------------------
/opt/airflow/dags/driven_data_pipeline.py                           0           1  0.37s           2025-11-24T08:01:52                       5
================================================================================
[2025-11-24T08:02:53.227+0000] {manager.py:997} INFO - 
================================================================================
DAG File Processing Stats

File Path                                    PID  Runtime      # DAGs    # Errors  Last Runtime    Last Run               Last # of DB Queries
-----------------------------------------  -----  ---------  --------  ----------  --------------  -------------------  ----------------------
/opt/airflow/dags/driven_data_pipeline.py     85  0.01s             0           1  0.12s           2025-11-24T08:02:22                       5
================================================================================
[2025-11-24T08:03:23.622+0000] {manager.py:997} INFO - 
================================================================================
DAG File Processing Stats

File Path                                    PID  Runtime      # DAGs    # Errors  Last Runtime    Last Run               Last # of DB Queries
-----------------------------------------  -----  ---------  --------  ----------  --------------  -------------------  ----------------------
/opt/airflow/dags/driven_data_pipeline.py     92  0.01s             0           1  0.12s           2025-11-24T08:02:53                       5
================================================================================
[2025-11-24T08:03:53.945+0000] {manager.py:997} INFO - 
================================================================================
DAG File Processing Stats

File Path                                    PID  Runtime      # DAGs    # Errors  Last Runtime    Last Run               Last # of DB Queries
-----------------------------------------  -----  ---------  --------  ----------  --------------  -------------------  ----------------------
/opt/airflow/dags/driven_data_pipeline.py     99  0.01s             0           1  0.08s           2025-11-24T08:03:23                       5
================================================================================
[2025-11-24T08:04:24.287+0000] {manager.py:997} INFO - 
================================================================================
DAG File Processing Stats

File Path                                    PID  Runtime      # DAGs    # Errors  Last Runtime    Last Run               Last # of DB Queries
-----------------------------------------  -----  ---------  --------  ----------  --------------  -------------------  ----------------------
/opt/airflow/dags/driven_data_pipeline.py    107  0.01s             0           1  0.08s           2025-11-24T08:03:54                       5
================================================================================
[2025-11-24T08:04:54.636+0000] {manager.py:997} INFO - 
================================================================================
DAG File Processing Stats

File Path                                    PID  Runtime      # DAGs    # Errors  Last Runtime    Last Run               Last # of DB Queries
-----------------------------------------  -----  ---------  --------  ----------  --------------  -------------------  ----------------------
/opt/airflow/dags/driven_data_pipeline.py    114  0.01s             0           1  0.12s           2025-11-24T08:04:24                       5
================================================================================
[2025-11-24T08:05:24.994+0000] {manager.py:997} INFO - 
================================================================================
DAG File Processing Stats

File Path                                    PID  Runtime      # DAGs    # Errors  Last Runtime    Last Run               Last # of DB Queries
-----------------------------------------  -----  ---------  --------  ----------  --------------  -------------------  ----------------------
/opt/airflow/dags/driven_data_pipeline.py    121  0.01s             0           1  0.08s           2025-11-24T08:04:54                       5
================================================================================
[2025-11-24T08:05:55.938+0000] {manager.py:997} INFO - 
================================================================================
DAG File Processing Stats

File Path                                    PID  Runtime      # DAGs    # Errors  Last Runtime    Last Run               Last # of DB Queries
-----------------------------------------  -----  ---------  --------  ----------  --------------  -------------------  ----------------------
/opt/airflow/dags/driven_data_pipeline.py    128  0.01s             0           1  0.09s           2025-11-24T08:05:25                       5
================================================================================
[2025-11-24T08:06:22.229+0000] {manager.py:821} INFO - Searching for files in /opt/airflow/dags
[2025-11-24T08:06:22.247+0000] {manager.py:824} INFO - There are 1 files in /opt/airflow/dags
[2025-11-24T08:06:26.379+0000] {manager.py:997} INFO - 
================================================================================
DAG File Processing Stats

File Path                                    PID  Runtime      # DAGs    # Errors  Last Runtime    Last Run               Last # of DB Queries
-----------------------------------------  -----  ---------  --------  ----------  --------------  -------------------  ----------------------
/opt/airflow/dags/driven_data_pipeline.py    135  0.02s             0           1  0.09s           2025-11-24T08:05:56                       5
================================================================================
[2025-11-24T08:06:56.707+0000] {manager.py:997} INFO - 
================================================================================
DAG File Processing Stats

File Path                                    PID  Runtime      # DAGs    # Errors  Last Runtime    Last Run               Last # of DB Queries
-----------------------------------------  -----  ---------  --------  ----------  --------------  -------------------  ----------------------
/opt/airflow/dags/driven_data_pipeline.py    142  0.01s             0           1  0.19s           2025-11-24T08:06:26                       5
================================================================================
[2025-11-24T08:07:08.949+0000] {manager.py:465} INFO - Exiting gracefully upon receiving signal 15
[2025-11-24T08:09:11.470+0000] {manager.py:483} INFO - Processing files using up to 2 processes at a time 
[2025-11-24T08:09:11.481+0000] {manager.py:484} INFO - Process each file at most once every 30 seconds
[2025-11-24T08:09:11.482+0000] {manager.py:485} INFO - Checking for new files in /opt/airflow/dags every 300 seconds
[2025-11-24T08:09:11.483+0000] {manager.py:821} INFO - Searching for files in /opt/airflow/dags
[2025-11-24T08:09:11.489+0000] {manager.py:824} INFO - There are 0 files in /opt/airflow/dags
[2025-11-24T08:14:11.544+0000] {manager.py:821} INFO - Searching for files in /opt/airflow/dags
[2025-11-24T08:14:11.604+0000] {manager.py:824} INFO - There are 0 files in /opt/airflow/dags
[2025-11-24T08:14:14.233+0000] {manager.py:465} INFO - Exiting gracefully upon receiving signal 15
[2025-11-24T08:32:53.508+0000] {manager.py:483} INFO - Processing files using up to 2 processes at a time 
[2025-11-24T08:32:53.521+0000] {manager.py:484} INFO - Process each file at most once every 30 seconds
[2025-11-24T08:32:53.522+0000] {manager.py:485} INFO - Checking for new files in /opt/airflow/dags every 300 seconds
[2025-11-24T08:32:53.523+0000] {manager.py:821} INFO - Searching for files in /opt/airflow/dags
[2025-11-24T08:32:53.534+0000] {manager.py:824} INFO - There are 1 files in /opt/airflow/dags
[2025-11-24T08:32:53.979+0000] {manager.py:997} INFO - 
================================================================================
DAG File Processing Stats

File Path                                    PID  Runtime      # DAGs    # Errors  Last Runtime    Last Run      Last # of DB Queries
-----------------------------------------  -----  ---------  --------  ----------  --------------  ----------  ----------------------
/opt/airflow/dags/driven_data_pipeline.py     65  0.07s             0           0                                                   0
================================================================================
[2025-11-24T08:33:24.271+0000] {manager.py:997} INFO - 
================================================================================
DAG File Processing Stats

File Path                                    PID  Runtime      # DAGs    # Errors  Last Runtime    Last Run               Last # of DB Queries
-----------------------------------------  -----  ---------  --------  ----------  --------------  -------------------  ----------------------
/opt/airflow/dags/driven_data_pipeline.py     72  0.00s             0           1  0.16s           2025-11-24T08:32:54                       3
================================================================================
[2025-11-24T08:33:54.606+0000] {manager.py:997} INFO - 
================================================================================
DAG File Processing Stats

File Path                                    PID  Runtime      # DAGs    # Errors  Last Runtime    Last Run               Last # of DB Queries
-----------------------------------------  -----  ---------  --------  ----------  --------------  -------------------  ----------------------
/opt/airflow/dags/driven_data_pipeline.py     79  0.00s             0           1  0.29s           2025-11-24T08:33:24                       5
================================================================================
[2025-11-24T08:34:25.332+0000] {manager.py:997} INFO - 
================================================================================
DAG File Processing Stats

File Path                                    PID  Runtime      # DAGs    # Errors  Last Runtime    Last Run               Last # of DB Queries
-----------------------------------------  -----  ---------  --------  ----------  --------------  -------------------  ----------------------
/opt/airflow/dags/driven_data_pipeline.py     86  0.00s             0           1  0.07s           2025-11-24T08:33:54                       5
================================================================================
[2025-11-24T08:38:27.752+0000] {manager.py:483} INFO - Processing files using up to 2 processes at a time 
[2025-11-24T08:38:27.765+0000] {manager.py:484} INFO - Process each file at most once every 30 seconds
[2025-11-24T08:38:27.766+0000] {manager.py:485} INFO - Checking for new files in /opt/airflow/dags every 300 seconds
[2025-11-24T08:38:27.767+0000] {manager.py:821} INFO - Searching for files in /opt/airflow/dags
[2025-11-24T08:38:27.777+0000] {manager.py:824} INFO - There are 1 files in /opt/airflow/dags
[2025-11-24T08:38:28.049+0000] {manager.py:997} INFO - 
================================================================================
DAG File Processing Stats

File Path                                    PID  Runtime      # DAGs    # Errors  Last Runtime    Last Run      Last # of DB Queries
-----------------------------------------  -----  ---------  --------  ----------  --------------  ----------  ----------------------
/opt/airflow/dags/driven_data_pipeline.py     63  0.03s             0           0                                                   0
================================================================================
[2025-11-24T08:38:58.584+0000] {manager.py:997} INFO - 
================================================================================
DAG File Processing Stats

File Path                                    PID  Runtime      # DAGs    # Errors  Last Runtime    Last Run               Last # of DB Queries
-----------------------------------------  -----  ---------  --------  ----------  --------------  -------------------  ----------------------
/opt/airflow/dags/driven_data_pipeline.py     70  0.00s             0           1  0.10s           2025-11-24T08:38:28                       3
================================================================================
[2025-11-24T08:39:29.601+0000] {manager.py:997} INFO - 
================================================================================
DAG File Processing Stats

File Path                                    PID  Runtime      # DAGs    # Errors  Last Runtime    Last Run               Last # of DB Queries
-----------------------------------------  -----  ---------  --------  ----------  --------------  -------------------  ----------------------
/opt/airflow/dags/driven_data_pipeline.py     77  0.01s             0           1  0.44s           2025-11-24T08:38:59                       5
================================================================================
[2025-11-24T08:39:59.918+0000] {manager.py:997} INFO - 
================================================================================
DAG File Processing Stats

File Path                                    PID  Runtime      # DAGs    # Errors  Last Runtime    Last Run               Last # of DB Queries
-----------------------------------------  -----  ---------  --------  ----------  --------------  -------------------  ----------------------
/opt/airflow/dags/driven_data_pipeline.py     84  0.01s             0           1  0.14s           2025-11-24T08:39:29                       5
================================================================================
[2025-11-24T08:40:30.186+0000] {manager.py:997} INFO - 
================================================================================
DAG File Processing Stats

File Path                                    PID  Runtime      # DAGs    # Errors  Last Runtime    Last Run               Last # of DB Queries
-----------------------------------------  -----  ---------  --------  ----------  --------------  -------------------  ----------------------
/opt/airflow/dags/driven_data_pipeline.py     91  0.00s             0           1  0.10s           2025-11-24T08:40:00                       5
================================================================================
[2025-11-24T08:41:00.551+0000] {manager.py:997} INFO - 
================================================================================
DAG File Processing Stats

File Path                                    PID  Runtime      # DAGs    # Errors  Last Runtime    Last Run               Last # of DB Queries
-----------------------------------------  -----  ---------  --------  ----------  --------------  -------------------  ----------------------
/opt/airflow/dags/driven_data_pipeline.py     98  0.03s             0           1  0.09s           2025-11-24T08:40:30                       5
================================================================================
[2025-11-24T08:41:09.637+0000] {manager.py:465} INFO - Exiting gracefully upon receiving signal 15
[2025-11-24T08:49:27.621+0000] {manager.py:483} INFO - Processing files using up to 2 processes at a time 
[2025-11-24T08:49:27.633+0000] {manager.py:484} INFO - Process each file at most once every 30 seconds
[2025-11-24T08:49:27.633+0000] {manager.py:485} INFO - Checking for new files in /opt/airflow/dags every 300 seconds
[2025-11-24T08:49:27.634+0000] {manager.py:821} INFO - Searching for files in /opt/airflow/dags
[2025-11-24T08:49:27.645+0000] {manager.py:824} INFO - There are 1 files in /opt/airflow/dags
[2025-11-24T08:49:27.860+0000] {manager.py:997} INFO - 
================================================================================
DAG File Processing Stats

File Path                                    PID  Runtime      # DAGs    # Errors  Last Runtime    Last Run      Last # of DB Queries
-----------------------------------------  -----  ---------  --------  ----------  --------------  ----------  ----------------------
/opt/airflow/dags/driven_data_pipeline.py     62  0.06s             0           0                                                   0
================================================================================
[2025-11-24T08:49:58.553+0000] {manager.py:997} INFO - 
================================================================================
DAG File Processing Stats

File Path                                    PID  Runtime      # DAGs    # Errors  Last Runtime    Last Run               Last # of DB Queries
-----------------------------------------  -----  ---------  --------  ----------  --------------  -------------------  ----------------------
/opt/airflow/dags/driven_data_pipeline.py     69  0.03s             0           1  0.27s           2025-11-24T08:49:28                       5
================================================================================
[2025-11-24T08:50:29.006+0000] {manager.py:997} INFO - 
================================================================================
DAG File Processing Stats

File Path                                  PID    Runtime      # DAGs    # Errors  Last Runtime    Last Run               Last # of DB Queries
-----------------------------------------  -----  ---------  --------  ----------  --------------  -------------------  ----------------------
/opt/airflow/dags/driven_data_pipeline.py                           0           1  0.74s           2025-11-24T08:49:59                       5
================================================================================
[2025-11-24T08:50:59.150+0000] {manager.py:997} INFO - 
================================================================================
DAG File Processing Stats

File Path                                  PID    Runtime      # DAGs    # Errors  Last Runtime    Last Run               Last # of DB Queries
-----------------------------------------  -----  ---------  --------  ----------  --------------  -------------------  ----------------------
/opt/airflow/dags/driven_data_pipeline.py                           0           1  0.32s           2025-11-24T08:50:29                       5
================================================================================
[2025-11-24T08:51:29.443+0000] {manager.py:997} INFO - 
================================================================================
DAG File Processing Stats

File Path                                  PID    Runtime      # DAGs    # Errors  Last Runtime    Last Run               Last # of DB Queries
-----------------------------------------  -----  ---------  --------  ----------  --------------  -------------------  ----------------------
/opt/airflow/dags/driven_data_pipeline.py                           0           1  0.10s           2025-11-24T08:51:00                       5
================================================================================
[2025-11-24T08:51:59.896+0000] {manager.py:997} INFO - 
================================================================================
DAG File Processing Stats

File Path                                  PID    Runtime      # DAGs    # Errors  Last Runtime    Last Run               Last # of DB Queries
-----------------------------------------  -----  ---------  --------  ----------  --------------  -------------------  ----------------------
/opt/airflow/dags/driven_data_pipeline.py                           0           1  0.12s           2025-11-24T08:51:30                       5
================================================================================
[2025-11-24T08:52:30.216+0000] {manager.py:997} INFO - 
================================================================================
DAG File Processing Stats

File Path                                  PID    Runtime      # DAGs    # Errors  Last Runtime    Last Run               Last # of DB Queries
-----------------------------------------  -----  ---------  --------  ----------  --------------  -------------------  ----------------------
/opt/airflow/dags/driven_data_pipeline.py                           0           1  0.08s           2025-11-24T08:52:00                       5
================================================================================
[2025-11-24T08:53:00.645+0000] {manager.py:997} INFO - 
================================================================================
DAG File Processing Stats

File Path                                  PID    Runtime      # DAGs    # Errors  Last Runtime    Last Run               Last # of DB Queries
-----------------------------------------  -----  ---------  --------  ----------  --------------  -------------------  ----------------------
/opt/airflow/dags/driven_data_pipeline.py                           0           1  0.10s           2025-11-24T08:52:31                       5
================================================================================
[2025-11-24T09:08:23.532+0000] {manager.py:483} INFO - Processing files using up to 2 processes at a time 
[2025-11-24T09:08:23.545+0000] {manager.py:484} INFO - Process each file at most once every 30 seconds
[2025-11-24T09:08:23.546+0000] {manager.py:485} INFO - Checking for new files in /opt/airflow/dags every 300 seconds
[2025-11-24T09:08:23.546+0000] {manager.py:821} INFO - Searching for files in /opt/airflow/dags
[2025-11-24T09:08:23.563+0000] {manager.py:824} INFO - There are 1 files in /opt/airflow/dags
[2025-11-24T09:08:23.886+0000] {manager.py:997} INFO - 
================================================================================
DAG File Processing Stats

File Path                                    PID  Runtime      # DAGs    # Errors  Last Runtime    Last Run      Last # of DB Queries
-----------------------------------------  -----  ---------  --------  ----------  --------------  ----------  ----------------------
/opt/airflow/dags/driven_data_pipeline.py     64  0.04s             0           0                                                   0
================================================================================
[2025-11-24T09:08:54.223+0000] {manager.py:997} INFO - 
================================================================================
DAG File Processing Stats

File Path                                    PID  Runtime      # DAGs    # Errors  Last Runtime    Last Run               Last # of DB Queries
-----------------------------------------  -----  ---------  --------  ----------  --------------  -------------------  ----------------------
/opt/airflow/dags/driven_data_pipeline.py     71  0.01s             0           1  0.14s           2025-11-24T09:08:23                       3
================================================================================
[2025-11-24T09:09:24.794+0000] {manager.py:997} INFO - 
================================================================================
DAG File Processing Stats

File Path                                    PID  Runtime      # DAGs    # Errors  Last Runtime    Last Run               Last # of DB Queries
-----------------------------------------  -----  ---------  --------  ----------  --------------  -------------------  ----------------------
/opt/airflow/dags/driven_data_pipeline.py     78  0.00s             0           1  0.55s           2025-11-24T09:08:54                       5
================================================================================
[2025-11-24T09:09:55.131+0000] {manager.py:997} INFO - 
================================================================================
DAG File Processing Stats

File Path                                    PID  Runtime      # DAGs    # Errors  Last Runtime    Last Run               Last # of DB Queries
-----------------------------------------  -----  ---------  --------  ----------  --------------  -------------------  ----------------------
/opt/airflow/dags/driven_data_pipeline.py     85  0.01s             0           1  0.13s           2025-11-24T09:09:24                       5
================================================================================
[2025-11-24T09:10:25.606+0000] {manager.py:997} INFO - 
================================================================================
DAG File Processing Stats

File Path                                    PID  Runtime      # DAGs    # Errors  Last Runtime    Last Run               Last # of DB Queries
-----------------------------------------  -----  ---------  --------  ----------  --------------  -------------------  ----------------------
/opt/airflow/dags/driven_data_pipeline.py     92  0.04s             0           1  0.09s           2025-11-24T09:09:55                       5
================================================================================
[2025-11-24T09:10:56.046+0000] {manager.py:997} INFO - 
================================================================================
DAG File Processing Stats

File Path                                    PID  Runtime      # DAGs    # Errors  Last Runtime    Last Run               Last # of DB Queries
-----------------------------------------  -----  ---------  --------  ----------  --------------  -------------------  ----------------------
/opt/airflow/dags/driven_data_pipeline.py     99  0.01s             0           1  0.24s           2025-11-24T09:10:25                       5
================================================================================
[2025-11-24T09:11:26.371+0000] {manager.py:997} INFO - 
================================================================================
DAG File Processing Stats

File Path                                    PID  Runtime      # DAGs    # Errors  Last Runtime    Last Run               Last # of DB Queries
-----------------------------------------  -----  ---------  --------  ----------  --------------  -------------------  ----------------------
/opt/airflow/dags/driven_data_pipeline.py    106  0.01s             0           1  0.13s           2025-11-24T09:10:56                       5
================================================================================
[2025-11-24T09:11:56.724+0000] {manager.py:997} INFO - 
================================================================================
DAG File Processing Stats

File Path                                    PID  Runtime      # DAGs    # Errors  Last Runtime    Last Run               Last # of DB Queries
-----------------------------------------  -----  ---------  --------  ----------  --------------  -------------------  ----------------------
/opt/airflow/dags/driven_data_pipeline.py    113  0.01s             0           1  0.10s           2025-11-24T09:11:26                       5
================================================================================
[2025-11-24T09:12:27.044+0000] {manager.py:997} INFO - 
================================================================================
DAG File Processing Stats

File Path                                    PID  Runtime      # DAGs    # Errors  Last Runtime    Last Run               Last # of DB Queries
-----------------------------------------  -----  ---------  --------  ----------  --------------  -------------------  ----------------------
/opt/airflow/dags/driven_data_pipeline.py    120  0.01s             0           1  0.09s           2025-11-24T09:11:56                       5
================================================================================
[2025-11-24T09:12:57.587+0000] {manager.py:997} INFO - 
================================================================================
DAG File Processing Stats

File Path                                    PID  Runtime      # DAGs    # Errors  Last Runtime    Last Run               Last # of DB Queries
-----------------------------------------  -----  ---------  --------  ----------  --------------  -------------------  ----------------------
/opt/airflow/dags/driven_data_pipeline.py    126  0.01s             0           1  0.10s           2025-11-24T09:12:27                       5
================================================================================
[2025-11-24T09:13:23.877+0000] {manager.py:821} INFO - Searching for files in /opt/airflow/dags
[2025-11-24T09:13:23.888+0000] {manager.py:824} INFO - There are 1 files in /opt/airflow/dags
[2025-11-24T09:13:27.975+0000] {manager.py:997} INFO - 
================================================================================
DAG File Processing Stats

File Path                                    PID  Runtime      # DAGs    # Errors  Last Runtime    Last Run               Last # of DB Queries
-----------------------------------------  -----  ---------  --------  ----------  --------------  -------------------  ----------------------
/opt/airflow/dags/driven_data_pipeline.py    133  0.01s             0           1  0.22s           2025-11-24T09:12:57                       5
================================================================================
[2025-11-24T09:13:58.397+0000] {manager.py:997} INFO - 
================================================================================
DAG File Processing Stats

File Path                                    PID  Runtime      # DAGs    # Errors  Last Runtime    Last Run               Last # of DB Queries
-----------------------------------------  -----  ---------  --------  ----------  --------------  -------------------  ----------------------
/opt/airflow/dags/driven_data_pipeline.py    140  0.01s             0           1  0.09s           2025-11-24T09:13:28                       5
================================================================================
[2025-11-24T09:14:28.716+0000] {manager.py:997} INFO - 
================================================================================
DAG File Processing Stats

File Path                                    PID  Runtime      # DAGs    # Errors  Last Runtime    Last Run               Last # of DB Queries
-----------------------------------------  -----  ---------  --------  ----------  --------------  -------------------  ----------------------
/opt/airflow/dags/driven_data_pipeline.py    147  0.01s             0           1  0.12s           2025-11-24T09:13:58                       5
================================================================================
[2025-11-24T09:14:59.142+0000] {manager.py:997} INFO - 
================================================================================
DAG File Processing Stats

File Path                                    PID  Runtime      # DAGs    # Errors  Last Runtime    Last Run               Last # of DB Queries
-----------------------------------------  -----  ---------  --------  ----------  --------------  -------------------  ----------------------
/opt/airflow/dags/driven_data_pipeline.py    154  0.01s             0           1  0.09s           2025-11-24T09:14:28                       5
================================================================================
[2025-11-24T09:15:29.479+0000] {manager.py:997} INFO - 
================================================================================
DAG File Processing Stats

File Path                                    PID  Runtime      # DAGs    # Errors  Last Runtime    Last Run               Last # of DB Queries
-----------------------------------------  -----  ---------  --------  ----------  --------------  -------------------  ----------------------
/opt/airflow/dags/driven_data_pipeline.py    161  0.01s             0           1  0.09s           2025-11-24T09:14:59                       5
================================================================================
[2025-11-24T09:20:51.602+0000] {manager.py:483} INFO - Processing files using up to 2 processes at a time 
[2025-11-24T09:20:51.614+0000] {manager.py:484} INFO - Process each file at most once every 30 seconds
[2025-11-24T09:20:51.616+0000] {manager.py:485} INFO - Checking for new files in /opt/airflow/dags every 300 seconds
[2025-11-24T09:20:51.616+0000] {manager.py:821} INFO - Searching for files in /opt/airflow/dags
[2025-11-24T09:20:51.627+0000] {manager.py:824} INFO - There are 1 files in /opt/airflow/dags
[2025-11-24T09:20:52.110+0000] {manager.py:997} INFO - 
================================================================================
DAG File Processing Stats

File Path                                    PID  Runtime      # DAGs    # Errors  Last Runtime    Last Run      Last # of DB Queries
-----------------------------------------  -----  ---------  --------  ----------  --------------  ----------  ----------------------
/opt/airflow/dags/driven_data_pipeline.py     65  0.06s             0           0                                                   0
================================================================================
[2025-11-24T09:21:22.726+0000] {manager.py:997} INFO - 
================================================================================
DAG File Processing Stats

File Path                                    PID  Runtime      # DAGs    # Errors  Last Runtime    Last Run               Last # of DB Queries
-----------------------------------------  -----  ---------  --------  ----------  --------------  -------------------  ----------------------
/opt/airflow/dags/driven_data_pipeline.py     71  0.01s             0           1  0.21s           2025-11-24T09:20:52                       3
================================================================================
[2025-11-24T09:21:52.766+0000] {manager.py:997} INFO - 
================================================================================
DAG File Processing Stats

File Path                                  PID    Runtime      # DAGs    # Errors  Last Runtime    Last Run               Last # of DB Queries
-----------------------------------------  -----  ---------  --------  ----------  --------------  -------------------  ----------------------
/opt/airflow/dags/driven_data_pipeline.py                           0           1  0.72s           2025-11-24T09:21:23                       5
================================================================================
[2025-11-24T09:22:23.095+0000] {manager.py:997} INFO - 
================================================================================
DAG File Processing Stats

File Path                                  PID    Runtime      # DAGs    # Errors  Last Runtime    Last Run               Last # of DB Queries
-----------------------------------------  -----  ---------  --------  ----------  --------------  -------------------  ----------------------
/opt/airflow/dags/driven_data_pipeline.py                           0           1  0.14s           2025-11-24T09:21:53                       5
================================================================================
[2025-11-24T09:22:53.483+0000] {manager.py:997} INFO - 
================================================================================
DAG File Processing Stats

File Path                                  PID    Runtime      # DAGs    # Errors  Last Runtime    Last Run               Last # of DB Queries
-----------------------------------------  -----  ---------  --------  ----------  --------------  -------------------  ----------------------
/opt/airflow/dags/driven_data_pipeline.py                           0           1  0.28s           2025-11-24T09:22:24                       5
================================================================================
[2025-11-24T09:23:23.792+0000] {manager.py:997} INFO - 
================================================================================
DAG File Processing Stats

File Path                                  PID    Runtime      # DAGs    # Errors  Last Runtime    Last Run               Last # of DB Queries
-----------------------------------------  -----  ---------  --------  ----------  --------------  -------------------  ----------------------
/opt/airflow/dags/driven_data_pipeline.py                           0           1  0.11s           2025-11-24T09:22:54                       5
================================================================================
[2025-11-24T09:23:54.341+0000] {manager.py:997} INFO - 
================================================================================
DAG File Processing Stats

File Path                                  PID    Runtime      # DAGs    # Errors  Last Runtime    Last Run               Last # of DB Queries
-----------------------------------------  -----  ---------  --------  ----------  --------------  -------------------  ----------------------
/opt/airflow/dags/driven_data_pipeline.py                           0           1  0.09s           2025-11-24T09:23:24                       5
================================================================================
[2025-11-24T09:24:24.654+0000] {manager.py:997} INFO - 
================================================================================
DAG File Processing Stats

File Path                                  PID    Runtime      # DAGs    # Errors  Last Runtime    Last Run               Last # of DB Queries
-----------------------------------------  -----  ---------  --------  ----------  --------------  -------------------  ----------------------
/opt/airflow/dags/driven_data_pipeline.py                           0           1  0.10s           2025-11-24T09:23:55                       5
================================================================================
[2025-11-24T09:24:55.094+0000] {manager.py:997} INFO - 
================================================================================
DAG File Processing Stats

File Path                                  PID    Runtime      # DAGs    # Errors  Last Runtime    Last Run               Last # of DB Queries
-----------------------------------------  -----  ---------  --------  ----------  --------------  -------------------  ----------------------
/opt/airflow/dags/driven_data_pipeline.py                           0           1  0.12s           2025-11-24T09:24:25                       5
================================================================================
[2025-11-24T09:25:25.460+0000] {manager.py:997} INFO - 
================================================================================
DAG File Processing Stats

File Path                                  PID    Runtime      # DAGs    # Errors  Last Runtime    Last Run               Last # of DB Queries
-----------------------------------------  -----  ---------  --------  ----------  --------------  -------------------  ----------------------
/opt/airflow/dags/driven_data_pipeline.py                           0           1  0.12s           2025-11-24T09:24:56                       5
================================================================================
[2025-11-24T09:25:51.803+0000] {manager.py:821} INFO - Searching for files in /opt/airflow/dags
[2025-11-24T09:25:51.828+0000] {manager.py:824} INFO - There are 1 files in /opt/airflow/dags
[2025-11-24T09:25:55.922+0000] {manager.py:997} INFO - 
================================================================================
DAG File Processing Stats

File Path                                  PID    Runtime      # DAGs    # Errors  Last Runtime    Last Run               Last # of DB Queries
-----------------------------------------  -----  ---------  --------  ----------  --------------  -------------------  ----------------------
/opt/airflow/dags/driven_data_pipeline.py                           0           1  0.15s           2025-11-24T09:25:26                       5
================================================================================
[2025-11-24T09:26:26.256+0000] {manager.py:997} INFO - 
================================================================================
DAG File Processing Stats

File Path                                  PID    Runtime      # DAGs    # Errors  Last Runtime    Last Run               Last # of DB Queries
-----------------------------------------  -----  ---------  --------  ----------  --------------  -------------------  ----------------------
/opt/airflow/dags/driven_data_pipeline.py                           0           1  0.12s           2025-11-24T09:25:57                       5
================================================================================
[2025-11-24T09:26:56.707+0000] {manager.py:997} INFO - 
================================================================================
DAG File Processing Stats

File Path                                  PID    Runtime      # DAGs    # Errors  Last Runtime    Last Run               Last # of DB Queries
-----------------------------------------  -----  ---------  --------  ----------  --------------  -------------------  ----------------------
/opt/airflow/dags/driven_data_pipeline.py                           0           1  0.11s           2025-11-24T09:26:27                       5
================================================================================
[2025-11-24T09:27:27.055+0000] {manager.py:997} INFO - 
================================================================================
DAG File Processing Stats

File Path                                  PID    Runtime      # DAGs    # Errors  Last Runtime    Last Run               Last # of DB Queries
-----------------------------------------  -----  ---------  --------  ----------  --------------  -------------------  ----------------------
/opt/airflow/dags/driven_data_pipeline.py                           0           1  0.09s           2025-11-24T09:26:57                       5
================================================================================
[2025-11-24T09:27:57.852+0000] {manager.py:997} INFO - 
================================================================================
DAG File Processing Stats

File Path                                  PID    Runtime      # DAGs    # Errors  Last Runtime    Last Run               Last # of DB Queries
-----------------------------------------  -----  ---------  --------  ----------  --------------  -------------------  ----------------------
/opt/airflow/dags/driven_data_pipeline.py                           0           1  0.09s           2025-11-24T09:27:28                       5
================================================================================
[2025-11-24T09:28:28.204+0000] {manager.py:997} INFO - 
================================================================================
DAG File Processing Stats

File Path                                  PID    Runtime      # DAGs    # Errors  Last Runtime    Last Run               Last # of DB Queries
-----------------------------------------  -----  ---------  --------  ----------  --------------  -------------------  ----------------------
/opt/airflow/dags/driven_data_pipeline.py                           0           1  0.10s           2025-11-24T09:27:58                       5
================================================================================
[2025-11-24T09:28:58.571+0000] {manager.py:997} INFO - 
================================================================================
DAG File Processing Stats

File Path                                  PID    Runtime      # DAGs    # Errors  Last Runtime    Last Run               Last # of DB Queries
-----------------------------------------  -----  ---------  --------  ----------  --------------  -------------------  ----------------------
/opt/airflow/dags/driven_data_pipeline.py                           0           1  0.08s           2025-11-24T09:28:29                       5
================================================================================
[2025-11-24T09:29:28.884+0000] {manager.py:997} INFO - 
================================================================================
DAG File Processing Stats

File Path                                  PID    Runtime      # DAGs    # Errors  Last Runtime    Last Run               Last # of DB Queries
-----------------------------------------  -----  ---------  --------  ----------  --------------  -------------------  ----------------------
/opt/airflow/dags/driven_data_pipeline.py                           0           1  0.08s           2025-11-24T09:28:59                       5
================================================================================
[2025-11-24T09:29:59.534+0000] {manager.py:997} INFO - 
================================================================================
DAG File Processing Stats

File Path                                  PID    Runtime      # DAGs    # Errors  Last Runtime    Last Run               Last # of DB Queries
-----------------------------------------  -----  ---------  --------  ----------  --------------  -------------------  ----------------------
/opt/airflow/dags/driven_data_pipeline.py                           0           1  0.12s           2025-11-24T09:29:56                       5
================================================================================
[2025-11-24T09:30:29.836+0000] {manager.py:997} INFO - 
================================================================================
DAG File Processing Stats

File Path                                  PID    Runtime      # DAGs    # Errors  Last Runtime    Last Run               Last # of DB Queries
-----------------------------------------  -----  ---------  --------  ----------  --------------  -------------------  ----------------------
/opt/airflow/dags/driven_data_pipeline.py                           0           1  0.09s           2025-11-24T09:30:10                       5
================================================================================
[2025-11-24T09:30:52.092+0000] {manager.py:821} INFO - Searching for files in /opt/airflow/dags
[2025-11-24T09:30:52.117+0000] {manager.py:824} INFO - There are 1 files in /opt/airflow/dags
[2025-11-24T09:31:00.274+0000] {manager.py:997} INFO - 
================================================================================
DAG File Processing Stats

File Path                                  PID    Runtime      # DAGs    # Errors  Last Runtime    Last Run               Last # of DB Queries
-----------------------------------------  -----  ---------  --------  ----------  --------------  -------------------  ----------------------
/opt/airflow/dags/driven_data_pipeline.py                           0           1  0.10s           2025-11-24T09:30:41                       5
================================================================================
[2025-11-24T09:31:30.638+0000] {manager.py:997} INFO - 
================================================================================
DAG File Processing Stats

File Path                                  PID    Runtime      # DAGs    # Errors  Last Runtime    Last Run               Last # of DB Queries
-----------------------------------------  -----  ---------  --------  ----------  --------------  -------------------  ----------------------
/opt/airflow/dags/driven_data_pipeline.py                           0           1  0.14s           2025-11-24T09:31:11                       5
================================================================================
[2025-11-24T09:31:42.464+0000] {manager.py:465} INFO - Exiting gracefully upon receiving signal 15
[2025-11-24T09:31:42.469+0000] {manager.py:465} INFO - Exiting gracefully upon receiving signal 15
[2025-11-24T09:34:07.210+0000] {manager.py:483} INFO - Processing files using up to 2 processes at a time 
[2025-11-24T09:34:07.221+0000] {manager.py:484} INFO - Process each file at most once every 30 seconds
[2025-11-24T09:34:07.223+0000] {manager.py:485} INFO - Checking for new files in /opt/airflow/dags every 300 seconds
[2025-11-24T09:34:07.224+0000] {manager.py:821} INFO - Searching for files in /opt/airflow/dags
[2025-11-24T09:34:07.245+0000] {manager.py:824} INFO - There are 1 files in /opt/airflow/dags
[2025-11-24T09:34:07.830+0000] {manager.py:997} INFO - 
================================================================================
DAG File Processing Stats

File Path                                    PID  Runtime      # DAGs    # Errors  Last Runtime    Last Run      Last # of DB Queries
-----------------------------------------  -----  ---------  --------  ----------  --------------  ----------  ----------------------
/opt/airflow/dags/driven_data_pipeline.py     64  0.09s             0           0                                                   0
================================================================================
[2025-11-24T09:34:38.755+0000] {manager.py:997} INFO - 
================================================================================
DAG File Processing Stats

File Path                                    PID  Runtime      # DAGs    # Errors  Last Runtime    Last Run               Last # of DB Queries
-----------------------------------------  -----  ---------  --------  ----------  --------------  -------------------  ----------------------
/opt/airflow/dags/driven_data_pipeline.py     71  0.03s             0           1  0.28s           2025-11-24T09:34:07                       5
================================================================================
[2025-11-24T09:35:09.053+0000] {manager.py:997} INFO - 
================================================================================
DAG File Processing Stats

File Path                                  PID    Runtime      # DAGs    # Errors  Last Runtime    Last Run               Last # of DB Queries
-----------------------------------------  -----  ---------  --------  ----------  --------------  -------------------  ----------------------
/opt/airflow/dags/driven_data_pipeline.py                           0           1  1.00s           2025-11-24T09:34:39                       5
================================================================================
[2025-11-24T09:35:53.921+0000] {manager.py:997} INFO - 
================================================================================
DAG File Processing Stats

File Path                                    PID  Runtime      # DAGs    # Errors  Last Runtime    Last Run               Last # of DB Queries
-----------------------------------------  -----  ---------  --------  ----------  --------------  -------------------  ----------------------
/opt/airflow/dags/driven_data_pipeline.py     85  0.04s             0           1  0.47s           2025-11-24T09:35:10                       5
================================================================================
[2025-11-24T09:36:24.496+0000] {manager.py:997} INFO - 
================================================================================
DAG File Processing Stats

File Path                                  PID    Runtime      # DAGs    # Errors  Last Runtime    Last Run               Last # of DB Queries
-----------------------------------------  -----  ---------  --------  ----------  --------------  -------------------  ----------------------
/opt/airflow/dags/driven_data_pipeline.py                           0           1  1.24s           2025-11-24T09:35:55                       5
================================================================================
[2025-11-24T09:36:54.834+0000] {manager.py:997} INFO - 
================================================================================
DAG File Processing Stats

File Path                                  PID    Runtime      # DAGs    # Errors  Last Runtime    Last Run               Last # of DB Queries
-----------------------------------------  -----  ---------  --------  ----------  --------------  -------------------  ----------------------
/opt/airflow/dags/driven_data_pipeline.py                           0           1  0.10s           2025-11-24T09:36:25                       5
================================================================================
[2025-11-24T09:37:25.198+0000] {manager.py:997} INFO - 
================================================================================
DAG File Processing Stats

File Path                                  PID    Runtime      # DAGs    # Errors  Last Runtime    Last Run               Last # of DB Queries
-----------------------------------------  -----  ---------  --------  ----------  --------------  -------------------  ----------------------
/opt/airflow/dags/driven_data_pipeline.py                           0           1  0.08s           2025-11-24T09:36:55                       5
================================================================================
[2025-11-24T09:37:55.564+0000] {manager.py:997} INFO - 
================================================================================
DAG File Processing Stats

File Path                                  PID    Runtime      # DAGs    # Errors  Last Runtime    Last Run               Last # of DB Queries
-----------------------------------------  -----  ---------  --------  ----------  --------------  -------------------  ----------------------
/opt/airflow/dags/driven_data_pipeline.py                           0           1  0.10s           2025-11-24T09:37:26                       5
================================================================================
[2025-11-24T09:38:26.074+0000] {manager.py:997} INFO - 
================================================================================
DAG File Processing Stats

File Path                                  PID    Runtime      # DAGs    # Errors  Last Runtime    Last Run               Last # of DB Queries
-----------------------------------------  -----  ---------  --------  ----------  --------------  -------------------  ----------------------
/opt/airflow/dags/driven_data_pipeline.py                           0           1  0.09s           2025-11-24T09:37:56                       5
================================================================================
[2025-11-24T09:38:56.433+0000] {manager.py:997} INFO - 
================================================================================
DAG File Processing Stats

File Path                                  PID    Runtime      # DAGs    # Errors  Last Runtime    Last Run               Last # of DB Queries
-----------------------------------------  -----  ---------  --------  ----------  --------------  -------------------  ----------------------
/opt/airflow/dags/driven_data_pipeline.py                           0           1  0.11s           2025-11-24T09:38:27                       5
================================================================================
[2025-11-24T09:39:07.554+0000] {manager.py:821} INFO - Searching for files in /opt/airflow/dags
[2025-11-24T09:39:07.572+0000] {manager.py:824} INFO - There are 1 files in /opt/airflow/dags
[2025-11-24T09:39:26.799+0000] {manager.py:997} INFO - 
================================================================================
DAG File Processing Stats

File Path                                  PID    Runtime      # DAGs    # Errors  Last Runtime    Last Run               Last # of DB Queries
-----------------------------------------  -----  ---------  --------  ----------  --------------  -------------------  ----------------------
/opt/airflow/dags/driven_data_pipeline.py                           0           1  0.10s           2025-11-24T09:38:57                       5
================================================================================
[2025-11-24T09:39:57.245+0000] {manager.py:997} INFO - 
================================================================================
DAG File Processing Stats

File Path                                  PID    Runtime      # DAGs    # Errors  Last Runtime    Last Run               Last # of DB Queries
-----------------------------------------  -----  ---------  --------  ----------  --------------  -------------------  ----------------------
/opt/airflow/dags/driven_data_pipeline.py                           1           0  0.22s           2025-11-24T09:39:56                      11
================================================================================
[2025-11-24T09:40:27.770+0000] {manager.py:997} INFO - 
================================================================================
DAG File Processing Stats

File Path                                  PID    Runtime      # DAGs    # Errors  Last Runtime    Last Run               Last # of DB Queries
-----------------------------------------  -----  ---------  --------  ----------  --------------  -------------------  ----------------------
/opt/airflow/dags/driven_data_pipeline.py                           1           0  0.17s           2025-11-24T09:40:17                      12
================================================================================
[2025-11-24T09:40:58.196+0000] {manager.py:997} INFO - 
================================================================================
DAG File Processing Stats

File Path                                  PID    Runtime      # DAGs    # Errors  Last Runtime    Last Run               Last # of DB Queries
-----------------------------------------  -----  ---------  --------  ----------  --------------  -------------------  ----------------------
/opt/airflow/dags/driven_data_pipeline.py                           1           0  0.23s           2025-11-24T09:40:48                      12
================================================================================
[2025-11-24T09:41:28.541+0000] {manager.py:997} INFO - 
================================================================================
DAG File Processing Stats

File Path                                  PID    Runtime      # DAGs    # Errors  Last Runtime    Last Run               Last # of DB Queries
-----------------------------------------  -----  ---------  --------  ----------  --------------  -------------------  ----------------------
/opt/airflow/dags/driven_data_pipeline.py                           1           0  0.49s           2025-11-24T09:41:18                      12
================================================================================
[2025-11-24T09:41:39.544+0000] {manager.py:465} INFO - Exiting gracefully upon receiving signal 15
[2025-11-24T09:42:59.954+0000] {manager.py:483} INFO - Processing files using up to 2 processes at a time 
[2025-11-24T09:42:59.970+0000] {manager.py:484} INFO - Process each file at most once every 30 seconds
[2025-11-24T09:42:59.972+0000] {manager.py:485} INFO - Checking for new files in /opt/airflow/dags every 300 seconds
[2025-11-24T09:42:59.972+0000] {manager.py:821} INFO - Searching for files in /opt/airflow/dags
[2025-11-24T09:42:59.998+0000] {manager.py:824} INFO - There are 1 files in /opt/airflow/dags
[2025-11-24T09:43:00.867+0000] {manager.py:997} INFO - 
================================================================================
DAG File Processing Stats

File Path                                    PID  Runtime      # DAGs    # Errors  Last Runtime    Last Run      Last # of DB Queries
-----------------------------------------  -----  ---------  --------  ----------  --------------  ----------  ----------------------
/opt/airflow/dags/driven_data_pipeline.py     65  0.09s             0           0                                                   0
================================================================================
[2025-11-24T09:43:30.972+0000] {manager.py:997} INFO - 
================================================================================
DAG File Processing Stats

File Path                                  PID    Runtime      # DAGs    # Errors  Last Runtime    Last Run               Last # of DB Queries
-----------------------------------------  -----  ---------  --------  ----------  --------------  -------------------  ----------------------
/opt/airflow/dags/driven_data_pipeline.py                           1           0  0.56s           2025-11-24T09:43:01                      12
================================================================================
[2025-11-24T09:44:04.906+0000] {manager.py:997} INFO - 
================================================================================
DAG File Processing Stats

File Path                                  PID    Runtime      # DAGs    # Errors  Last Runtime    Last Run               Last # of DB Queries
-----------------------------------------  -----  ---------  --------  ----------  --------------  -------------------  ----------------------
/opt/airflow/dags/driven_data_pipeline.py                           1           0  1.87s           2025-11-24T09:43:33                      12
================================================================================
[2025-11-24T09:44:55.656+0000] {manager.py:997} INFO - 
================================================================================
DAG File Processing Stats

File Path                                    PID  Runtime      # DAGs    # Errors  Last Runtime    Last Run               Last # of DB Queries
-----------------------------------------  -----  ---------  --------  ----------  --------------  -------------------  ----------------------
/opt/airflow/dags/driven_data_pipeline.py     79  0.40s             1           0  1.87s           2025-11-24T09:43:33                      12
================================================================================
[2025-11-24T09:46:09.557+0000] {manager.py:1366} ERROR - Processor for /opt/airflow/dags/driven_data_pipeline.py with PID 79 started at 2025-11-24T09:44:53.665530+00:00 has timed out, killing it.
[2025-11-24T09:46:10.086+0000] {manager.py:997} INFO - 
================================================================================
DAG File Processing Stats

File Path                                  PID    Runtime      # DAGs    # Errors  Last Runtime    Last Run               Last # of DB Queries
-----------------------------------------  -----  ---------  --------  ----------  --------------  -------------------  ----------------------
/opt/airflow/dags/driven_data_pipeline.py                           0           1  75.89s          2025-11-24T09:46:09                       0
================================================================================
[2025-11-24T09:46:42.214+0000] {manager.py:997} INFO - 
================================================================================
DAG File Processing Stats

File Path                                    PID  Runtime      # DAGs    # Errors  Last Runtime    Last Run               Last # of DB Queries
-----------------------------------------  -----  ---------  --------  ----------  --------------  -------------------  ----------------------
/opt/airflow/dags/driven_data_pipeline.py     86  0.01s             0           1  75.89s          2025-11-24T09:46:09                       0
================================================================================
[2025-11-24T09:47:27.059+0000] {manager.py:997} INFO - 
================================================================================
DAG File Processing Stats

File Path                                  PID    Runtime      # DAGs    # Errors  Last Runtime    Last Run               Last # of DB Queries
-----------------------------------------  -----  ---------  --------  ----------  --------------  -------------------  ----------------------
/opt/airflow/dags/driven_data_pipeline.py                           1           0  2.02s           2025-11-24T09:46:44                      34
================================================================================
[2025-11-24T09:48:22.882+0000] {manager.py:821} INFO - Searching for files in /opt/airflow/dags
[2025-11-24T09:48:23.006+0000] {manager.py:824} INFO - There are 1 files in /opt/airflow/dags
[2025-11-24T09:48:23.531+0000] {manager.py:997} INFO - 
================================================================================
DAG File Processing Stats

File Path                                    PID  Runtime      # DAGs    # Errors  Last Runtime    Last Run               Last # of DB Queries
-----------------------------------------  -----  ---------  --------  ----------  --------------  -------------------  ----------------------
/opt/airflow/dags/driven_data_pipeline.py     93  0.05s             1           0  2.02s           2025-11-24T09:46:44                      34
================================================================================
[2025-11-24T09:48:54.029+0000] {manager.py:997} INFO - 
================================================================================
DAG File Processing Stats

File Path                                  PID    Runtime      # DAGs    # Errors  Last Runtime    Last Run               Last # of DB Queries
-----------------------------------------  -----  ---------  --------  ----------  --------------  -------------------  ----------------------
/opt/airflow/dags/driven_data_pipeline.py                           1           0  1.29s           2025-11-24T09:48:24                      12
================================================================================
[2025-11-24T09:49:24.514+0000] {manager.py:997} INFO - 
================================================================================
DAG File Processing Stats

File Path                                  PID    Runtime      # DAGs    # Errors  Last Runtime    Last Run               Last # of DB Queries
-----------------------------------------  -----  ---------  --------  ----------  --------------  -------------------  ----------------------
/opt/airflow/dags/driven_data_pipeline.py                           1           0  0.21s           2025-11-24T09:48:55                      12
================================================================================
[2025-11-24T09:49:54.595+0000] {manager.py:997} INFO - 
================================================================================
DAG File Processing Stats

File Path                                  PID    Runtime      # DAGs    # Errors  Last Runtime    Last Run               Last # of DB Queries
-----------------------------------------  -----  ---------  --------  ----------  --------------  -------------------  ----------------------
/opt/airflow/dags/driven_data_pipeline.py                           1           0  0.19s           2025-11-24T09:49:25                      12
================================================================================
[2025-11-24T09:50:24.684+0000] {manager.py:997} INFO - 
================================================================================
DAG File Processing Stats

File Path                                  PID    Runtime      # DAGs    # Errors  Last Runtime    Last Run               Last # of DB Queries
-----------------------------------------  -----  ---------  --------  ----------  --------------  -------------------  ----------------------
/opt/airflow/dags/driven_data_pipeline.py                           1           0  0.22s           2025-11-24T09:49:56                      12
================================================================================
[2025-11-24T09:50:54.812+0000] {manager.py:997} INFO - 
================================================================================
DAG File Processing Stats

File Path                                  PID    Runtime      # DAGs    # Errors  Last Runtime    Last Run               Last # of DB Queries
-----------------------------------------  -----  ---------  --------  ----------  --------------  -------------------  ----------------------
/opt/airflow/dags/driven_data_pipeline.py                           1           0  0.23s           2025-11-24T09:50:26                      12
================================================================================
[2025-11-24T09:53:02.126+0000] {manager.py:997} INFO - 
================================================================================
DAG File Processing Stats

File Path                                    PID  Runtime      # DAGs    # Errors  Last Runtime    Last Run               Last # of DB Queries
-----------------------------------------  -----  ---------  --------  ----------  --------------  -------------------  ----------------------
/opt/airflow/dags/driven_data_pipeline.py    131  0.11s             1           0  0.85s           2025-11-24T09:50:57                      12
================================================================================
[2025-11-24T09:53:39.785+0000] {manager.py:821} INFO - Searching for files in /opt/airflow/dags
[2025-11-24T09:53:48.000+0000] {manager.py:824} INFO - There are 1 files in /opt/airflow/dags
[2025-11-24T09:56:13.281+0000] {manager.py:1366} ERROR - Processor for /opt/airflow/dags/driven_data_pipeline.py with PID 131 started at 2025-11-24T09:53:01.830331+00:00 has timed out, killing it.
[2025-11-24T09:56:13.493+0000] {manager.py:997} INFO - 
================================================================================
DAG File Processing Stats

File Path                                  PID    Runtime      # DAGs    # Errors  Last Runtime    Last Run               Last # of DB Queries
-----------------------------------------  -----  ---------  --------  ----------  --------------  -------------------  ----------------------
/opt/airflow/dags/driven_data_pipeline.py                           0           1  191.45s         2025-11-24T09:56:13                       0
================================================================================
[2025-11-24T09:56:43.946+0000] {manager.py:997} INFO - 
================================================================================
DAG File Processing Stats

File Path                                    PID  Runtime      # DAGs    # Errors  Last Runtime    Last Run               Last # of DB Queries
-----------------------------------------  -----  ---------  --------  ----------  --------------  -------------------  ----------------------
/opt/airflow/dags/driven_data_pipeline.py    137  0.00s             0           1  191.45s         2025-11-24T09:56:13                       0
================================================================================
[2025-11-24T09:57:05.855+0000] {manager.py:465} INFO - Exiting gracefully upon receiving signal 15
[2025-11-24T10:00:35.396+0000] {manager.py:483} INFO - Processing files using up to 2 processes at a time 
[2025-11-24T10:00:35.419+0000] {manager.py:484} INFO - Process each file at most once every 30 seconds
[2025-11-24T10:00:35.420+0000] {manager.py:485} INFO - Checking for new files in /opt/airflow/dags every 300 seconds
[2025-11-24T10:00:35.421+0000] {manager.py:821} INFO - Searching for files in /opt/airflow/dags
[2025-11-24T10:00:35.436+0000] {manager.py:824} INFO - There are 1 files in /opt/airflow/dags
[2025-11-24T10:00:36.360+0000] {manager.py:997} INFO - 
================================================================================
DAG File Processing Stats

File Path                                    PID  Runtime      # DAGs    # Errors  Last Runtime    Last Run      Last # of DB Queries
-----------------------------------------  -----  ---------  --------  ----------  --------------  ----------  ----------------------
/opt/airflow/dags/driven_data_pipeline.py     65  0.53s             0           0                                                   0
================================================================================
[2025-11-24T10:01:06.521+0000] {manager.py:997} INFO - 
================================================================================
DAG File Processing Stats

File Path                                  PID    Runtime      # DAGs    # Errors  Last Runtime    Last Run               Last # of DB Queries
-----------------------------------------  -----  ---------  --------  ----------  --------------  -------------------  ----------------------
/opt/airflow/dags/driven_data_pipeline.py                           1           0  3.83s           2025-11-24T10:00:39                      34
================================================================================
[2025-11-24T10:01:38.060+0000] {manager.py:997} INFO - 
================================================================================
DAG File Processing Stats

File Path                                  PID    Runtime      # DAGs    # Errors  Last Runtime    Last Run               Last # of DB Queries
-----------------------------------------  -----  ---------  --------  ----------  --------------  -------------------  ----------------------
/opt/airflow/dags/driven_data_pipeline.py                           1           0  0.90s           2025-11-24T10:01:10                      12
================================================================================
[2025-11-24T10:02:25.034+0000] {manager.py:997} INFO - 
================================================================================
DAG File Processing Stats

File Path                                  PID    Runtime      # DAGs    # Errors  Last Runtime    Last Run               Last # of DB Queries
-----------------------------------------  -----  ---------  --------  ----------  --------------  -------------------  ----------------------
/opt/airflow/dags/driven_data_pipeline.py                           1           0  1.51s           2025-11-24T10:01:45                      12
================================================================================
[2025-11-24T10:03:43.906+0000] {manager.py:1366} ERROR - Processor for /opt/airflow/dags/driven_data_pipeline.py with PID 86 started at 2025-11-24T10:02:35.546445+00:00 has timed out, killing it.
[2025-11-24T10:03:44.183+0000] {manager.py:997} INFO - 
================================================================================
DAG File Processing Stats

File Path                                  PID    Runtime      # DAGs    # Errors  Last Runtime    Last Run               Last # of DB Queries
-----------------------------------------  -----  ---------  --------  ----------  --------------  -------------------  ----------------------
/opt/airflow/dags/driven_data_pipeline.py                           0           1  65.39s          2025-11-24T10:03:40                       0
================================================================================
[2025-11-24T10:05:12.067+0000] {manager.py:997} INFO - 
================================================================================
DAG File Processing Stats

File Path                                    PID  Runtime      # DAGs    # Errors  Last Runtime    Last Run               Last # of DB Queries
-----------------------------------------  -----  ---------  --------  ----------  --------------  -------------------  ----------------------
/opt/airflow/dags/driven_data_pipeline.py     87  1.02s             0           1  65.39s          2025-11-24T10:03:40                       0
================================================================================
[2025-11-24T10:05:35.586+0000] {manager.py:821} INFO - Searching for files in /opt/airflow/dags
[2025-11-24T10:05:35.596+0000] {manager.py:824} INFO - There are 1 files in /opt/airflow/dags
[2025-11-24T10:05:42.138+0000] {manager.py:997} INFO - 
================================================================================
DAG File Processing Stats

File Path                                  PID    Runtime      # DAGs    # Errors  Last Runtime    Last Run               Last # of DB Queries
-----------------------------------------  -----  ---------  --------  ----------  --------------  -------------------  ----------------------
/opt/airflow/dags/driven_data_pipeline.py                           1           0  47.32s          2025-11-24T10:05:13                      34
================================================================================
[2025-11-24T10:06:12.371+0000] {manager.py:997} INFO - 
================================================================================
DAG File Processing Stats

File Path                                  PID    Runtime      # DAGs    # Errors  Last Runtime    Last Run               Last # of DB Queries
-----------------------------------------  -----  ---------  --------  ----------  --------------  -------------------  ----------------------
/opt/airflow/dags/driven_data_pipeline.py                           1           0  0.22s           2025-11-24T10:05:44                      12
================================================================================
[2025-11-24T10:07:56.460+0000] {manager.py:997} INFO - 
================================================================================
DAG File Processing Stats

File Path                                    PID  Runtime      # DAGs    # Errors  Last Runtime    Last Run               Last # of DB Queries
-----------------------------------------  -----  ---------  --------  ----------  --------------  -------------------  ----------------------
/opt/airflow/dags/driven_data_pipeline.py    102  7.34s             1           0  0.18s           2025-11-24T10:06:15                      12
================================================================================
[2025-11-24T10:10:10.248+0000] {manager.py:483} INFO - Processing files using up to 2 processes at a time 
[2025-11-24T10:10:10.271+0000] {manager.py:484} INFO - Process each file at most once every 30 seconds
[2025-11-24T10:10:10.272+0000] {manager.py:485} INFO - Checking for new files in /opt/airflow/dags every 300 seconds
[2025-11-24T10:10:10.275+0000] {manager.py:821} INFO - Searching for files in /opt/airflow/dags
[2025-11-24T10:10:10.300+0000] {manager.py:824} INFO - There are 1 files in /opt/airflow/dags
[2025-11-24T10:10:10.642+0000] {manager.py:997} INFO - 
================================================================================
DAG File Processing Stats

File Path                                    PID  Runtime      # DAGs    # Errors  Last Runtime    Last Run      Last # of DB Queries
-----------------------------------------  -----  ---------  --------  ----------  --------------  ----------  ----------------------
/opt/airflow/dags/driven_data_pipeline.py     61  0.08s             0           0                                                   0
================================================================================
[2025-11-24T10:10:41.064+0000] {manager.py:997} INFO - 
================================================================================
DAG File Processing Stats

File Path                                  PID    Runtime      # DAGs    # Errors  Last Runtime    Last Run               Last # of DB Queries
-----------------------------------------  -----  ---------  --------  ----------  --------------  -------------------  ----------------------
/opt/airflow/dags/driven_data_pipeline.py                           1           0  0.56s           2025-11-24T10:10:11                      12
================================================================================
[2025-11-24T10:11:11.572+0000] {manager.py:997} INFO - 
================================================================================
DAG File Processing Stats

File Path                                  PID    Runtime      # DAGs    # Errors  Last Runtime    Last Run               Last # of DB Queries
-----------------------------------------  -----  ---------  --------  ----------  --------------  -------------------  ----------------------
/opt/airflow/dags/driven_data_pipeline.py                           1           0  1.54s           2025-11-24T10:10:42                      12
================================================================================
[2025-11-24T10:11:15.402+0000] {manager.py:465} INFO - Exiting gracefully upon receiving signal 15
[2025-11-24T10:16:44.129+0000] {manager.py:483} INFO - Processing files using up to 2 processes at a time 
[2025-11-24T10:16:44.142+0000] {manager.py:484} INFO - Process each file at most once every 30 seconds
[2025-11-24T10:16:44.143+0000] {manager.py:485} INFO - Checking for new files in /opt/airflow/dags every 300 seconds
[2025-11-24T10:16:44.143+0000] {manager.py:821} INFO - Searching for files in /opt/airflow/dags
[2025-11-24T10:16:44.161+0000] {manager.py:824} INFO - There are 1 files in /opt/airflow/dags
[2025-11-24T10:16:44.676+0000] {manager.py:997} INFO - 
================================================================================
DAG File Processing Stats

File Path                                    PID  Runtime      # DAGs    # Errors  Last Runtime    Last Run      Last # of DB Queries
-----------------------------------------  -----  ---------  --------  ----------  --------------  ----------  ----------------------
/opt/airflow/dags/driven_data_pipeline.py     66  0.11s             0           0                                                   0
================================================================================
[2025-11-24T10:17:12.393+0000] {manager.py:465} INFO - Exiting gracefully upon receiving signal 15
[2025-11-24T10:17:28.624+0000] {manager.py:483} INFO - Processing files using up to 2 processes at a time 
[2025-11-24T10:17:28.626+0000] {manager.py:484} INFO - Process each file at most once every 30 seconds
[2025-11-24T10:17:28.627+0000] {manager.py:485} INFO - Checking for new files in /opt/airflow/dags every 300 seconds
[2025-11-24T10:17:28.627+0000] {manager.py:821} INFO - Searching for files in /opt/airflow/dags
[2025-11-24T10:17:28.642+0000] {manager.py:824} INFO - There are 1 files in /opt/airflow/dags
[2025-11-24T10:17:28.736+0000] {manager.py:997} INFO - 
================================================================================
DAG File Processing Stats

File Path                                    PID  Runtime      # DAGs    # Errors  Last Runtime    Last Run      Last # of DB Queries
-----------------------------------------  -----  ---------  --------  ----------  --------------  ----------  ----------------------
/opt/airflow/dags/driven_data_pipeline.py     40  0.02s             0           0                                                   0
================================================================================
[2025-11-24T10:17:59.069+0000] {manager.py:997} INFO - 
================================================================================
DAG File Processing Stats

File Path                                    PID  Runtime      # DAGs    # Errors  Last Runtime    Last Run               Last # of DB Queries
-----------------------------------------  -----  ---------  --------  ----------  --------------  -------------------  ----------------------
/opt/airflow/dags/driven_data_pipeline.py     47  0.00s             1           0  0.14s           2025-11-24T10:17:28                      12
================================================================================
[2025-11-24T10:18:29.439+0000] {manager.py:997} INFO - 
================================================================================
DAG File Processing Stats

File Path                                    PID  Runtime      # DAGs    # Errors  Last Runtime    Last Run               Last # of DB Queries
-----------------------------------------  -----  ---------  --------  ----------  --------------  -------------------  ----------------------
/opt/airflow/dags/driven_data_pipeline.py     60  0.01s             1           0  0.16s           2025-11-24T10:17:59                      12
================================================================================
[2025-11-24T10:18:59.856+0000] {manager.py:997} INFO - 
================================================================================
DAG File Processing Stats

File Path                                    PID  Runtime      # DAGs    # Errors  Last Runtime    Last Run               Last # of DB Queries
-----------------------------------------  -----  ---------  --------  ----------  --------------  -------------------  ----------------------
/opt/airflow/dags/driven_data_pipeline.py     67  0.01s             1           0  0.14s           2025-11-24T10:18:29                      12
================================================================================
[2025-11-24T10:19:30.215+0000] {manager.py:997} INFO - 
================================================================================
DAG File Processing Stats

File Path                                    PID  Runtime      # DAGs    # Errors  Last Runtime    Last Run               Last # of DB Queries
-----------------------------------------  -----  ---------  --------  ----------  --------------  -------------------  ----------------------
/opt/airflow/dags/driven_data_pipeline.py     74  0.01s             1           0  0.33s           2025-11-24T10:19:00                      12
================================================================================
[2025-11-24T10:20:00.394+0000] {manager.py:997} INFO - 
================================================================================
DAG File Processing Stats

File Path                                  PID    Runtime      # DAGs    # Errors  Last Runtime    Last Run               Last # of DB Queries
-----------------------------------------  -----  ---------  --------  ----------  --------------  -------------------  ----------------------
/opt/airflow/dags/driven_data_pipeline.py                           1           0  0.47s           2025-11-24T10:19:30                      12
================================================================================
[2025-11-24T10:20:30.756+0000] {manager.py:997} INFO - 
================================================================================
DAG File Processing Stats

File Path                                  PID    Runtime      # DAGs    # Errors  Last Runtime    Last Run               Last # of DB Queries
-----------------------------------------  -----  ---------  --------  ----------  --------------  -------------------  ----------------------
/opt/airflow/dags/driven_data_pipeline.py                           1           0  0.66s           2025-11-24T10:20:02                      12
================================================================================
[2025-11-24T10:21:01.068+0000] {manager.py:997} INFO - 
================================================================================
DAG File Processing Stats

File Path                                  PID    Runtime      # DAGs    # Errors  Last Runtime    Last Run               Last # of DB Queries
-----------------------------------------  -----  ---------  --------  ----------  --------------  -------------------  ----------------------
/opt/airflow/dags/driven_data_pipeline.py                           1           0  0.45s           2025-11-24T10:20:32                      12
================================================================================
[2025-11-24T10:21:31.437+0000] {manager.py:997} INFO - 
================================================================================
DAG File Processing Stats

File Path                                  PID    Runtime      # DAGs    # Errors  Last Runtime    Last Run               Last # of DB Queries
-----------------------------------------  -----  ---------  --------  ----------  --------------  -------------------  ----------------------
/opt/airflow/dags/driven_data_pipeline.py                           1           0  0.37s           2025-11-24T10:21:03                      12
================================================================================
[2025-11-24T10:22:01.460+0000] {manager.py:997} INFO - 
================================================================================
DAG File Processing Stats

File Path                                  PID    Runtime      # DAGs    # Errors  Last Runtime    Last Run               Last # of DB Queries
-----------------------------------------  -----  ---------  --------  ----------  --------------  -------------------  ----------------------
/opt/airflow/dags/driven_data_pipeline.py                           1           0  0.18s           2025-11-24T10:21:34                      12
================================================================================
[2025-11-24T10:22:28.751+0000] {manager.py:821} INFO - Searching for files in /opt/airflow/dags
[2025-11-24T10:22:28.758+0000] {manager.py:824} INFO - There are 1 files in /opt/airflow/dags
[2025-11-24T10:22:31.820+0000] {manager.py:997} INFO - 
================================================================================
DAG File Processing Stats

File Path                                  PID    Runtime      # DAGs    # Errors  Last Runtime    Last Run               Last # of DB Queries
-----------------------------------------  -----  ---------  --------  ----------  --------------  -------------------  ----------------------
/opt/airflow/dags/driven_data_pipeline.py                           1           0  0.19s           2025-11-24T10:22:04                      12
================================================================================
[2025-11-24T10:23:02.157+0000] {manager.py:997} INFO - 
================================================================================
DAG File Processing Stats

File Path                                  PID    Runtime      # DAGs    # Errors  Last Runtime    Last Run               Last # of DB Queries
-----------------------------------------  -----  ---------  --------  ----------  --------------  -------------------  ----------------------
/opt/airflow/dags/driven_data_pipeline.py                           1           0  0.19s           2025-11-24T10:22:35                      12
================================================================================
[2025-11-24T10:23:32.608+0000] {manager.py:997} INFO - 
================================================================================
DAG File Processing Stats

File Path                                  PID    Runtime      # DAGs    # Errors  Last Runtime    Last Run               Last # of DB Queries
-----------------------------------------  -----  ---------  --------  ----------  --------------  -------------------  ----------------------
/opt/airflow/dags/driven_data_pipeline.py                           1           0  0.20s           2025-11-24T10:23:05                      12
================================================================================
[2025-11-24T10:24:02.966+0000] {manager.py:997} INFO - 
================================================================================
DAG File Processing Stats

File Path                                  PID    Runtime      # DAGs    # Errors  Last Runtime    Last Run               Last # of DB Queries
-----------------------------------------  -----  ---------  --------  ----------  --------------  -------------------  ----------------------
/opt/airflow/dags/driven_data_pipeline.py                           1           0  0.26s           2025-11-24T10:23:35                      12
================================================================================
[2025-11-24T10:24:33.316+0000] {manager.py:997} INFO - 
================================================================================
DAG File Processing Stats

File Path                                  PID    Runtime      # DAGs    # Errors  Last Runtime    Last Run               Last # of DB Queries
-----------------------------------------  -----  ---------  --------  ----------  --------------  -------------------  ----------------------
/opt/airflow/dags/driven_data_pipeline.py                           1           0  0.17s           2025-11-24T10:24:06                      12
================================================================================
[2025-11-24T10:25:03.729+0000] {manager.py:997} INFO - 
================================================================================
DAG File Processing Stats

File Path                                  PID    Runtime      # DAGs    # Errors  Last Runtime    Last Run               Last # of DB Queries
-----------------------------------------  -----  ---------  --------  ----------  --------------  -------------------  ----------------------
/opt/airflow/dags/driven_data_pipeline.py                           1           0  0.18s           2025-11-24T10:24:36                      12
================================================================================
[2025-11-24T10:25:34.066+0000] {manager.py:997} INFO - 
================================================================================
DAG File Processing Stats

File Path                                  PID    Runtime      # DAGs    # Errors  Last Runtime    Last Run               Last # of DB Queries
-----------------------------------------  -----  ---------  --------  ----------  --------------  -------------------  ----------------------
/opt/airflow/dags/driven_data_pipeline.py                           1           0  0.17s           2025-11-24T10:25:06                      12
================================================================================
[2025-11-24T10:26:04.464+0000] {manager.py:997} INFO - 
================================================================================
DAG File Processing Stats

File Path                                  PID    Runtime      # DAGs    # Errors  Last Runtime    Last Run               Last # of DB Queries
-----------------------------------------  -----  ---------  --------  ----------  --------------  -------------------  ----------------------
/opt/airflow/dags/driven_data_pipeline.py                           1           0  0.15s           2025-11-24T10:25:37                      12
================================================================================
[2025-11-24T10:26:34.800+0000] {manager.py:997} INFO - 
================================================================================
DAG File Processing Stats

File Path                                  PID    Runtime      # DAGs    # Errors  Last Runtime    Last Run               Last # of DB Queries
-----------------------------------------  -----  ---------  --------  ----------  --------------  -------------------  ----------------------
/opt/airflow/dags/driven_data_pipeline.py                           1           0  0.15s           2025-11-24T10:26:07                      12
================================================================================
[2025-11-24T10:27:05.201+0000] {manager.py:997} INFO - 
================================================================================
DAG File Processing Stats

File Path                                  PID    Runtime      # DAGs    # Errors  Last Runtime    Last Run               Last # of DB Queries
-----------------------------------------  -----  ---------  --------  ----------  --------------  -------------------  ----------------------
/opt/airflow/dags/driven_data_pipeline.py                           1           0  0.17s           2025-11-24T10:26:38                      12
================================================================================
[2025-11-24T10:27:29.496+0000] {manager.py:821} INFO - Searching for files in /opt/airflow/dags
[2025-11-24T10:27:29.507+0000] {manager.py:824} INFO - There are 1 files in /opt/airflow/dags
[2025-11-24T10:27:35.589+0000] {manager.py:997} INFO - 
================================================================================
DAG File Processing Stats

File Path                                  PID    Runtime      # DAGs    # Errors  Last Runtime    Last Run               Last # of DB Queries
-----------------------------------------  -----  ---------  --------  ----------  --------------  -------------------  ----------------------
/opt/airflow/dags/driven_data_pipeline.py                           1           0  0.15s           2025-11-24T10:27:08                      12
================================================================================
[2025-11-24T10:28:05.929+0000] {manager.py:997} INFO - 
================================================================================
DAG File Processing Stats

File Path                                  PID    Runtime      # DAGs    # Errors  Last Runtime    Last Run               Last # of DB Queries
-----------------------------------------  -----  ---------  --------  ----------  --------------  -------------------  ----------------------
/opt/airflow/dags/driven_data_pipeline.py                           1           0  0.16s           2025-11-24T10:27:38                      12
================================================================================
[2025-11-24T10:28:36.352+0000] {manager.py:997} INFO - 
================================================================================
DAG File Processing Stats

File Path                                  PID    Runtime      # DAGs    # Errors  Last Runtime    Last Run               Last # of DB Queries
-----------------------------------------  -----  ---------  --------  ----------  --------------  -------------------  ----------------------
/opt/airflow/dags/driven_data_pipeline.py                           1           0  0.16s           2025-11-24T10:28:09                      12
================================================================================
[2025-11-24T10:29:06.671+0000] {manager.py:997} INFO - 
================================================================================
DAG File Processing Stats

File Path                                  PID    Runtime      # DAGs    # Errors  Last Runtime    Last Run               Last # of DB Queries
-----------------------------------------  -----  ---------  --------  ----------  --------------  -------------------  ----------------------
/opt/airflow/dags/driven_data_pipeline.py                           1           0  0.17s           2025-11-24T10:28:39                      12
================================================================================
[2025-11-24T10:29:36.971+0000] {manager.py:997} INFO - 
================================================================================
DAG File Processing Stats

File Path                                  PID    Runtime      # DAGs    # Errors  Last Runtime    Last Run               Last # of DB Queries
-----------------------------------------  -----  ---------  --------  ----------  --------------  -------------------  ----------------------
/opt/airflow/dags/driven_data_pipeline.py                           1           0  0.14s           2025-11-24T10:29:09                      12
================================================================================
[2025-11-24T10:30:07.377+0000] {manager.py:997} INFO - 
================================================================================
DAG File Processing Stats

File Path                                  PID    Runtime      # DAGs    # Errors  Last Runtime    Last Run               Last # of DB Queries
-----------------------------------------  -----  ---------  --------  ----------  --------------  -------------------  ----------------------
/opt/airflow/dags/driven_data_pipeline.py                           1           0  0.15s           2025-11-24T10:29:40                      12
================================================================================
[2025-11-24T10:30:37.719+0000] {manager.py:997} INFO - 
================================================================================
DAG File Processing Stats

File Path                                  PID    Runtime      # DAGs    # Errors  Last Runtime    Last Run               Last # of DB Queries
-----------------------------------------  -----  ---------  --------  ----------  --------------  -------------------  ----------------------
/opt/airflow/dags/driven_data_pipeline.py                           1           0  0.16s           2025-11-24T10:30:10                      12
================================================================================
[2025-11-24T10:31:08.105+0000] {manager.py:997} INFO - 
================================================================================
DAG File Processing Stats

File Path                                  PID    Runtime      # DAGs    # Errors  Last Runtime    Last Run               Last # of DB Queries
-----------------------------------------  -----  ---------  --------  ----------  --------------  -------------------  ----------------------
/opt/airflow/dags/driven_data_pipeline.py                           1           0  0.16s           2025-11-24T10:30:40                      12
================================================================================
[2025-11-24T10:31:38.453+0000] {manager.py:997} INFO - 
================================================================================
DAG File Processing Stats

File Path                                  PID    Runtime      # DAGs    # Errors  Last Runtime    Last Run               Last # of DB Queries
-----------------------------------------  -----  ---------  --------  ----------  --------------  -------------------  ----------------------
/opt/airflow/dags/driven_data_pipeline.py                           1           0  0.14s           2025-11-24T10:31:11                      12
================================================================================
[2025-11-24T10:32:08.828+0000] {manager.py:997} INFO - 
================================================================================
DAG File Processing Stats

File Path                                  PID    Runtime      # DAGs    # Errors  Last Runtime    Last Run               Last # of DB Queries
-----------------------------------------  -----  ---------  --------  ----------  --------------  -------------------  ----------------------
/opt/airflow/dags/driven_data_pipeline.py                           1           0  0.16s           2025-11-24T10:31:41                      12
================================================================================
[2025-11-24T10:32:30.120+0000] {manager.py:821} INFO - Searching for files in /opt/airflow/dags
[2025-11-24T10:32:30.126+0000] {manager.py:824} INFO - There are 1 files in /opt/airflow/dags
[2025-11-24T10:32:39.253+0000] {manager.py:997} INFO - 
================================================================================
DAG File Processing Stats

File Path                                  PID    Runtime      # DAGs    # Errors  Last Runtime    Last Run               Last # of DB Queries
-----------------------------------------  -----  ---------  --------  ----------  --------------  -------------------  ----------------------
/opt/airflow/dags/driven_data_pipeline.py                           1           0  0.16s           2025-11-24T10:32:12                      12
================================================================================
[2025-11-24T10:33:09.613+0000] {manager.py:997} INFO - 
================================================================================
DAG File Processing Stats

File Path                                  PID    Runtime      # DAGs    # Errors  Last Runtime    Last Run               Last # of DB Queries
-----------------------------------------  -----  ---------  --------  ----------  --------------  -------------------  ----------------------
/opt/airflow/dags/driven_data_pipeline.py                           1           0  0.14s           2025-11-24T10:32:42                      12
================================================================================
[2025-11-24T10:33:39.981+0000] {manager.py:997} INFO - 
================================================================================
DAG File Processing Stats

File Path                                  PID    Runtime      # DAGs    # Errors  Last Runtime    Last Run               Last # of DB Queries
-----------------------------------------  -----  ---------  --------  ----------  --------------  -------------------  ----------------------
/opt/airflow/dags/driven_data_pipeline.py                           1           0  0.14s           2025-11-24T10:33:12                      12
================================================================================
[2025-11-24T10:34:10.251+0000] {manager.py:997} INFO - 
================================================================================
DAG File Processing Stats

File Path                                  PID    Runtime      # DAGs    # Errors  Last Runtime    Last Run               Last # of DB Queries
-----------------------------------------  -----  ---------  --------  ----------  --------------  -------------------  ----------------------
/opt/airflow/dags/driven_data_pipeline.py                           1           0  0.15s           2025-11-24T10:33:43                      12
================================================================================
[2025-11-24T10:34:40.534+0000] {manager.py:997} INFO - 
================================================================================
DAG File Processing Stats

File Path                                  PID    Runtime      # DAGs    # Errors  Last Runtime    Last Run               Last # of DB Queries
-----------------------------------------  -----  ---------  --------  ----------  --------------  -------------------  ----------------------
/opt/airflow/dags/driven_data_pipeline.py                           1           0  0.15s           2025-11-24T10:34:13                      12
================================================================================
[2025-11-24T10:35:10.861+0000] {manager.py:997} INFO - 
================================================================================
DAG File Processing Stats

File Path                                  PID    Runtime      # DAGs    # Errors  Last Runtime    Last Run               Last # of DB Queries
-----------------------------------------  -----  ---------  --------  ----------  --------------  -------------------  ----------------------
/opt/airflow/dags/driven_data_pipeline.py                           1           0  0.15s           2025-11-24T10:34:43                      12
================================================================================
[2025-11-24T10:35:41.240+0000] {manager.py:997} INFO - 
================================================================================
DAG File Processing Stats

File Path                                  PID    Runtime      # DAGs    # Errors  Last Runtime    Last Run               Last # of DB Queries
-----------------------------------------  -----  ---------  --------  ----------  --------------  -------------------  ----------------------
/opt/airflow/dags/driven_data_pipeline.py                           1           0  0.15s           2025-11-24T10:35:14                      12
================================================================================
[2025-11-24T10:36:11.660+0000] {manager.py:997} INFO - 
================================================================================
DAG File Processing Stats

File Path                                  PID    Runtime      # DAGs    # Errors  Last Runtime    Last Run               Last # of DB Queries
-----------------------------------------  -----  ---------  --------  ----------  --------------  -------------------  ----------------------
/opt/airflow/dags/driven_data_pipeline.py                           1           0  0.23s           2025-11-24T10:35:44                      12
================================================================================
[2025-11-24T10:36:42.042+0000] {manager.py:997} INFO - 
================================================================================
DAG File Processing Stats

File Path                                  PID    Runtime      # DAGs    # Errors  Last Runtime    Last Run               Last # of DB Queries
-----------------------------------------  -----  ---------  --------  ----------  --------------  -------------------  ----------------------
/opt/airflow/dags/driven_data_pipeline.py                           1           0  0.55s           2025-11-24T10:36:15                      12
================================================================================
[2025-11-24T10:37:12.361+0000] {manager.py:997} INFO - 
================================================================================
DAG File Processing Stats

File Path                                  PID    Runtime      # DAGs    # Errors  Last Runtime    Last Run               Last # of DB Queries
-----------------------------------------  -----  ---------  --------  ----------  --------------  -------------------  ----------------------
/opt/airflow/dags/driven_data_pipeline.py                           1           0  0.71s           2025-11-24T10:36:46                      12
================================================================================
[2025-11-24T10:37:31.053+0000] {manager.py:821} INFO - Searching for files in /opt/airflow/dags
[2025-11-24T10:37:31.061+0000] {manager.py:824} INFO - There are 1 files in /opt/airflow/dags
[2025-11-24T10:37:43.213+0000] {manager.py:997} INFO - 
================================================================================
DAG File Processing Stats

File Path                                  PID    Runtime      # DAGs    # Errors  Last Runtime    Last Run               Last # of DB Queries
-----------------------------------------  -----  ---------  --------  ----------  --------------  -------------------  ----------------------
/opt/airflow/dags/driven_data_pipeline.py                           1           0  0.20s           2025-11-24T10:37:16                      12
================================================================================
[2025-11-24T10:38:13.568+0000] {manager.py:997} INFO - 
================================================================================
DAG File Processing Stats

File Path                                  PID    Runtime      # DAGs    # Errors  Last Runtime    Last Run               Last # of DB Queries
-----------------------------------------  -----  ---------  --------  ----------  --------------  -------------------  ----------------------
/opt/airflow/dags/driven_data_pipeline.py                           1           0  0.27s           2025-11-24T10:37:47                      12
================================================================================
[2025-11-24T10:38:44.056+0000] {manager.py:997} INFO - 
================================================================================
DAG File Processing Stats

File Path                                  PID    Runtime      # DAGs    # Errors  Last Runtime    Last Run               Last # of DB Queries
-----------------------------------------  -----  ---------  --------  ----------  --------------  -------------------  ----------------------
/opt/airflow/dags/driven_data_pipeline.py                           1           0  0.16s           2025-11-24T10:38:17                      12
================================================================================
[2025-11-24T10:39:14.508+0000] {manager.py:997} INFO - 
================================================================================
DAG File Processing Stats

File Path                                  PID    Runtime      # DAGs    # Errors  Last Runtime    Last Run               Last # of DB Queries
-----------------------------------------  -----  ---------  --------  ----------  --------------  -------------------  ----------------------
/opt/airflow/dags/driven_data_pipeline.py                           1           0  0.17s           2025-11-24T10:38:48                      12
================================================================================
[2025-11-24T10:39:44.811+0000] {manager.py:997} INFO - 
================================================================================
DAG File Processing Stats

File Path                                  PID    Runtime      # DAGs    # Errors  Last Runtime    Last Run               Last # of DB Queries
-----------------------------------------  -----  ---------  --------  ----------  --------------  -------------------  ----------------------
/opt/airflow/dags/driven_data_pipeline.py                           1           0  0.16s           2025-11-24T10:39:18                      12
================================================================================
[2025-11-24T10:40:15.221+0000] {manager.py:997} INFO - 
================================================================================
DAG File Processing Stats

File Path                                  PID    Runtime      # DAGs    # Errors  Last Runtime    Last Run               Last # of DB Queries
-----------------------------------------  -----  ---------  --------  ----------  --------------  -------------------  ----------------------
/opt/airflow/dags/driven_data_pipeline.py                           1           0  0.17s           2025-11-24T10:39:49                      12
================================================================================
[2025-11-24T10:40:45.666+0000] {manager.py:997} INFO - 
================================================================================
DAG File Processing Stats

File Path                                  PID    Runtime      # DAGs    # Errors  Last Runtime    Last Run               Last # of DB Queries
-----------------------------------------  -----  ---------  --------  ----------  --------------  -------------------  ----------------------
/opt/airflow/dags/driven_data_pipeline.py                           1           0  0.14s           2025-11-24T10:40:19                      12
================================================================================
[2025-11-24T10:41:16.252+0000] {manager.py:997} INFO - 
================================================================================
DAG File Processing Stats

File Path                                  PID    Runtime      # DAGs    # Errors  Last Runtime    Last Run               Last # of DB Queries
-----------------------------------------  -----  ---------  --------  ----------  --------------  -------------------  ----------------------
/opt/airflow/dags/driven_data_pipeline.py                           1           0  0.17s           2025-11-24T10:40:49                      12
================================================================================
[2025-11-24T10:42:44.162+0000] {manager.py:483} INFO - Processing files using up to 2 processes at a time 
[2025-11-24T10:42:44.175+0000] {manager.py:484} INFO - Process each file at most once every 30 seconds
[2025-11-24T10:42:44.175+0000] {manager.py:485} INFO - Checking for new files in /opt/airflow/dags every 300 seconds
[2025-11-24T10:42:44.176+0000] {manager.py:821} INFO - Searching for files in /opt/airflow/dags
[2025-11-24T10:42:44.188+0000] {manager.py:824} INFO - There are 1 files in /opt/airflow/dags
[2025-11-24T10:42:44.674+0000] {manager.py:997} INFO - 
================================================================================
DAG File Processing Stats

File Path                                    PID  Runtime      # DAGs    # Errors  Last Runtime    Last Run      Last # of DB Queries
-----------------------------------------  -----  ---------  --------  ----------  --------------  ----------  ----------------------
/opt/airflow/dags/driven_data_pipeline.py     57  0.10s             0           0                                                   0
================================================================================
[2025-11-24T10:43:14.924+0000] {manager.py:997} INFO - 
================================================================================
DAG File Processing Stats

File Path                                  PID    Runtime      # DAGs    # Errors  Last Runtime    Last Run               Last # of DB Queries
-----------------------------------------  -----  ---------  --------  ----------  --------------  -------------------  ----------------------
/opt/airflow/dags/driven_data_pipeline.py                           1           0  0.77s           2025-11-24T10:42:45                      12
================================================================================
[2025-11-24T10:43:44.976+0000] {manager.py:997} INFO - 
================================================================================
DAG File Processing Stats

File Path                                  PID    Runtime      # DAGs    # Errors  Last Runtime    Last Run               Last # of DB Queries
-----------------------------------------  -----  ---------  --------  ----------  --------------  -------------------  ----------------------
/opt/airflow/dags/driven_data_pipeline.py                           1           0  0.21s           2025-11-24T10:43:15                      12
================================================================================
[2025-11-24T10:44:15.515+0000] {manager.py:997} INFO - 
================================================================================
DAG File Processing Stats

File Path                                  PID    Runtime      # DAGs    # Errors  Last Runtime    Last Run               Last # of DB Queries
-----------------------------------------  -----  ---------  --------  ----------  --------------  -------------------  ----------------------
/opt/airflow/dags/driven_data_pipeline.py                           1           0  0.59s           2025-11-24T10:43:46                      12
================================================================================
[2025-11-24T10:44:46.261+0000] {manager.py:997} INFO - 
================================================================================
DAG File Processing Stats

File Path                                  PID    Runtime      # DAGs    # Errors  Last Runtime    Last Run               Last # of DB Queries
-----------------------------------------  -----  ---------  --------  ----------  --------------  -------------------  ----------------------
/opt/airflow/dags/driven_data_pipeline.py                           1           0  0.16s           2025-11-24T10:44:17                      12
================================================================================
[2025-11-24T10:45:16.729+0000] {manager.py:997} INFO - 
================================================================================
DAG File Processing Stats

File Path                                  PID    Runtime      # DAGs    # Errors  Last Runtime    Last Run               Last # of DB Queries
-----------------------------------------  -----  ---------  --------  ----------  --------------  -------------------  ----------------------
/opt/airflow/dags/driven_data_pipeline.py                           1           0  0.16s           2025-11-24T10:44:47                      12
================================================================================
[2025-11-24T10:45:47.081+0000] {manager.py:997} INFO - 
================================================================================
DAG File Processing Stats

File Path                                  PID    Runtime      # DAGs    # Errors  Last Runtime    Last Run               Last # of DB Queries
-----------------------------------------  -----  ---------  --------  ----------  --------------  -------------------  ----------------------
/opt/airflow/dags/driven_data_pipeline.py                           1           0  0.14s           2025-11-24T10:45:17                      12
================================================================================
[2025-11-24T10:46:17.476+0000] {manager.py:997} INFO - 
================================================================================
DAG File Processing Stats

File Path                                  PID    Runtime      # DAGs    # Errors  Last Runtime    Last Run               Last # of DB Queries
-----------------------------------------  -----  ---------  --------  ----------  --------------  -------------------  ----------------------
/opt/airflow/dags/driven_data_pipeline.py                           1           0  0.16s           2025-11-24T10:45:48                      12
================================================================================
[2025-11-24T10:46:47.858+0000] {manager.py:997} INFO - 
================================================================================
DAG File Processing Stats

File Path                                  PID    Runtime      # DAGs    # Errors  Last Runtime    Last Run               Last # of DB Queries
-----------------------------------------  -----  ---------  --------  ----------  --------------  -------------------  ----------------------
/opt/airflow/dags/driven_data_pipeline.py                           1           0  0.16s           2025-11-24T10:46:18                      12
================================================================================
[2025-11-24T10:47:18.295+0000] {manager.py:997} INFO - 
================================================================================
DAG File Processing Stats

File Path                                  PID    Runtime      # DAGs    # Errors  Last Runtime    Last Run               Last # of DB Queries
-----------------------------------------  -----  ---------  --------  ----------  --------------  -------------------  ----------------------
/opt/airflow/dags/driven_data_pipeline.py                           1           0  0.42s           2025-11-24T10:46:49                      12
================================================================================
[2025-11-24T10:47:44.836+0000] {manager.py:821} INFO - Searching for files in /opt/airflow/dags
[2025-11-24T10:47:44.869+0000] {manager.py:824} INFO - There are 1 files in /opt/airflow/dags
[2025-11-24T10:47:48.945+0000] {manager.py:997} INFO - 
================================================================================
DAG File Processing Stats

File Path                                  PID    Runtime      # DAGs    # Errors  Last Runtime    Last Run               Last # of DB Queries
-----------------------------------------  -----  ---------  --------  ----------  --------------  -------------------  ----------------------
/opt/airflow/dags/driven_data_pipeline.py                           1           0  0.33s           2025-11-24T10:47:19                      12
================================================================================
[2025-11-24T10:48:19.313+0000] {manager.py:997} INFO - 
================================================================================
DAG File Processing Stats

File Path                                  PID    Runtime      # DAGs    # Errors  Last Runtime    Last Run               Last # of DB Queries
-----------------------------------------  -----  ---------  --------  ----------  --------------  -------------------  ----------------------
/opt/airflow/dags/driven_data_pipeline.py                           1           0  0.32s           2025-11-24T10:47:50                      12
================================================================================
[2025-11-24T10:48:49.646+0000] {manager.py:997} INFO - 
================================================================================
DAG File Processing Stats

File Path                                  PID    Runtime      # DAGs    # Errors  Last Runtime    Last Run               Last # of DB Queries
-----------------------------------------  -----  ---------  --------  ----------  --------------  -------------------  ----------------------
/opt/airflow/dags/driven_data_pipeline.py                           1           0  0.15s           2025-11-24T10:48:20                      12
================================================================================
[2025-11-24T10:49:20.081+0000] {manager.py:997} INFO - 
================================================================================
DAG File Processing Stats

File Path                                  PID    Runtime      # DAGs    # Errors  Last Runtime    Last Run               Last # of DB Queries
-----------------------------------------  -----  ---------  --------  ----------  --------------  -------------------  ----------------------
/opt/airflow/dags/driven_data_pipeline.py                           1           0  0.15s           2025-11-24T10:48:50                      12
================================================================================
[2025-11-24T10:49:50.417+0000] {manager.py:997} INFO - 
================================================================================
DAG File Processing Stats

File Path                                  PID    Runtime      # DAGs    # Errors  Last Runtime    Last Run               Last # of DB Queries
-----------------------------------------  -----  ---------  --------  ----------  --------------  -------------------  ----------------------
/opt/airflow/dags/driven_data_pipeline.py                           1           0  1.43s           2025-11-24T10:49:22                      12
================================================================================
[2025-11-24T10:50:20.477+0000] {manager.py:997} INFO - 
================================================================================
DAG File Processing Stats

File Path                                  PID    Runtime      # DAGs    # Errors  Last Runtime    Last Run               Last # of DB Queries
-----------------------------------------  -----  ---------  --------  ----------  --------------  -------------------  ----------------------
/opt/airflow/dags/driven_data_pipeline.py                           1           0  0.35s           2025-11-24T10:49:53                      12
================================================================================
[2025-11-24T10:50:50.623+0000] {manager.py:997} INFO - 
================================================================================
DAG File Processing Stats

File Path                                  PID    Runtime      # DAGs    # Errors  Last Runtime    Last Run               Last # of DB Queries
-----------------------------------------  -----  ---------  --------  ----------  --------------  -------------------  ----------------------
/opt/airflow/dags/driven_data_pipeline.py                           1           0  1.16s           2025-11-24T10:50:24                      12
================================================================================
[2025-11-24T10:51:20.908+0000] {manager.py:997} INFO - 
================================================================================
DAG File Processing Stats

File Path                                  PID    Runtime      # DAGs    # Errors  Last Runtime    Last Run               Last # of DB Queries
-----------------------------------------  -----  ---------  --------  ----------  --------------  -------------------  ----------------------
/opt/airflow/dags/driven_data_pipeline.py                           1           0  0.91s           2025-11-24T10:50:55                      12
================================================================================
[2025-11-24T10:51:51.273+0000] {manager.py:997} INFO - 
================================================================================
DAG File Processing Stats

File Path                                  PID    Runtime      # DAGs    # Errors  Last Runtime    Last Run               Last # of DB Queries
-----------------------------------------  -----  ---------  --------  ----------  --------------  -------------------  ----------------------
/opt/airflow/dags/driven_data_pipeline.py                           1           0  0.19s           2025-11-24T10:51:26                      12
================================================================================
[2025-11-24T10:52:21.763+0000] {manager.py:997} INFO - 
================================================================================
DAG File Processing Stats

File Path                                  PID    Runtime      # DAGs    # Errors  Last Runtime    Last Run               Last # of DB Queries
-----------------------------------------  -----  ---------  --------  ----------  --------------  -------------------  ----------------------
/opt/airflow/dags/driven_data_pipeline.py                           1           0  0.20s           2025-11-24T10:51:56                      12
================================================================================
[2025-11-24T10:52:45.126+0000] {manager.py:821} INFO - Searching for files in /opt/airflow/dags
[2025-11-24T10:52:45.145+0000] {manager.py:824} INFO - There are 1 files in /opt/airflow/dags
[2025-11-24T10:52:51.810+0000] {manager.py:997} INFO - 
================================================================================
DAG File Processing Stats

File Path                                  PID    Runtime      # DAGs    # Errors  Last Runtime    Last Run               Last # of DB Queries
-----------------------------------------  -----  ---------  --------  ----------  --------------  -------------------  ----------------------
/opt/airflow/dags/driven_data_pipeline.py                           1           0  0.60s           2025-11-24T10:52:27                      12
================================================================================
[2025-11-24T10:53:22.129+0000] {manager.py:997} INFO - 
================================================================================
DAG File Processing Stats

File Path                                  PID    Runtime      # DAGs    # Errors  Last Runtime    Last Run               Last # of DB Queries
-----------------------------------------  -----  ---------  --------  ----------  --------------  -------------------  ----------------------
/opt/airflow/dags/driven_data_pipeline.py                           1           0  0.32s           2025-11-24T10:52:58                      12
================================================================================
[2025-11-24T10:53:52.758+0000] {manager.py:997} INFO - 
================================================================================
DAG File Processing Stats

File Path                                  PID    Runtime      # DAGs    # Errors  Last Runtime    Last Run               Last # of DB Queries
-----------------------------------------  -----  ---------  --------  ----------  --------------  -------------------  ----------------------
/opt/airflow/dags/driven_data_pipeline.py                           1           0  0.38s           2025-11-24T10:53:28                      12
================================================================================
[2025-11-24T10:54:23.451+0000] {manager.py:997} INFO - 
================================================================================
DAG File Processing Stats

File Path                                  PID    Runtime      # DAGs    # Errors  Last Runtime    Last Run               Last # of DB Queries
-----------------------------------------  -----  ---------  --------  ----------  --------------  -------------------  ----------------------
/opt/airflow/dags/driven_data_pipeline.py                           1           0  0.19s           2025-11-24T10:53:59                      12
================================================================================
[2025-11-24T10:54:53.861+0000] {manager.py:997} INFO - 
================================================================================
DAG File Processing Stats

File Path                                  PID    Runtime      # DAGs    # Errors  Last Runtime    Last Run               Last # of DB Queries
-----------------------------------------  -----  ---------  --------  ----------  --------------  -------------------  ----------------------
/opt/airflow/dags/driven_data_pipeline.py                           1           0  0.15s           2025-11-24T10:54:29                      12
================================================================================
[2025-11-24T10:55:24.223+0000] {manager.py:997} INFO - 
================================================================================
DAG File Processing Stats

File Path                                  PID    Runtime      # DAGs    # Errors  Last Runtime    Last Run               Last # of DB Queries
-----------------------------------------  -----  ---------  --------  ----------  --------------  -------------------  ----------------------
/opt/airflow/dags/driven_data_pipeline.py                           1           0  0.36s           2025-11-24T10:55:00                      12
================================================================================
[2025-11-24T10:55:54.233+0000] {manager.py:997} INFO - 
================================================================================
DAG File Processing Stats

File Path                                  PID    Runtime      # DAGs    # Errors  Last Runtime    Last Run               Last # of DB Queries
-----------------------------------------  -----  ---------  --------  ----------  --------------  -------------------  ----------------------
/opt/airflow/dags/driven_data_pipeline.py                           1           0  0.36s           2025-11-24T10:55:30                      12
================================================================================
[2025-11-24T10:56:24.559+0000] {manager.py:997} INFO - 
================================================================================
DAG File Processing Stats

File Path                                  PID    Runtime      # DAGs    # Errors  Last Runtime    Last Run               Last # of DB Queries
-----------------------------------------  -----  ---------  --------  ----------  --------------  -------------------  ----------------------
/opt/airflow/dags/driven_data_pipeline.py                           1           0  0.32s           2025-11-24T10:56:01                      12
================================================================================
[2025-11-24T10:56:55.219+0000] {manager.py:997} INFO - 
================================================================================
DAG File Processing Stats

File Path                                  PID    Runtime      # DAGs    # Errors  Last Runtime    Last Run               Last # of DB Queries
-----------------------------------------  -----  ---------  --------  ----------  --------------  -------------------  ----------------------
/opt/airflow/dags/driven_data_pipeline.py                           1           0  0.38s           2025-11-24T10:56:32                      12
================================================================================
[2025-11-24T10:57:25.612+0000] {manager.py:997} INFO - 
================================================================================
DAG File Processing Stats

File Path                                  PID    Runtime      # DAGs    # Errors  Last Runtime    Last Run               Last # of DB Queries
-----------------------------------------  -----  ---------  --------  ----------  --------------  -------------------  ----------------------
/opt/airflow/dags/driven_data_pipeline.py                           1           0  0.17s           2025-11-24T10:57:02                      12
================================================================================
[2025-11-24T10:57:45.858+0000] {manager.py:821} INFO - Searching for files in /opt/airflow/dags
[2025-11-24T10:57:45.878+0000] {manager.py:824} INFO - There are 1 files in /opt/airflow/dags
[2025-11-24T10:57:55.979+0000] {manager.py:997} INFO - 
================================================================================
DAG File Processing Stats

File Path                                  PID    Runtime      # DAGs    # Errors  Last Runtime    Last Run               Last # of DB Queries
-----------------------------------------  -----  ---------  --------  ----------  --------------  -------------------  ----------------------
/opt/airflow/dags/driven_data_pipeline.py                           1           0  0.18s           2025-11-24T10:57:32                      12
================================================================================
[2025-11-24T10:58:26.407+0000] {manager.py:997} INFO - 
================================================================================
DAG File Processing Stats

File Path                                  PID    Runtime      # DAGs    # Errors  Last Runtime    Last Run               Last # of DB Queries
-----------------------------------------  -----  ---------  --------  ----------  --------------  -------------------  ----------------------
/opt/airflow/dags/driven_data_pipeline.py                           1           0  0.36s           2025-11-24T10:58:03                      12
================================================================================
[2025-11-24T10:58:56.973+0000] {manager.py:997} INFO - 
================================================================================
DAG File Processing Stats

File Path                                  PID    Runtime      # DAGs    # Errors  Last Runtime    Last Run               Last # of DB Queries
-----------------------------------------  -----  ---------  --------  ----------  --------------  -------------------  ----------------------
/opt/airflow/dags/driven_data_pipeline.py                           1           0  0.32s           2025-11-24T10:58:33                      12
================================================================================
[2025-11-24T10:59:27.343+0000] {manager.py:997} INFO - 
================================================================================
DAG File Processing Stats

File Path                                  PID    Runtime      # DAGs    # Errors  Last Runtime    Last Run               Last # of DB Queries
-----------------------------------------  -----  ---------  --------  ----------  --------------  -------------------  ----------------------
/opt/airflow/dags/driven_data_pipeline.py                           1           0  0.36s           2025-11-24T10:59:04                      12
================================================================================
[2025-11-24T10:59:58.136+0000] {manager.py:997} INFO - 
================================================================================
DAG File Processing Stats

File Path                                  PID    Runtime      # DAGs    # Errors  Last Runtime    Last Run               Last # of DB Queries
-----------------------------------------  -----  ---------  --------  ----------  --------------  -------------------  ----------------------
/opt/airflow/dags/driven_data_pipeline.py                           1           0  0.29s           2025-11-24T10:59:34                      12
================================================================================
[2025-11-24T11:00:28.474+0000] {manager.py:997} INFO - 
================================================================================
DAG File Processing Stats

File Path                                  PID    Runtime      # DAGs    # Errors  Last Runtime    Last Run               Last # of DB Queries
-----------------------------------------  -----  ---------  --------  ----------  --------------  -------------------  ----------------------
/opt/airflow/dags/driven_data_pipeline.py                           1           0  0.28s           2025-11-24T11:00:05                      12
================================================================================
[2025-11-24T11:00:58.922+0000] {manager.py:997} INFO - 
================================================================================
DAG File Processing Stats

File Path                                  PID    Runtime      # DAGs    # Errors  Last Runtime    Last Run               Last # of DB Queries
-----------------------------------------  -----  ---------  --------  ----------  --------------  -------------------  ----------------------
/opt/airflow/dags/driven_data_pipeline.py                           1           0  0.15s           2025-11-24T11:00:35                      12
================================================================================
[2025-11-24T11:01:29.358+0000] {manager.py:997} INFO - 
================================================================================
DAG File Processing Stats

File Path                                  PID    Runtime      # DAGs    # Errors  Last Runtime    Last Run               Last # of DB Queries
-----------------------------------------  -----  ---------  --------  ----------  --------------  -------------------  ----------------------
/opt/airflow/dags/driven_data_pipeline.py                           1           0  0.18s           2025-11-24T11:01:06                      12
================================================================================
[2025-11-24T11:01:59.695+0000] {manager.py:997} INFO - 
================================================================================
DAG File Processing Stats

File Path                                  PID    Runtime      # DAGs    # Errors  Last Runtime    Last Run               Last # of DB Queries
-----------------------------------------  -----  ---------  --------  ----------  --------------  -------------------  ----------------------
/opt/airflow/dags/driven_data_pipeline.py                           1           0  0.14s           2025-11-24T11:01:36                      12
================================================================================
[2025-11-24T11:02:30.091+0000] {manager.py:997} INFO - 
================================================================================
DAG File Processing Stats

File Path                                  PID    Runtime      # DAGs    # Errors  Last Runtime    Last Run               Last # of DB Queries
-----------------------------------------  -----  ---------  --------  ----------  --------------  -------------------  ----------------------
/opt/airflow/dags/driven_data_pipeline.py                           1           0  0.15s           2025-11-24T11:02:06                      12
================================================================================
[2025-11-24T11:02:46.239+0000] {manager.py:821} INFO - Searching for files in /opt/airflow/dags
[2025-11-24T11:02:46.256+0000] {manager.py:824} INFO - There are 1 files in /opt/airflow/dags
[2025-11-24T11:03:00.397+0000] {manager.py:997} INFO - 
================================================================================
DAG File Processing Stats

File Path                                  PID    Runtime      # DAGs    # Errors  Last Runtime    Last Run               Last # of DB Queries
-----------------------------------------  -----  ---------  --------  ----------  --------------  -------------------  ----------------------
/opt/airflow/dags/driven_data_pipeline.py                           1           0  0.15s           2025-11-24T11:02:37                      12
================================================================================
[2025-11-24T11:03:30.736+0000] {manager.py:997} INFO - 
================================================================================
DAG File Processing Stats

File Path                                  PID    Runtime      # DAGs    # Errors  Last Runtime    Last Run               Last # of DB Queries
-----------------------------------------  -----  ---------  --------  ----------  --------------  -------------------  ----------------------
/opt/airflow/dags/driven_data_pipeline.py                           1           0  0.15s           2025-11-24T11:03:07                      12
================================================================================
[2025-11-24T11:04:01.163+0000] {manager.py:997} INFO - 
================================================================================
DAG File Processing Stats

File Path                                  PID    Runtime      # DAGs    # Errors  Last Runtime    Last Run               Last # of DB Queries
-----------------------------------------  -----  ---------  --------  ----------  --------------  -------------------  ----------------------
/opt/airflow/dags/driven_data_pipeline.py                           1           0  0.15s           2025-11-24T11:03:37                      12
================================================================================
[2025-11-24T11:04:31.539+0000] {manager.py:997} INFO - 
================================================================================
DAG File Processing Stats

File Path                                  PID    Runtime      # DAGs    # Errors  Last Runtime    Last Run               Last # of DB Queries
-----------------------------------------  -----  ---------  --------  ----------  --------------  -------------------  ----------------------
/opt/airflow/dags/driven_data_pipeline.py                           1           0  0.15s           2025-11-24T11:04:08                      12
================================================================================
[2025-11-24T11:05:01.909+0000] {manager.py:997} INFO - 
================================================================================
DAG File Processing Stats

File Path                                  PID    Runtime      # DAGs    # Errors  Last Runtime    Last Run               Last # of DB Queries
-----------------------------------------  -----  ---------  --------  ----------  --------------  -------------------  ----------------------
/opt/airflow/dags/driven_data_pipeline.py                           1           0  0.17s           2025-11-24T11:04:38                      12
================================================================================
[2025-11-24T11:05:32.286+0000] {manager.py:997} INFO - 
================================================================================
DAG File Processing Stats

File Path                                  PID    Runtime      # DAGs    # Errors  Last Runtime    Last Run               Last # of DB Queries
-----------------------------------------  -----  ---------  --------  ----------  --------------  -------------------  ----------------------
/opt/airflow/dags/driven_data_pipeline.py                           1           0  0.17s           2025-11-24T11:05:09                      12
================================================================================
[2025-11-24T11:06:02.597+0000] {manager.py:997} INFO - 
================================================================================
DAG File Processing Stats

File Path                                  PID    Runtime      # DAGs    # Errors  Last Runtime    Last Run               Last # of DB Queries
-----------------------------------------  -----  ---------  --------  ----------  --------------  -------------------  ----------------------
/opt/airflow/dags/driven_data_pipeline.py                           1           0  0.16s           2025-11-24T11:05:39                      12
================================================================================
[2025-11-24T11:06:32.976+0000] {manager.py:997} INFO - 
================================================================================
DAG File Processing Stats

File Path                                  PID    Runtime      # DAGs    # Errors  Last Runtime    Last Run               Last # of DB Queries
-----------------------------------------  -----  ---------  --------  ----------  --------------  -------------------  ----------------------
/opt/airflow/dags/driven_data_pipeline.py                           1           0  0.17s           2025-11-24T11:06:09                      12
================================================================================
[2025-11-24T11:07:03.266+0000] {manager.py:997} INFO - 
================================================================================
DAG File Processing Stats

File Path                                  PID    Runtime      # DAGs    # Errors  Last Runtime    Last Run               Last # of DB Queries
-----------------------------------------  -----  ---------  --------  ----------  --------------  -------------------  ----------------------
/opt/airflow/dags/driven_data_pipeline.py                           1           0  0.14s           2025-11-24T11:06:40                      12
================================================================================
[2025-11-24T11:07:33.624+0000] {manager.py:997} INFO - 
================================================================================
DAG File Processing Stats

File Path                                  PID    Runtime      # DAGs    # Errors  Last Runtime    Last Run               Last # of DB Queries
-----------------------------------------  -----  ---------  --------  ----------  --------------  -------------------  ----------------------
/opt/airflow/dags/driven_data_pipeline.py                           1           0  0.15s           2025-11-24T11:07:10                      12
================================================================================
[2025-11-24T11:07:46.799+0000] {manager.py:821} INFO - Searching for files in /opt/airflow/dags
[2025-11-24T11:07:46.809+0000] {manager.py:824} INFO - There are 1 files in /opt/airflow/dags
[2025-11-24T11:08:03.973+0000] {manager.py:997} INFO - 
================================================================================
DAG File Processing Stats

File Path                                  PID    Runtime      # DAGs    # Errors  Last Runtime    Last Run               Last # of DB Queries
-----------------------------------------  -----  ---------  --------  ----------  --------------  -------------------  ----------------------
/opt/airflow/dags/driven_data_pipeline.py                           1           0  0.14s           2025-11-24T11:07:40                      12
================================================================================
[2025-11-24T11:08:34.315+0000] {manager.py:997} INFO - 
================================================================================
DAG File Processing Stats

File Path                                  PID    Runtime      # DAGs    # Errors  Last Runtime    Last Run               Last # of DB Queries
-----------------------------------------  -----  ---------  --------  ----------  --------------  -------------------  ----------------------
/opt/airflow/dags/driven_data_pipeline.py                           1           0  0.16s           2025-11-24T11:08:11                      12
================================================================================
[2025-11-24T11:09:04.695+0000] {manager.py:997} INFO - 
================================================================================
DAG File Processing Stats

File Path                                  PID    Runtime      # DAGs    # Errors  Last Runtime    Last Run               Last # of DB Queries
-----------------------------------------  -----  ---------  --------  ----------  --------------  -------------------  ----------------------
/opt/airflow/dags/driven_data_pipeline.py                           1           0  0.16s           2025-11-24T11:08:41                      12
================================================================================
[2025-11-24T11:09:35.043+0000] {manager.py:997} INFO - 
================================================================================
DAG File Processing Stats

File Path                                  PID    Runtime      # DAGs    # Errors  Last Runtime    Last Run               Last # of DB Queries
-----------------------------------------  -----  ---------  --------  ----------  --------------  -------------------  ----------------------
/opt/airflow/dags/driven_data_pipeline.py                           1           0  0.14s           2025-11-24T11:09:11                      12
================================================================================
[2025-11-24T11:10:05.376+0000] {manager.py:997} INFO - 
================================================================================
DAG File Processing Stats

File Path                                  PID    Runtime      # DAGs    # Errors  Last Runtime    Last Run               Last # of DB Queries
-----------------------------------------  -----  ---------  --------  ----------  --------------  -------------------  ----------------------
/opt/airflow/dags/driven_data_pipeline.py                           1           0  0.19s           2025-11-24T11:09:42                      12
================================================================================
[2025-11-24T11:10:35.758+0000] {manager.py:997} INFO - 
================================================================================
DAG File Processing Stats

File Path                                  PID    Runtime      # DAGs    # Errors  Last Runtime    Last Run               Last # of DB Queries
-----------------------------------------  -----  ---------  --------  ----------  --------------  -------------------  ----------------------
/opt/airflow/dags/driven_data_pipeline.py                           1           0  0.14s           2025-11-24T11:10:12                      12
================================================================================
[2025-11-24T11:11:06.150+0000] {manager.py:997} INFO - 
================================================================================
DAG File Processing Stats

File Path                                  PID    Runtime      # DAGs    # Errors  Last Runtime    Last Run               Last # of DB Queries
-----------------------------------------  -----  ---------  --------  ----------  --------------  -------------------  ----------------------
/opt/airflow/dags/driven_data_pipeline.py                           1           0  0.17s           2025-11-24T11:10:43                      12
================================================================================
[2025-11-24T11:11:36.508+0000] {manager.py:997} INFO - 
================================================================================
DAG File Processing Stats

File Path                                  PID    Runtime      # DAGs    # Errors  Last Runtime    Last Run               Last # of DB Queries
-----------------------------------------  -----  ---------  --------  ----------  --------------  -------------------  ----------------------
/opt/airflow/dags/driven_data_pipeline.py                           1           0  0.17s           2025-11-24T11:11:13                      12
================================================================================
[2025-11-24T11:12:06.846+0000] {manager.py:997} INFO - 
================================================================================
DAG File Processing Stats

File Path                                  PID    Runtime      # DAGs    # Errors  Last Runtime    Last Run               Last # of DB Queries
-----------------------------------------  -----  ---------  --------  ----------  --------------  -------------------  ----------------------
/opt/airflow/dags/driven_data_pipeline.py                           1           0  0.16s           2025-11-24T11:11:43                      12
================================================================================
[2025-11-24T11:12:37.212+0000] {manager.py:997} INFO - 
================================================================================
DAG File Processing Stats

File Path                                  PID    Runtime      # DAGs    # Errors  Last Runtime    Last Run               Last # of DB Queries
-----------------------------------------  -----  ---------  --------  ----------  --------------  -------------------  ----------------------
/opt/airflow/dags/driven_data_pipeline.py                           1           0  0.17s           2025-11-24T11:12:14                      12
================================================================================
[2025-11-24T11:12:47.479+0000] {manager.py:821} INFO - Searching for files in /opt/airflow/dags
[2025-11-24T11:12:47.496+0000] {manager.py:824} INFO - There are 1 files in /opt/airflow/dags
[2025-11-24T11:13:07.724+0000] {manager.py:997} INFO - 
================================================================================
DAG File Processing Stats

File Path                                  PID    Runtime      # DAGs    # Errors  Last Runtime    Last Run               Last # of DB Queries
-----------------------------------------  -----  ---------  --------  ----------  --------------  -------------------  ----------------------
/opt/airflow/dags/driven_data_pipeline.py                           1           0  1.15s           2025-11-24T11:12:45                      12
================================================================================
[2025-11-24T11:13:38.052+0000] {manager.py:997} INFO - 
================================================================================
DAG File Processing Stats

File Path                                  PID    Runtime      # DAGs    # Errors  Last Runtime    Last Run               Last # of DB Queries
-----------------------------------------  -----  ---------  --------  ----------  --------------  -------------------  ----------------------
/opt/airflow/dags/driven_data_pipeline.py                           1           0  0.15s           2025-11-24T11:13:15                      12
================================================================================
[2025-11-24T11:14:08.574+0000] {manager.py:997} INFO - 
================================================================================
DAG File Processing Stats

File Path                                  PID    Runtime      # DAGs    # Errors  Last Runtime    Last Run               Last # of DB Queries
-----------------------------------------  -----  ---------  --------  ----------  --------------  -------------------  ----------------------
/opt/airflow/dags/driven_data_pipeline.py                           1           0  0.13s           2025-11-24T11:13:46                      12
================================================================================
[2025-11-24T11:14:38.912+0000] {manager.py:997} INFO - 
================================================================================
DAG File Processing Stats

File Path                                  PID    Runtime      # DAGs    # Errors  Last Runtime    Last Run               Last # of DB Queries
-----------------------------------------  -----  ---------  --------  ----------  --------------  -------------------  ----------------------
/opt/airflow/dags/driven_data_pipeline.py                           1           0  0.17s           2025-11-24T11:14:16                      12
================================================================================
[2025-11-24T11:19:09.579+0000] {manager.py:483} INFO - Processing files using up to 2 processes at a time 
[2025-11-24T11:19:09.596+0000] {manager.py:484} INFO - Process each file at most once every 30 seconds
[2025-11-24T11:19:09.597+0000] {manager.py:485} INFO - Checking for new files in /opt/airflow/dags every 300 seconds
[2025-11-24T11:19:09.598+0000] {manager.py:821} INFO - Searching for files in /opt/airflow/dags
[2025-11-24T11:19:09.620+0000] {manager.py:824} INFO - There are 1 files in /opt/airflow/dags
[2025-11-24T11:19:10.061+0000] {manager.py:997} INFO - 
================================================================================
DAG File Processing Stats

File Path                                    PID  Runtime      # DAGs    # Errors  Last Runtime    Last Run      Last # of DB Queries
-----------------------------------------  -----  ---------  --------  ----------  --------------  ----------  ----------------------
/opt/airflow/dags/driven_data_pipeline.py     65  0.05s             0           0                                                   0
================================================================================
[2025-11-24T11:19:40.387+0000] {manager.py:997} INFO - 
================================================================================
DAG File Processing Stats

File Path                                  PID    Runtime      # DAGs    # Errors  Last Runtime    Last Run               Last # of DB Queries
-----------------------------------------  -----  ---------  --------  ----------  --------------  -------------------  ----------------------
/opt/airflow/dags/driven_data_pipeline.py                           1           0  0.53s           2025-11-24T11:19:10                      12
================================================================================
[2025-11-24T11:20:10.732+0000] {manager.py:997} INFO - 
================================================================================
DAG File Processing Stats

File Path                                  PID    Runtime      # DAGs    # Errors  Last Runtime    Last Run               Last # of DB Queries
-----------------------------------------  -----  ---------  --------  ----------  --------------  -------------------  ----------------------
/opt/airflow/dags/driven_data_pipeline.py                           1           0  0.70s           2025-11-24T11:19:41                      12
================================================================================
[2025-11-24T11:20:41.352+0000] {manager.py:997} INFO - 
================================================================================
DAG File Processing Stats

File Path                                  PID    Runtime      # DAGs    # Errors  Last Runtime    Last Run               Last # of DB Queries
-----------------------------------------  -----  ---------  --------  ----------  --------------  -------------------  ----------------------
/opt/airflow/dags/driven_data_pipeline.py                           1           0  1.04s           2025-11-24T11:20:12                      12
================================================================================
[2025-11-24T11:21:11.777+0000] {manager.py:997} INFO - 
================================================================================
DAG File Processing Stats

File Path                                  PID    Runtime      # DAGs    # Errors  Last Runtime    Last Run               Last # of DB Queries
-----------------------------------------  -----  ---------  --------  ----------  --------------  -------------------  ----------------------
/opt/airflow/dags/driven_data_pipeline.py                           1           0  0.24s           2025-11-24T11:20:43                      12
================================================================================
[2025-11-24T11:21:42.445+0000] {manager.py:997} INFO - 
================================================================================
DAG File Processing Stats

File Path                                  PID    Runtime      # DAGs    # Errors  Last Runtime    Last Run               Last # of DB Queries
-----------------------------------------  -----  ---------  --------  ----------  --------------  -------------------  ----------------------
/opt/airflow/dags/driven_data_pipeline.py                           1           0  0.51s           2025-11-24T11:21:14                      12
================================================================================
[2025-11-24T11:22:12.970+0000] {manager.py:997} INFO - 
================================================================================
DAG File Processing Stats

File Path                                  PID    Runtime      # DAGs    # Errors  Last Runtime    Last Run               Last # of DB Queries
-----------------------------------------  -----  ---------  --------  ----------  --------------  -------------------  ----------------------
/opt/airflow/dags/driven_data_pipeline.py                           1           0  0.27s           2025-11-24T11:21:44                      12
================================================================================
[2025-11-24T11:22:43.360+0000] {manager.py:997} INFO - 
================================================================================
DAG File Processing Stats

File Path                                  PID    Runtime      # DAGs    # Errors  Last Runtime    Last Run               Last # of DB Queries
-----------------------------------------  -----  ---------  --------  ----------  --------------  -------------------  ----------------------
/opt/airflow/dags/driven_data_pipeline.py                           1           0  0.17s           2025-11-24T11:22:15                      12
================================================================================
[2025-11-24T11:23:13.708+0000] {manager.py:997} INFO - 
================================================================================
DAG File Processing Stats

File Path                                  PID    Runtime      # DAGs    # Errors  Last Runtime    Last Run               Last # of DB Queries
-----------------------------------------  -----  ---------  --------  ----------  --------------  -------------------  ----------------------
/opt/airflow/dags/driven_data_pipeline.py                           1           0  0.14s           2025-11-24T11:22:45                      12
================================================================================
[2025-11-24T11:23:44.178+0000] {manager.py:997} INFO - 
================================================================================
DAG File Processing Stats

File Path                                  PID    Runtime      # DAGs    # Errors  Last Runtime    Last Run               Last # of DB Queries
-----------------------------------------  -----  ---------  --------  ----------  --------------  -------------------  ----------------------
/opt/airflow/dags/driven_data_pipeline.py                           1           0  1.11s           2025-11-24T11:23:16                      12
================================================================================
[2025-11-24T11:24:09.873+0000] {manager.py:821} INFO - Searching for files in /opt/airflow/dags
[2025-11-24T11:24:09.891+0000] {manager.py:824} INFO - There are 1 files in /opt/airflow/dags
[2025-11-24T11:24:14.624+0000] {manager.py:997} INFO - 
================================================================================
DAG File Processing Stats

File Path                                  PID    Runtime      # DAGs    # Errors  Last Runtime    Last Run               Last # of DB Queries
-----------------------------------------  -----  ---------  --------  ----------  --------------  -------------------  ----------------------
/opt/airflow/dags/driven_data_pipeline.py                           1           0  0.42s           2025-11-24T11:23:47                      12
================================================================================
[2025-11-24T11:24:45.031+0000] {manager.py:997} INFO - 
================================================================================
DAG File Processing Stats

File Path                                  PID    Runtime      # DAGs    # Errors  Last Runtime    Last Run               Last # of DB Queries
-----------------------------------------  -----  ---------  --------  ----------  --------------  -------------------  ----------------------
/opt/airflow/dags/driven_data_pipeline.py                           1           0  0.99s           2025-11-24T11:24:18                      12
================================================================================
[2025-11-24T11:25:15.322+0000] {manager.py:997} INFO - 
================================================================================
DAG File Processing Stats

File Path                                  PID    Runtime      # DAGs    # Errors  Last Runtime    Last Run               Last # of DB Queries
-----------------------------------------  -----  ---------  --------  ----------  --------------  -------------------  ----------------------
/opt/airflow/dags/driven_data_pipeline.py                           1           0  0.22s           2025-11-24T11:24:49                      12
================================================================================
[2025-11-24T11:25:45.636+0000] {manager.py:997} INFO - 
================================================================================
DAG File Processing Stats

File Path                                  PID    Runtime      # DAGs    # Errors  Last Runtime    Last Run               Last # of DB Queries
-----------------------------------------  -----  ---------  --------  ----------  --------------  -------------------  ----------------------
/opt/airflow/dags/driven_data_pipeline.py                           1           0  0.16s           2025-11-24T11:25:19                      12
================================================================================
[2025-11-24T11:26:16.283+0000] {manager.py:997} INFO - 
================================================================================
DAG File Processing Stats

File Path                                  PID    Runtime      # DAGs    # Errors  Last Runtime    Last Run               Last # of DB Queries
-----------------------------------------  -----  ---------  --------  ----------  --------------  -------------------  ----------------------
/opt/airflow/dags/driven_data_pipeline.py                           1           0  0.41s           2025-11-24T11:25:50                      12
================================================================================
[2025-11-24T11:28:26.490+0000] {manager.py:483} INFO - Processing files using up to 2 processes at a time 
[2025-11-24T11:28:26.504+0000] {manager.py:484} INFO - Process each file at most once every 30 seconds
[2025-11-24T11:28:26.505+0000] {manager.py:485} INFO - Checking for new files in /opt/airflow/dags every 300 seconds
[2025-11-24T11:28:26.505+0000] {manager.py:821} INFO - Searching for files in /opt/airflow/dags
[2025-11-24T11:28:26.518+0000] {manager.py:824} INFO - There are 1 files in /opt/airflow/dags
[2025-11-24T11:28:26.949+0000] {manager.py:997} INFO - 
================================================================================
DAG File Processing Stats

File Path                                    PID  Runtime      # DAGs    # Errors  Last Runtime    Last Run      Last # of DB Queries
-----------------------------------------  -----  ---------  --------  ----------  --------------  ----------  ----------------------
/opt/airflow/dags/driven_data_pipeline.py     53  0.08s             0           0                                                   0
================================================================================
[2025-11-24T11:28:57.274+0000] {manager.py:997} INFO - 
================================================================================
DAG File Processing Stats

File Path                                  PID    Runtime      # DAGs    # Errors  Last Runtime    Last Run               Last # of DB Queries
-----------------------------------------  -----  ---------  --------  ----------  --------------  -------------------  ----------------------
/opt/airflow/dags/driven_data_pipeline.py                           1           0  0.53s           2025-11-24T11:28:27                      12
================================================================================
[2025-11-24T11:29:27.337+0000] {manager.py:997} INFO - 
================================================================================
DAG File Processing Stats

File Path                                  PID    Runtime      # DAGs    # Errors  Last Runtime    Last Run               Last # of DB Queries
-----------------------------------------  -----  ---------  --------  ----------  --------------  -------------------  ----------------------
/opt/airflow/dags/driven_data_pipeline.py                           1           0  0.29s           2025-11-24T11:28:57                      12
================================================================================
[2025-11-24T11:29:57.983+0000] {manager.py:997} INFO - 
================================================================================
DAG File Processing Stats

File Path                                  PID    Runtime      # DAGs    # Errors  Last Runtime    Last Run               Last # of DB Queries
-----------------------------------------  -----  ---------  --------  ----------  --------------  -------------------  ----------------------
/opt/airflow/dags/driven_data_pipeline.py                           1           0  0.58s           2025-11-24T11:29:28                      12
================================================================================
[2025-11-24T11:30:28.377+0000] {manager.py:997} INFO - 
================================================================================
DAG File Processing Stats

File Path                                  PID    Runtime      # DAGs    # Errors  Last Runtime    Last Run               Last # of DB Queries
-----------------------------------------  -----  ---------  --------  ----------  --------------  -------------------  ----------------------
/opt/airflow/dags/driven_data_pipeline.py                           1           0  0.21s           2025-11-24T11:29:59                      12
================================================================================
[2025-11-24T11:40:46.339+0000] {manager.py:483} INFO - Processing files using up to 2 processes at a time 
[2025-11-24T11:40:46.359+0000] {manager.py:484} INFO - Process each file at most once every 30 seconds
[2025-11-24T11:40:46.361+0000] {manager.py:485} INFO - Checking for new files in /opt/airflow/dags every 300 seconds
[2025-11-24T11:40:46.362+0000] {manager.py:821} INFO - Searching for files in /opt/airflow/dags
[2025-11-24T11:40:46.390+0000] {manager.py:824} INFO - There are 1 files in /opt/airflow/dags
[2025-11-24T11:40:47.350+0000] {manager.py:997} INFO - 
================================================================================
DAG File Processing Stats

File Path                                    PID  Runtime      # DAGs    # Errors  Last Runtime    Last Run      Last # of DB Queries
-----------------------------------------  -----  ---------  --------  ----------  --------------  ----------  ----------------------
/opt/airflow/dags/driven_data_pipeline.py     65  0.08s             0           0                                                   0
================================================================================
[2025-11-24T11:41:17.453+0000] {manager.py:997} INFO - 
================================================================================
DAG File Processing Stats

File Path                                  PID    Runtime      # DAGs    # Errors  Last Runtime    Last Run               Last # of DB Queries
-----------------------------------------  -----  ---------  --------  ----------  --------------  -------------------  ----------------------
/opt/airflow/dags/driven_data_pipeline.py                           1           0  1.61s           2025-11-24T11:40:48                      45
================================================================================
[2025-11-24T11:41:47.698+0000] {manager.py:997} INFO - 
================================================================================
DAG File Processing Stats

File Path                                  PID    Runtime      # DAGs    # Errors  Last Runtime    Last Run               Last # of DB Queries
-----------------------------------------  -----  ---------  --------  ----------  --------------  -------------------  ----------------------
/opt/airflow/dags/driven_data_pipeline.py                           1           0  1.19s           2025-11-24T11:41:20                      12
================================================================================
[2025-11-24T11:42:18.105+0000] {manager.py:997} INFO - 
================================================================================
DAG File Processing Stats

File Path                                  PID    Runtime      # DAGs    # Errors  Last Runtime    Last Run               Last # of DB Queries
-----------------------------------------  -----  ---------  --------  ----------  --------------  -------------------  ----------------------
/opt/airflow/dags/driven_data_pipeline.py                           1           0  0.19s           2025-11-24T11:41:50                      12
================================================================================
[2025-11-24T11:42:48.835+0000] {manager.py:997} INFO - 
================================================================================
DAG File Processing Stats

File Path                                  PID    Runtime      # DAGs    # Errors  Last Runtime    Last Run               Last # of DB Queries
-----------------------------------------  -----  ---------  --------  ----------  --------------  -------------------  ----------------------
/opt/airflow/dags/driven_data_pipeline.py                           1           0  0.14s           2025-11-24T11:42:21                      12
================================================================================
[2025-11-24T11:43:19.227+0000] {manager.py:997} INFO - 
================================================================================
DAG File Processing Stats

File Path                                  PID    Runtime      # DAGs    # Errors  Last Runtime    Last Run               Last # of DB Queries
-----------------------------------------  -----  ---------  --------  ----------  --------------  -------------------  ----------------------
/opt/airflow/dags/driven_data_pipeline.py                           1           0  0.34s           2025-11-24T11:42:52                      12
================================================================================
[2025-11-24T11:43:49.790+0000] {manager.py:997} INFO - 
================================================================================
DAG File Processing Stats

File Path                                  PID    Runtime      # DAGs    # Errors  Last Runtime    Last Run               Last # of DB Queries
-----------------------------------------  -----  ---------  --------  ----------  --------------  -------------------  ----------------------
/opt/airflow/dags/driven_data_pipeline.py                           1           0  0.28s           2025-11-24T11:43:22                      12
================================================================================
[2025-11-24T11:44:20.145+0000] {manager.py:997} INFO - 
================================================================================
DAG File Processing Stats

File Path                                  PID    Runtime      # DAGs    # Errors  Last Runtime    Last Run               Last # of DB Queries
-----------------------------------------  -----  ---------  --------  ----------  --------------  -------------------  ----------------------
/opt/airflow/dags/driven_data_pipeline.py                           1           0  0.18s           2025-11-24T11:43:52                      12
================================================================================
[2025-11-24T11:44:50.974+0000] {manager.py:997} INFO - 
================================================================================
DAG File Processing Stats

File Path                                  PID    Runtime      # DAGs    # Errors  Last Runtime    Last Run               Last # of DB Queries
-----------------------------------------  -----  ---------  --------  ----------  --------------  -------------------  ----------------------
/opt/airflow/dags/driven_data_pipeline.py                           1           0  0.28s           2025-11-24T11:44:23                      12
================================================================================
[2025-11-24T11:45:21.215+0000] {manager.py:997} INFO - 
================================================================================
DAG File Processing Stats

File Path                                  PID    Runtime      # DAGs    # Errors  Last Runtime    Last Run               Last # of DB Queries
-----------------------------------------  -----  ---------  --------  ----------  --------------  -------------------  ----------------------
/opt/airflow/dags/driven_data_pipeline.py                           1           0  1.92s           2025-11-24T11:44:55                      12
================================================================================
[2025-11-24T11:45:46.521+0000] {manager.py:821} INFO - Searching for files in /opt/airflow/dags
[2025-11-24T11:45:46.535+0000] {manager.py:824} INFO - There are 1 files in /opt/airflow/dags
[2025-11-24T11:45:51.235+0000] {manager.py:997} INFO - 
================================================================================
DAG File Processing Stats

File Path                                  PID    Runtime      # DAGs    # Errors  Last Runtime    Last Run               Last # of DB Queries
-----------------------------------------  -----  ---------  --------  ----------  --------------  -------------------  ----------------------
/opt/airflow/dags/driven_data_pipeline.py                           1           0  0.73s           2025-11-24T11:45:26                      12
================================================================================
[2025-11-24T11:46:21.913+0000] {manager.py:997} INFO - 
================================================================================
DAG File Processing Stats

File Path                                  PID    Runtime      # DAGs    # Errors  Last Runtime    Last Run               Last # of DB Queries
-----------------------------------------  -----  ---------  --------  ----------  --------------  -------------------  ----------------------
/opt/airflow/dags/driven_data_pipeline.py                           1           0  0.37s           2025-11-24T11:45:57                      12
================================================================================
[2025-11-24T11:46:52.311+0000] {manager.py:997} INFO - 
================================================================================
DAG File Processing Stats

File Path                                  PID    Runtime      # DAGs    # Errors  Last Runtime    Last Run               Last # of DB Queries
-----------------------------------------  -----  ---------  --------  ----------  --------------  -------------------  ----------------------
/opt/airflow/dags/driven_data_pipeline.py                           1           0  0.17s           2025-11-24T11:46:28                      12
================================================================================
[2025-11-24T11:47:22.691+0000] {manager.py:997} INFO - 
================================================================================
DAG File Processing Stats

File Path                                  PID    Runtime      # DAGs    # Errors  Last Runtime    Last Run               Last # of DB Queries
-----------------------------------------  -----  ---------  --------  ----------  --------------  -------------------  ----------------------
/opt/airflow/dags/driven_data_pipeline.py                           1           0  0.16s           2025-11-24T11:46:58                      12
================================================================================
[2025-11-24T11:47:53.175+0000] {manager.py:997} INFO - 
================================================================================
DAG File Processing Stats

File Path                                  PID    Runtime      # DAGs    # Errors  Last Runtime    Last Run               Last # of DB Queries
-----------------------------------------  -----  ---------  --------  ----------  --------------  -------------------  ----------------------
/opt/airflow/dags/driven_data_pipeline.py                           1           0  0.35s           2025-11-24T11:47:29                      12
================================================================================
[2025-11-24T11:48:23.693+0000] {manager.py:997} INFO - 
================================================================================
DAG File Processing Stats

File Path                                  PID    Runtime      # DAGs    # Errors  Last Runtime    Last Run               Last # of DB Queries
-----------------------------------------  -----  ---------  --------  ----------  --------------  -------------------  ----------------------
/opt/airflow/dags/driven_data_pipeline.py                           1           0  0.37s           2025-11-24T11:47:59                      12
================================================================================
[2025-11-24T11:48:54.150+0000] {manager.py:997} INFO - 
================================================================================
DAG File Processing Stats

File Path                                  PID    Runtime      # DAGs    # Errors  Last Runtime    Last Run               Last # of DB Queries
-----------------------------------------  -----  ---------  --------  ----------  --------------  -------------------  ----------------------
/opt/airflow/dags/driven_data_pipeline.py                           1           0  0.34s           2025-11-24T11:48:30                      12
================================================================================
[2025-11-24T11:49:24.608+0000] {manager.py:997} INFO - 
================================================================================
DAG File Processing Stats

File Path                                  PID    Runtime      # DAGs    # Errors  Last Runtime    Last Run               Last # of DB Queries
-----------------------------------------  -----  ---------  --------  ----------  --------------  -------------------  ----------------------
/opt/airflow/dags/driven_data_pipeline.py                           1           0  0.19s           2025-11-24T11:49:00                      12
================================================================================
[2025-11-24T11:49:54.927+0000] {manager.py:997} INFO - 
================================================================================
DAG File Processing Stats

File Path                                  PID    Runtime      # DAGs    # Errors  Last Runtime    Last Run               Last # of DB Queries
-----------------------------------------  -----  ---------  --------  ----------  --------------  -------------------  ----------------------
/opt/airflow/dags/driven_data_pipeline.py                           1           0  0.18s           2025-11-24T11:49:30                      12
================================================================================
[2025-11-24T11:50:25.374+0000] {manager.py:997} INFO - 
================================================================================
DAG File Processing Stats

File Path                                  PID    Runtime      # DAGs    # Errors  Last Runtime    Last Run               Last # of DB Queries
-----------------------------------------  -----  ---------  --------  ----------  --------------  -------------------  ----------------------
/opt/airflow/dags/driven_data_pipeline.py                           1           0  0.17s           2025-11-24T11:50:01                      12
================================================================================
[2025-11-24T11:50:46.581+0000] {manager.py:821} INFO - Searching for files in /opt/airflow/dags
[2025-11-24T11:50:46.594+0000] {manager.py:824} INFO - There are 1 files in /opt/airflow/dags
[2025-11-24T11:50:55.680+0000] {manager.py:997} INFO - 
================================================================================
DAG File Processing Stats

File Path                                  PID    Runtime      # DAGs    # Errors  Last Runtime    Last Run               Last # of DB Queries
-----------------------------------------  -----  ---------  --------  ----------  --------------  -------------------  ----------------------
/opt/airflow/dags/driven_data_pipeline.py                           1           0  0.50s           2025-11-24T11:50:31                      12
================================================================================
[2025-11-24T11:51:26.023+0000] {manager.py:997} INFO - 
================================================================================
DAG File Processing Stats

File Path                                  PID    Runtime      # DAGs    # Errors  Last Runtime    Last Run               Last # of DB Queries
-----------------------------------------  -----  ---------  --------  ----------  --------------  -------------------  ----------------------
/opt/airflow/dags/driven_data_pipeline.py                           1           0  0.48s           2025-11-24T11:51:02                      12
================================================================================
[2025-11-24T11:51:56.350+0000] {manager.py:997} INFO - 
================================================================================
DAG File Processing Stats

File Path                                  PID    Runtime      # DAGs    # Errors  Last Runtime    Last Run               Last # of DB Queries
-----------------------------------------  -----  ---------  --------  ----------  --------------  -------------------  ----------------------
/opt/airflow/dags/driven_data_pipeline.py                           1           0  0.60s           2025-11-24T11:51:33                      12
================================================================================
[2025-11-24T11:52:26.381+0000] {manager.py:997} INFO - 
================================================================================
DAG File Processing Stats

File Path                                  PID    Runtime      # DAGs    # Errors  Last Runtime    Last Run               Last # of DB Queries
-----------------------------------------  -----  ---------  --------  ----------  --------------  -------------------  ----------------------
/opt/airflow/dags/driven_data_pipeline.py                           1           0  0.15s           2025-11-24T11:52:04                      12
================================================================================
[2025-11-24T11:52:56.696+0000] {manager.py:997} INFO - 
================================================================================
DAG File Processing Stats

File Path                                  PID    Runtime      # DAGs    # Errors  Last Runtime    Last Run               Last # of DB Queries
-----------------------------------------  -----  ---------  --------  ----------  --------------  -------------------  ----------------------
/opt/airflow/dags/driven_data_pipeline.py                           1           0  0.16s           2025-11-24T11:52:34                      12
================================================================================
[2025-11-24T11:53:26.834+0000] {manager.py:997} INFO - 
================================================================================
DAG File Processing Stats

File Path                                  PID    Runtime      # DAGs    # Errors  Last Runtime    Last Run               Last # of DB Queries
-----------------------------------------  -----  ---------  --------  ----------  --------------  -------------------  ----------------------
/opt/airflow/dags/driven_data_pipeline.py                           1           0  1.78s           2025-11-24T11:53:06                      12
================================================================================
[2025-11-24T11:53:57.670+0000] {manager.py:997} INFO - 
================================================================================
DAG File Processing Stats

File Path                                  PID    Runtime      # DAGs    # Errors  Last Runtime    Last Run               Last # of DB Queries
-----------------------------------------  -----  ---------  --------  ----------  --------------  -------------------  ----------------------
/opt/airflow/dags/driven_data_pipeline.py                           1           0  0.65s           2025-11-24T11:53:37                      12
================================================================================
[2025-11-24T11:54:28.006+0000] {manager.py:997} INFO - 
================================================================================
DAG File Processing Stats

File Path                                  PID    Runtime      # DAGs    # Errors  Last Runtime    Last Run               Last # of DB Queries
-----------------------------------------  -----  ---------  --------  ----------  --------------  -------------------  ----------------------
/opt/airflow/dags/driven_data_pipeline.py                           1           0  0.81s           2025-11-24T11:54:08                      12
================================================================================
[2025-11-24T11:54:58.619+0000] {manager.py:997} INFO - 
================================================================================
DAG File Processing Stats

File Path                                  PID    Runtime      # DAGs    # Errors  Last Runtime    Last Run               Last # of DB Queries
-----------------------------------------  -----  ---------  --------  ----------  --------------  -------------------  ----------------------
/opt/airflow/dags/driven_data_pipeline.py                           1           0  0.62s           2025-11-24T11:54:39                      12
================================================================================
[2025-11-24T11:55:28.961+0000] {manager.py:997} INFO - 
================================================================================
DAG File Processing Stats

File Path                                  PID    Runtime      # DAGs    # Errors  Last Runtime    Last Run               Last # of DB Queries
-----------------------------------------  -----  ---------  --------  ----------  --------------  -------------------  ----------------------
/opt/airflow/dags/driven_data_pipeline.py                           1           0  0.16s           2025-11-24T11:55:09                      12
================================================================================
[2025-11-24T11:55:47.258+0000] {manager.py:821} INFO - Searching for files in /opt/airflow/dags
[2025-11-24T11:55:47.275+0000] {manager.py:824} INFO - There are 1 files in /opt/airflow/dags
[2025-11-24T11:55:59.432+0000] {manager.py:997} INFO - 
================================================================================
DAG File Processing Stats

File Path                                  PID    Runtime      # DAGs    # Errors  Last Runtime    Last Run               Last # of DB Queries
-----------------------------------------  -----  ---------  --------  ----------  --------------  -------------------  ----------------------
/opt/airflow/dags/driven_data_pipeline.py                           1           0  0.19s           2025-11-24T11:55:40                      12
================================================================================
[2025-11-24T11:56:29.786+0000] {manager.py:997} INFO - 
================================================================================
DAG File Processing Stats

File Path                                  PID    Runtime      # DAGs    # Errors  Last Runtime    Last Run               Last # of DB Queries
-----------------------------------------  -----  ---------  --------  ----------  --------------  -------------------  ----------------------
/opt/airflow/dags/driven_data_pipeline.py                           1           0  0.52s           2025-11-24T11:56:11                      12
================================================================================
[2025-11-24T11:56:59.937+0000] {manager.py:997} INFO - 
================================================================================
DAG File Processing Stats

File Path                                  PID    Runtime      # DAGs    # Errors  Last Runtime    Last Run               Last # of DB Queries
-----------------------------------------  -----  ---------  --------  ----------  --------------  -------------------  ----------------------
/opt/airflow/dags/driven_data_pipeline.py                           1           0  0.41s           2025-11-24T11:56:41                      12
================================================================================
[2025-11-24T11:57:30.300+0000] {manager.py:997} INFO - 
================================================================================
DAG File Processing Stats

File Path                                  PID    Runtime      # DAGs    # Errors  Last Runtime    Last Run               Last # of DB Queries
-----------------------------------------  -----  ---------  --------  ----------  --------------  -------------------  ----------------------
/opt/airflow/dags/driven_data_pipeline.py                           1           0  0.40s           2025-11-24T11:57:12                      12
================================================================================
[2025-11-24T11:58:00.887+0000] {manager.py:997} INFO - 
================================================================================
DAG File Processing Stats

File Path                                  PID    Runtime      # DAGs    # Errors  Last Runtime    Last Run               Last # of DB Queries
-----------------------------------------  -----  ---------  --------  ----------  --------------  -------------------  ----------------------
/opt/airflow/dags/driven_data_pipeline.py                           1           0  0.15s           2025-11-24T11:57:42                      12
================================================================================
[2025-11-24T11:58:31.392+0000] {manager.py:997} INFO - 
================================================================================
DAG File Processing Stats

File Path                                  PID    Runtime      # DAGs    # Errors  Last Runtime    Last Run               Last # of DB Queries
-----------------------------------------  -----  ---------  --------  ----------  --------------  -------------------  ----------------------
/opt/airflow/dags/driven_data_pipeline.py                           1           0  0.27s           2025-11-24T11:58:13                      12
================================================================================
[2025-11-24T12:07:43.319+0000] {manager.py:483} INFO - Processing files using up to 2 processes at a time 
[2025-11-24T12:07:43.347+0000] {manager.py:484} INFO - Process each file at most once every 30 seconds
[2025-11-24T12:07:43.352+0000] {manager.py:485} INFO - Checking for new files in /opt/airflow/dags every 300 seconds
[2025-11-24T12:07:43.355+0000] {manager.py:821} INFO - Searching for files in /opt/airflow/dags
[2025-11-24T12:07:43.417+0000] {manager.py:824} INFO - There are 1 files in /opt/airflow/dags
[2025-11-24T12:07:44.512+0000] {manager.py:997} INFO - 
================================================================================
DAG File Processing Stats

File Path                                    PID  Runtime      # DAGs    # Errors  Last Runtime    Last Run      Last # of DB Queries
-----------------------------------------  -----  ---------  --------  ----------  --------------  ----------  ----------------------
/opt/airflow/dags/driven_data_pipeline.py     65  0.11s             0           0                                                   0
================================================================================
[2025-11-24T12:08:14.992+0000] {manager.py:997} INFO - 
================================================================================
DAG File Processing Stats

File Path                                  PID    Runtime      # DAGs    # Errors  Last Runtime    Last Run               Last # of DB Queries
-----------------------------------------  -----  ---------  --------  ----------  --------------  -------------------  ----------------------
/opt/airflow/dags/driven_data_pipeline.py                           1           0  1.90s           2025-11-24T12:07:46                      45
================================================================================
[2025-11-24T12:08:45.271+0000] {manager.py:997} INFO - 
================================================================================
DAG File Processing Stats

File Path                                  PID    Runtime      # DAGs    # Errors  Last Runtime    Last Run               Last # of DB Queries
-----------------------------------------  -----  ---------  --------  ----------  --------------  -------------------  ----------------------
/opt/airflow/dags/driven_data_pipeline.py                           1           0  0.64s           2025-11-24T12:08:16                      12
================================================================================
[2025-11-24T12:09:15.637+0000] {manager.py:997} INFO - 
================================================================================
DAG File Processing Stats

File Path                                  PID    Runtime      # DAGs    # Errors  Last Runtime    Last Run               Last # of DB Queries
-----------------------------------------  -----  ---------  --------  ----------  --------------  -------------------  ----------------------
/opt/airflow/dags/driven_data_pipeline.py                           1           0  0.16s           2025-11-24T12:08:47                      12
================================================================================
[2025-11-24T12:09:46.111+0000] {manager.py:997} INFO - 
================================================================================
DAG File Processing Stats

File Path                                  PID    Runtime      # DAGs    # Errors  Last Runtime    Last Run               Last # of DB Queries
-----------------------------------------  -----  ---------  --------  ----------  --------------  -------------------  ----------------------
/opt/airflow/dags/driven_data_pipeline.py                           1           0  0.16s           2025-11-24T12:09:17                      12
================================================================================
[2025-11-24T12:10:16.412+0000] {manager.py:997} INFO - 
================================================================================
DAG File Processing Stats

File Path                                  PID    Runtime      # DAGs    # Errors  Last Runtime    Last Run               Last # of DB Queries
-----------------------------------------  -----  ---------  --------  ----------  --------------  -------------------  ----------------------
/opt/airflow/dags/driven_data_pipeline.py                           1           0  0.15s           2025-11-24T12:09:48                      12
================================================================================
[2025-11-24T12:10:47.004+0000] {manager.py:997} INFO - 
================================================================================
DAG File Processing Stats

File Path                                  PID    Runtime      # DAGs    # Errors  Last Runtime    Last Run               Last # of DB Queries
-----------------------------------------  -----  ---------  --------  ----------  --------------  -------------------  ----------------------
/opt/airflow/dags/driven_data_pipeline.py                           1           0  0.21s           2025-11-24T12:10:18                      12
================================================================================
[2025-11-24T12:11:17.365+0000] {manager.py:997} INFO - 
================================================================================
DAG File Processing Stats

File Path                                  PID    Runtime      # DAGs    # Errors  Last Runtime    Last Run               Last # of DB Queries
-----------------------------------------  -----  ---------  --------  ----------  --------------  -------------------  ----------------------
/opt/airflow/dags/driven_data_pipeline.py                           1           0  0.25s           2025-11-24T12:10:49                      12
================================================================================
[2025-11-24T12:11:47.852+0000] {manager.py:997} INFO - 
================================================================================
DAG File Processing Stats

File Path                                  PID    Runtime      # DAGs    # Errors  Last Runtime    Last Run               Last # of DB Queries
-----------------------------------------  -----  ---------  --------  ----------  --------------  -------------------  ----------------------
/opt/airflow/dags/driven_data_pipeline.py                           1           0  0.15s           2025-11-24T12:11:19                      12
================================================================================
[2025-11-24T12:12:18.207+0000] {manager.py:997} INFO - 
================================================================================
DAG File Processing Stats

File Path                                  PID    Runtime      # DAGs    # Errors  Last Runtime    Last Run               Last # of DB Queries
-----------------------------------------  -----  ---------  --------  ----------  --------------  -------------------  ----------------------
/opt/airflow/dags/driven_data_pipeline.py                           1           0  1.61s           2025-11-24T12:11:51                      12
================================================================================
[2025-11-24T12:12:43.467+0000] {manager.py:821} INFO - Searching for files in /opt/airflow/dags
[2025-11-24T12:12:43.552+0000] {manager.py:824} INFO - There are 1 files in /opt/airflow/dags
[2025-11-24T12:12:48.252+0000] {manager.py:997} INFO - 
================================================================================
DAG File Processing Stats

File Path                                  PID    Runtime      # DAGs    # Errors  Last Runtime    Last Run               Last # of DB Queries
-----------------------------------------  -----  ---------  --------  ----------  --------------  -------------------  ----------------------
/opt/airflow/dags/driven_data_pipeline.py                           1           0  0.37s           2025-11-24T12:12:22                      12
================================================================================
[2025-11-24T12:13:19.227+0000] {manager.py:997} INFO - 
================================================================================
DAG File Processing Stats

File Path                                  PID    Runtime      # DAGs    # Errors  Last Runtime    Last Run               Last # of DB Queries
-----------------------------------------  -----  ---------  --------  ----------  --------------  -------------------  ----------------------
/opt/airflow/dags/driven_data_pipeline.py                           1           0  0.57s           2025-11-24T12:12:52                      12
================================================================================
[2025-11-24T12:13:49.637+0000] {manager.py:997} INFO - 
================================================================================
DAG File Processing Stats

File Path                                  PID    Runtime      # DAGs    # Errors  Last Runtime    Last Run               Last # of DB Queries
-----------------------------------------  -----  ---------  --------  ----------  --------------  -------------------  ----------------------
/opt/airflow/dags/driven_data_pipeline.py                           1           0  0.16s           2025-11-24T12:13:23                      12
================================================================================
[2025-11-24T12:14:19.985+0000] {manager.py:997} INFO - 
================================================================================
DAG File Processing Stats

File Path                                  PID    Runtime      # DAGs    # Errors  Last Runtime    Last Run               Last # of DB Queries
-----------------------------------------  -----  ---------  --------  ----------  --------------  -------------------  ----------------------
/opt/airflow/dags/driven_data_pipeline.py                           1           0  0.16s           2025-11-24T12:13:53                      12
================================================================================
[2025-11-24T12:14:50.384+0000] {manager.py:997} INFO - 
================================================================================
DAG File Processing Stats

File Path                                  PID    Runtime      # DAGs    # Errors  Last Runtime    Last Run               Last # of DB Queries
-----------------------------------------  -----  ---------  --------  ----------  --------------  -------------------  ----------------------
/opt/airflow/dags/driven_data_pipeline.py                           1           0  0.47s           2025-11-24T12:14:24                      12
================================================================================
[2025-11-24T12:14:56.258+0000] {manager.py:465} INFO - Exiting gracefully upon receiving signal 15
[2025-11-24T12:19:26.314+0000] {manager.py:483} INFO - Processing files using up to 2 processes at a time 
[2025-11-24T12:19:26.333+0000] {manager.py:484} INFO - Process each file at most once every 30 seconds
[2025-11-24T12:19:26.334+0000] {manager.py:485} INFO - Checking for new files in /opt/airflow/dags every 300 seconds
[2025-11-24T12:19:26.337+0000] {manager.py:821} INFO - Searching for files in /opt/airflow/dags
[2025-11-24T12:19:26.373+0000] {manager.py:824} INFO - There are 1 files in /opt/airflow/dags
[2025-11-24T12:19:27.268+0000] {manager.py:997} INFO - 
================================================================================
DAG File Processing Stats

File Path                                    PID  Runtime      # DAGs    # Errors  Last Runtime    Last Run      Last # of DB Queries
-----------------------------------------  -----  ---------  --------  ----------  --------------  ----------  ----------------------
/opt/airflow/dags/driven_data_pipeline.py     62  0.32s             0           0                                                   0
================================================================================
[2025-11-24T12:19:57.698+0000] {manager.py:997} INFO - 
================================================================================
DAG File Processing Stats

File Path                                  PID    Runtime      # DAGs    # Errors  Last Runtime    Last Run               Last # of DB Queries
-----------------------------------------  -----  ---------  --------  ----------  --------------  -------------------  ----------------------
/opt/airflow/dags/driven_data_pipeline.py                           1           0  0.88s           2025-11-24T12:19:27                      12
================================================================================
[2025-11-24T12:20:28.580+0000] {manager.py:997} INFO - 
================================================================================
DAG File Processing Stats

File Path                                  PID    Runtime      # DAGs    # Errors  Last Runtime    Last Run               Last # of DB Queries
-----------------------------------------  -----  ---------  --------  ----------  --------------  -------------------  ----------------------
/opt/airflow/dags/driven_data_pipeline.py                           1           0  1.30s           2025-11-24T12:20:00                      12
================================================================================
[2025-11-24T12:20:59.039+0000] {manager.py:997} INFO - 
================================================================================
DAG File Processing Stats

File Path                                  PID    Runtime      # DAGs    # Errors  Last Runtime    Last Run               Last # of DB Queries
-----------------------------------------  -----  ---------  --------  ----------  --------------  -------------------  ----------------------
/opt/airflow/dags/driven_data_pipeline.py                           1           0  1.13s           2025-11-24T12:20:31                      12
================================================================================
[2025-11-24T12:21:29.213+0000] {manager.py:997} INFO - 
================================================================================
DAG File Processing Stats

File Path                                  PID    Runtime      # DAGs    # Errors  Last Runtime    Last Run               Last # of DB Queries
-----------------------------------------  -----  ---------  --------  ----------  --------------  -------------------  ----------------------
/opt/airflow/dags/driven_data_pipeline.py                           1           0  0.80s           2025-11-24T12:21:02                      12
================================================================================
[2025-11-24T12:21:59.803+0000] {manager.py:997} INFO - 
================================================================================
DAG File Processing Stats

File Path                                  PID    Runtime      # DAGs    # Errors  Last Runtime    Last Run               Last # of DB Queries
-----------------------------------------  -----  ---------  --------  ----------  --------------  -------------------  ----------------------
/opt/airflow/dags/driven_data_pipeline.py                           1           0  0.38s           2025-11-24T12:21:33                      12
================================================================================
[2025-11-24T12:22:30.189+0000] {manager.py:997} INFO - 
================================================================================
DAG File Processing Stats

File Path                                  PID    Runtime      # DAGs    # Errors  Last Runtime    Last Run               Last # of DB Queries
-----------------------------------------  -----  ---------  --------  ----------  --------------  -------------------  ----------------------
/opt/airflow/dags/driven_data_pipeline.py                           1           0  0.40s           2025-11-24T12:22:04                      12
================================================================================
[2025-11-24T12:23:00.299+0000] {manager.py:997} INFO - 
================================================================================
DAG File Processing Stats

File Path                                  PID    Runtime      # DAGs    # Errors  Last Runtime    Last Run               Last # of DB Queries
-----------------------------------------  -----  ---------  --------  ----------  --------------  -------------------  ----------------------
/opt/airflow/dags/driven_data_pipeline.py                           1           0  0.46s           2025-11-24T12:22:35                      12
================================================================================
[2025-11-24T12:23:30.638+0000] {manager.py:997} INFO - 
================================================================================
DAG File Processing Stats

File Path                                  PID    Runtime      # DAGs    # Errors  Last Runtime    Last Run               Last # of DB Queries
-----------------------------------------  -----  ---------  --------  ----------  --------------  -------------------  ----------------------
/opt/airflow/dags/driven_data_pipeline.py                           1           0  0.41s           2025-11-24T12:23:05                      12
================================================================================
[2025-11-24T12:24:00.700+0000] {manager.py:997} INFO - 
================================================================================
DAG File Processing Stats

File Path                                  PID    Runtime      # DAGs    # Errors  Last Runtime    Last Run               Last # of DB Queries
-----------------------------------------  -----  ---------  --------  ----------  --------------  -------------------  ----------------------
/opt/airflow/dags/driven_data_pipeline.py                           1           0  0.14s           2025-11-24T12:23:36                      12
================================================================================
[2025-11-24T12:24:26.758+0000] {manager.py:821} INFO - Searching for files in /opt/airflow/dags
[2025-11-24T12:24:26.789+0000] {manager.py:824} INFO - There are 1 files in /opt/airflow/dags
[2025-11-24T12:24:30.841+0000] {manager.py:997} INFO - 
================================================================================
DAG File Processing Stats

File Path                                  PID    Runtime      # DAGs    # Errors  Last Runtime    Last Run               Last # of DB Queries
-----------------------------------------  -----  ---------  --------  ----------  --------------  -------------------  ----------------------
/opt/airflow/dags/driven_data_pipeline.py                           1           0  0.17s           2025-11-24T12:24:06                      12
================================================================================
[2025-11-24T12:25:01.288+0000] {manager.py:997} INFO - 
================================================================================
DAG File Processing Stats

File Path                                  PID    Runtime      # DAGs    # Errors  Last Runtime    Last Run               Last # of DB Queries
-----------------------------------------  -----  ---------  --------  ----------  --------------  -------------------  ----------------------
/opt/airflow/dags/driven_data_pipeline.py                           1           0  0.19s           2025-11-24T12:24:37                      12
================================================================================
[2025-11-24T12:25:24.977+0000] {manager.py:465} INFO - Exiting gracefully upon receiving signal 15
[2025-11-24T12:31:36.620+0000] {manager.py:483} INFO - Processing files using up to 2 processes at a time 
[2025-11-24T12:31:36.637+0000] {manager.py:484} INFO - Process each file at most once every 30 seconds
[2025-11-24T12:31:36.639+0000] {manager.py:485} INFO - Checking for new files in /opt/airflow/dags every 300 seconds
[2025-11-24T12:31:36.639+0000] {manager.py:821} INFO - Searching for files in /opt/airflow/dags
[2025-11-24T12:31:36.667+0000] {manager.py:824} INFO - There are 1 files in /opt/airflow/dags
[2025-11-24T12:31:37.305+0000] {manager.py:997} INFO - 
================================================================================
DAG File Processing Stats

File Path                                    PID  Runtime      # DAGs    # Errors  Last Runtime    Last Run      Last # of DB Queries
-----------------------------------------  -----  ---------  --------  ----------  --------------  ----------  ----------------------
/opt/airflow/dags/driven_data_pipeline.py     64  0.13s             0           0                                                   0
================================================================================
[2025-11-24T12:32:07.400+0000] {manager.py:997} INFO - 
================================================================================
DAG File Processing Stats

File Path                                  PID    Runtime      # DAGs    # Errors  Last Runtime    Last Run               Last # of DB Queries
-----------------------------------------  -----  ---------  --------  ----------  --------------  -------------------  ----------------------
/opt/airflow/dags/driven_data_pipeline.py                           1           0  0.86s           2025-11-24T12:31:38                      45
================================================================================
[2025-11-24T12:32:37.526+0000] {manager.py:997} INFO - 
================================================================================
DAG File Processing Stats

File Path                                  PID    Runtime      # DAGs    # Errors  Last Runtime    Last Run               Last # of DB Queries
-----------------------------------------  -----  ---------  --------  ----------  --------------  -------------------  ----------------------
/opt/airflow/dags/driven_data_pipeline.py                           1           0  1.47s           2025-11-24T12:32:10                      12
================================================================================
[2025-11-24T12:33:07.886+0000] {manager.py:997} INFO - 
================================================================================
DAG File Processing Stats

File Path                                  PID    Runtime      # DAGs    # Errors  Last Runtime    Last Run               Last # of DB Queries
-----------------------------------------  -----  ---------  --------  ----------  --------------  -------------------  ----------------------
/opt/airflow/dags/driven_data_pipeline.py                           1           0  0.52s           2025-11-24T12:32:40                      12
================================================================================
[2025-11-24T12:33:38.533+0000] {manager.py:997} INFO - 
================================================================================
DAG File Processing Stats

File Path                                  PID    Runtime      # DAGs    # Errors  Last Runtime    Last Run               Last # of DB Queries
-----------------------------------------  -----  ---------  --------  ----------  --------------  -------------------  ----------------------
/opt/airflow/dags/driven_data_pipeline.py                           1           0  0.35s           2025-11-24T12:33:11                      12
================================================================================
[2025-11-24T12:34:09.502+0000] {manager.py:997} INFO - 
================================================================================
DAG File Processing Stats

File Path                                  PID    Runtime      # DAGs    # Errors  Last Runtime    Last Run               Last # of DB Queries
-----------------------------------------  -----  ---------  --------  ----------  --------------  -------------------  ----------------------
/opt/airflow/dags/driven_data_pipeline.py                           1           0  0.33s           2025-11-24T12:33:41                      12
================================================================================
[2025-11-24T12:34:39.855+0000] {manager.py:997} INFO - 
================================================================================
DAG File Processing Stats

File Path                                  PID    Runtime      # DAGs    # Errors  Last Runtime    Last Run               Last # of DB Queries
-----------------------------------------  -----  ---------  --------  ----------  --------------  -------------------  ----------------------
/opt/airflow/dags/driven_data_pipeline.py                           1           0  0.34s           2025-11-24T12:34:12                      12
================================================================================
[2025-11-24T12:35:10.470+0000] {manager.py:997} INFO - 
================================================================================
DAG File Processing Stats

File Path                                  PID    Runtime      # DAGs    # Errors  Last Runtime    Last Run               Last # of DB Queries
-----------------------------------------  -----  ---------  --------  ----------  --------------  -------------------  ----------------------
/opt/airflow/dags/driven_data_pipeline.py                           1           0  0.17s           2025-11-24T12:34:43                      12
================================================================================
[2025-11-24T12:35:40.915+0000] {manager.py:997} INFO - 
================================================================================
DAG File Processing Stats

File Path                                  PID    Runtime      # DAGs    # Errors  Last Runtime    Last Run               Last # of DB Queries
-----------------------------------------  -----  ---------  --------  ----------  --------------  -------------------  ----------------------
/opt/airflow/dags/driven_data_pipeline.py                           1           0  0.22s           2025-11-24T12:35:13                      12
================================================================================
[2025-11-24T12:36:10.942+0000] {manager.py:997} INFO - 
================================================================================
DAG File Processing Stats

File Path                                  PID    Runtime      # DAGs    # Errors  Last Runtime    Last Run               Last # of DB Queries
-----------------------------------------  -----  ---------  --------  ----------  --------------  -------------------  ----------------------
/opt/airflow/dags/driven_data_pipeline.py                           1           0  1.72s           2025-11-24T12:35:45                      12
================================================================================
[2025-11-24T12:36:36.647+0000] {manager.py:821} INFO - Searching for files in /opt/airflow/dags
[2025-11-24T12:36:36.666+0000] {manager.py:824} INFO - There are 1 files in /opt/airflow/dags
[2025-11-24T12:36:41.664+0000] {manager.py:997} INFO - 
================================================================================
DAG File Processing Stats

File Path                                  PID    Runtime      # DAGs    # Errors  Last Runtime    Last Run               Last # of DB Queries
-----------------------------------------  -----  ---------  --------  ----------  --------------  -------------------  ----------------------
/opt/airflow/dags/driven_data_pipeline.py                           1           0  0.46s           2025-11-24T12:36:16                      12
================================================================================
[2025-11-24T12:37:11.746+0000] {manager.py:997} INFO - 
================================================================================
DAG File Processing Stats

File Path                                  PID    Runtime      # DAGs    # Errors  Last Runtime    Last Run               Last # of DB Queries
-----------------------------------------  -----  ---------  --------  ----------  --------------  -------------------  ----------------------
/opt/airflow/dags/driven_data_pipeline.py                           1           0  0.81s           2025-11-24T12:36:47                      12
================================================================================
[2025-11-24T12:37:42.080+0000] {manager.py:997} INFO - 
================================================================================
DAG File Processing Stats

File Path                                  PID    Runtime      # DAGs    # Errors  Last Runtime    Last Run               Last # of DB Queries
-----------------------------------------  -----  ---------  --------  ----------  --------------  -------------------  ----------------------
/opt/airflow/dags/driven_data_pipeline.py                           1           0  0.19s           2025-11-24T12:37:18                      12
================================================================================
[2025-11-24T12:38:12.570+0000] {manager.py:997} INFO - 
================================================================================
DAG File Processing Stats

File Path                                  PID    Runtime      # DAGs    # Errors  Last Runtime    Last Run               Last # of DB Queries
-----------------------------------------  -----  ---------  --------  ----------  --------------  -------------------  ----------------------
/opt/airflow/dags/driven_data_pipeline.py                           1           0  0.18s           2025-11-24T12:37:48                      12
================================================================================
[2025-11-24T12:38:42.948+0000] {manager.py:997} INFO - 
================================================================================
DAG File Processing Stats

File Path                                  PID    Runtime      # DAGs    # Errors  Last Runtime    Last Run               Last # of DB Queries
-----------------------------------------  -----  ---------  --------  ----------  --------------  -------------------  ----------------------
/opt/airflow/dags/driven_data_pipeline.py                           1           0  0.37s           2025-11-24T12:38:19                      12
================================================================================
[2025-11-24T12:39:13.616+0000] {manager.py:997} INFO - 
================================================================================
DAG File Processing Stats

File Path                                  PID    Runtime      # DAGs    # Errors  Last Runtime    Last Run               Last # of DB Queries
-----------------------------------------  -----  ---------  --------  ----------  --------------  -------------------  ----------------------
/opt/airflow/dags/driven_data_pipeline.py                           1           0  0.34s           2025-11-24T12:38:49                      12
================================================================================
[2025-11-24T12:39:44.158+0000] {manager.py:997} INFO - 
================================================================================
DAG File Processing Stats

File Path                                  PID    Runtime      # DAGs    # Errors  Last Runtime    Last Run               Last # of DB Queries
-----------------------------------------  -----  ---------  --------  ----------  --------------  -------------------  ----------------------
/opt/airflow/dags/driven_data_pipeline.py                           1           0  0.52s           2025-11-24T12:39:20                      12
================================================================================
[2025-11-24T12:40:11.238+0000] {manager.py:465} INFO - Exiting gracefully upon receiving signal 15
[2025-11-24T12:41:55.843+0000] {manager.py:483} INFO - Processing files using up to 2 processes at a time 
[2025-11-24T12:41:55.858+0000] {manager.py:484} INFO - Process each file at most once every 30 seconds
[2025-11-24T12:41:55.859+0000] {manager.py:485} INFO - Checking for new files in /opt/airflow/dags every 300 seconds
[2025-11-24T12:41:55.860+0000] {manager.py:821} INFO - Searching for files in /opt/airflow/dags
[2025-11-24T12:41:55.896+0000] {manager.py:824} INFO - There are 1 files in /opt/airflow/dags
[2025-11-24T12:41:58.234+0000] {manager.py:997} INFO - 
================================================================================
DAG File Processing Stats

File Path                                    PID  Runtime      # DAGs    # Errors  Last Runtime    Last Run      Last # of DB Queries
-----------------------------------------  -----  ---------  --------  ----------  --------------  ----------  ----------------------
/opt/airflow/dags/driven_data_pipeline.py     63  0.78s             0           0                                                   0
================================================================================
[2025-11-24T12:42:29.007+0000] {manager.py:997} INFO - 
================================================================================
DAG File Processing Stats

File Path                                  PID    Runtime      # DAGs    # Errors  Last Runtime    Last Run               Last # of DB Queries
-----------------------------------------  -----  ---------  --------  ----------  --------------  -------------------  ----------------------
/opt/airflow/dags/driven_data_pipeline.py                           1           0  1.90s           2025-11-24T12:41:59                      12
================================================================================
[2025-11-24T12:42:59.430+0000] {manager.py:997} INFO - 
================================================================================
DAG File Processing Stats

File Path                                  PID    Runtime      # DAGs    # Errors  Last Runtime    Last Run               Last # of DB Queries
-----------------------------------------  -----  ---------  --------  ----------  --------------  -------------------  ----------------------
/opt/airflow/dags/driven_data_pipeline.py                           1           0  1.01s           2025-11-24T12:42:31                      12
================================================================================
[2025-11-24T12:43:29.958+0000] {manager.py:997} INFO - 
================================================================================
DAG File Processing Stats

File Path                                  PID    Runtime      # DAGs    # Errors  Last Runtime    Last Run               Last # of DB Queries
-----------------------------------------  -----  ---------  --------  ----------  --------------  -------------------  ----------------------
/opt/airflow/dags/driven_data_pipeline.py                           1           0  0.19s           2025-11-24T12:43:01                      12
================================================================================
[2025-11-24T12:43:59.134+0000] {manager.py:997} INFO - 
================================================================================
DAG File Processing Stats

File Path                                    PID  Runtime      # DAGs    # Errors  Last Runtime    Last Run               Last # of DB Queries
-----------------------------------------  -----  ---------  --------  ----------  --------------  -------------------  ----------------------
/opt/airflow/dags/driven_data_pipeline.py     84  25.98s            1           0  0.19s           2025-11-24T12:43:01                      12
================================================================================
[2025-11-24T12:45:45.801+0000] {manager.py:1366} ERROR - Processor for /opt/airflow/dags/driven_data_pipeline.py with PID 84 started at 2025-11-24T12:43:32.056628+00:00 has timed out, killing it.
[2025-11-24T12:45:51.272+0000] {manager.py:997} INFO - 
================================================================================
DAG File Processing Stats

File Path                                  PID    Runtime      # DAGs    # Errors  Last Runtime    Last Run               Last # of DB Queries
-----------------------------------------  -----  ---------  --------  ----------  --------------  -------------------  ----------------------
/opt/airflow/dags/driven_data_pipeline.py                           0           1  129.71s         2025-11-24T12:45:41                       0
================================================================================
[2025-11-24T12:46:47.168+0000] {manager.py:997} INFO - 
================================================================================
DAG File Processing Stats

File Path                                  PID    Runtime      # DAGs    # Errors  Last Runtime    Last Run               Last # of DB Queries
-----------------------------------------  -----  ---------  --------  ----------  --------------  -------------------  ----------------------
/opt/airflow/dags/driven_data_pipeline.py                           1           0  15.33s          2025-11-24T12:46:33                      34
================================================================================
[2025-11-24T12:46:56.085+0000] {manager.py:821} INFO - Searching for files in /opt/airflow/dags
[2025-11-24T12:46:56.111+0000] {manager.py:824} INFO - There are 1 files in /opt/airflow/dags
[2025-11-24T12:47:18.046+0000] {manager.py:997} INFO - 
================================================================================
DAG File Processing Stats

File Path                                  PID    Runtime      # DAGs    # Errors  Last Runtime    Last Run               Last # of DB Queries
-----------------------------------------  -----  ---------  --------  ----------  --------------  -------------------  ----------------------
/opt/airflow/dags/driven_data_pipeline.py                           1           0  0.23s           2025-11-24T12:47:04                      12
================================================================================
[2025-11-24T12:47:48.395+0000] {manager.py:997} INFO - 
================================================================================
DAG File Processing Stats

File Path                                  PID    Runtime      # DAGs    # Errors  Last Runtime    Last Run               Last # of DB Queries
-----------------------------------------  -----  ---------  --------  ----------  --------------  -------------------  ----------------------
/opt/airflow/dags/driven_data_pipeline.py                           1           0  0.18s           2025-11-24T12:47:34                      12
================================================================================
[2025-11-24T12:48:50.633+0000] {manager.py:997} INFO - 
================================================================================
DAG File Processing Stats

File Path                                    PID  Runtime      # DAGs    # Errors  Last Runtime    Last Run               Last # of DB Queries
-----------------------------------------  -----  ---------  --------  ----------  --------------  -------------------  ----------------------
/opt/airflow/dags/driven_data_pipeline.py    107  0.53s             1           0  0.18s           2025-11-24T12:47:34                      12
================================================================================
[2025-11-24T12:49:23.523+0000] {manager.py:997} INFO - 
================================================================================
DAG File Processing Stats

File Path                                  PID    Runtime      # DAGs    # Errors  Last Runtime    Last Run               Last # of DB Queries
-----------------------------------------  -----  ---------  --------  ----------  --------------  -------------------  ----------------------
/opt/airflow/dags/driven_data_pipeline.py                           1           0  0.70s           2025-11-24T12:49:23                      12
================================================================================
[2025-11-24T12:49:53.840+0000] {manager.py:997} INFO - 
================================================================================
DAG File Processing Stats

File Path                                    PID  Runtime      # DAGs    # Errors  Last Runtime    Last Run               Last # of DB Queries
-----------------------------------------  -----  ---------  --------  ----------  --------------  -------------------  ----------------------
/opt/airflow/dags/driven_data_pipeline.py    121  0.01s             1           0  0.70s           2025-11-24T12:49:23                      12
================================================================================
[2025-11-24T12:50:24.575+0000] {manager.py:997} INFO - 
================================================================================
DAG File Processing Stats

File Path                                    PID  Runtime      # DAGs    # Errors  Last Runtime    Last Run               Last # of DB Queries
-----------------------------------------  -----  ---------  --------  ----------  --------------  -------------------  ----------------------
/opt/airflow/dags/driven_data_pipeline.py    134  0.01s             1           0  0.41s           2025-11-24T12:49:54                      12
================================================================================
[2025-11-24T12:50:56.601+0000] {manager.py:997} INFO - 
================================================================================
DAG File Processing Stats

File Path                                  PID    Runtime      # DAGs    # Errors  Last Runtime    Last Run               Last # of DB Queries
-----------------------------------------  -----  ---------  --------  ----------  --------------  -------------------  ----------------------
/opt/airflow/dags/driven_data_pipeline.py                           1           0  0.47s           2025-11-24T12:50:25                      12
================================================================================
[2025-11-24T12:51:57.431+0000] {manager.py:997} INFO - 
================================================================================
DAG File Processing Stats

File Path                                    PID  Runtime      # DAGs    # Errors  Last Runtime    Last Run               Last # of DB Queries
-----------------------------------------  -----  ---------  --------  ----------  --------------  -------------------  ----------------------
/opt/airflow/dags/driven_data_pipeline.py    139  1.59s             1           0  0.47s           2025-11-24T12:50:25                      12
================================================================================
[2025-11-24T12:51:58.627+0000] {manager.py:821} INFO - Searching for files in /opt/airflow/dags
[2025-11-24T12:51:58.715+0000] {manager.py:824} INFO - There are 1 files in /opt/airflow/dags
[2025-11-24T12:52:28.367+0000] {manager.py:997} INFO - 
================================================================================
DAG File Processing Stats

File Path                                  PID    Runtime      # DAGs    # Errors  Last Runtime    Last Run               Last # of DB Queries
-----------------------------------------  -----  ---------  --------  ----------  --------------  -------------------  ----------------------
/opt/airflow/dags/driven_data_pipeline.py                           1           0  34.90s          2025-11-24T12:52:01                      12
================================================================================
[2025-11-24T12:53:32.407+0000] {manager.py:1366} ERROR - Processor for /opt/airflow/dags/driven_data_pipeline.py with PID 146 started at 2025-11-24T12:52:31.690655+00:00 has timed out, killing it.
[2025-11-24T12:53:36.816+0000] {manager.py:997} INFO - 
================================================================================
DAG File Processing Stats

File Path                                  PID    Runtime      # DAGs    # Errors  Last Runtime    Last Run               Last # of DB Queries
-----------------------------------------  -----  ---------  --------  ----------  --------------  -------------------  ----------------------
/opt/airflow/dags/driven_data_pipeline.py                           0           1  60.42s          2025-11-24T12:53:32                       0
================================================================================
[2025-11-24T12:54:39.235+0000] {manager.py:997} INFO - 
================================================================================
DAG File Processing Stats

File Path                                    PID  Runtime      # DAGs    # Errors  Last Runtime    Last Run               Last # of DB Queries
-----------------------------------------  -----  ---------  --------  ----------  --------------  -------------------  ----------------------
/opt/airflow/dags/driven_data_pipeline.py    147  0.65s             0           1  60.42s          2025-11-24T12:53:32                       0
================================================================================
[2025-11-24T12:55:18.491+0000] {manager.py:1366} ERROR - Processor for /opt/airflow/dags/driven_data_pipeline.py with PID 147 started at 2025-11-24T12:54:19.565557+00:00 has timed out, killing it.
[2025-11-24T12:55:48.364+0000] {manager.py:997} INFO - 
================================================================================
DAG File Processing Stats

File Path                                  PID    Runtime      # DAGs    # Errors  Last Runtime    Last Run               Last # of DB Queries
-----------------------------------------  -----  ---------  --------  ----------  --------------  -------------------  ----------------------
/opt/airflow/dags/driven_data_pipeline.py                           0           1  58.93s          2025-11-24T12:55:18                       0
================================================================================
[2025-11-24T12:57:00.722+0000] {manager.py:821} INFO - Searching for files in /opt/airflow/dags
[2025-11-24T12:57:15.205+0000] {manager.py:824} INFO - There are 1 files in /opt/airflow/dags
[2025-11-24T12:57:49.091+0000] {manager.py:997} INFO - 
================================================================================
DAG File Processing Stats

File Path                                    PID  Runtime      # DAGs    # Errors  Last Runtime    Last Run               Last # of DB Queries
-----------------------------------------  -----  ---------  --------  ----------  --------------  -------------------  ----------------------
/opt/airflow/dags/driven_data_pipeline.py    148  0.12s             0           1  58.93s          2025-11-24T12:55:18                       0
================================================================================
[2025-11-24T12:58:41.477+0000] {manager.py:1366} ERROR - Processor for /opt/airflow/dags/driven_data_pipeline.py with PID 148 started at 2025-11-24T12:57:48.914016+00:00 has timed out, killing it.
[2025-11-24T12:58:41.918+0000] {manager.py:997} INFO - 
================================================================================
DAG File Processing Stats

File Path                                  PID    Runtime      # DAGs    # Errors  Last Runtime    Last Run               Last # of DB Queries
-----------------------------------------  -----  ---------  --------  ----------  --------------  -------------------  ----------------------
/opt/airflow/dags/driven_data_pipeline.py                           0           1  52.54s          2025-11-24T12:58:41                       0
================================================================================
[2025-11-24T12:59:17.872+0000] {manager.py:997} INFO - 
================================================================================
DAG File Processing Stats

File Path                                  PID    Runtime      # DAGs    # Errors  Last Runtime    Last Run               Last # of DB Queries
-----------------------------------------  -----  ---------  --------  ----------  --------------  -------------------  ----------------------
/opt/airflow/dags/driven_data_pipeline.py                           1           0  1.69s           2025-11-24T12:59:13                      34
================================================================================
[2025-11-24T12:59:48.520+0000] {manager.py:997} INFO - 
================================================================================
DAG File Processing Stats

File Path                                  PID    Runtime      # DAGs    # Errors  Last Runtime    Last Run               Last # of DB Queries
-----------------------------------------  -----  ---------  --------  ----------  --------------  -------------------  ----------------------
/opt/airflow/dags/driven_data_pipeline.py                           1           0  0.39s           2025-11-24T12:59:44                      12
================================================================================
[2025-11-24T13:00:18.898+0000] {manager.py:997} INFO - 
================================================================================
DAG File Processing Stats

File Path                                  PID    Runtime      # DAGs    # Errors  Last Runtime    Last Run               Last # of DB Queries
-----------------------------------------  -----  ---------  --------  ----------  --------------  -------------------  ----------------------
/opt/airflow/dags/driven_data_pipeline.py                           1           0  0.36s           2025-11-24T13:00:15                      12
================================================================================
[2025-11-24T13:00:43.551+0000] {manager.py:465} INFO - Exiting gracefully upon receiving signal 15
[2025-11-24T13:05:31.326+0000] {manager.py:483} INFO - Processing files using up to 2 processes at a time 
[2025-11-24T13:05:31.338+0000] {manager.py:484} INFO - Process each file at most once every 30 seconds
[2025-11-24T13:05:31.339+0000] {manager.py:485} INFO - Checking for new files in /opt/airflow/dags every 300 seconds
[2025-11-24T13:05:31.340+0000] {manager.py:821} INFO - Searching for files in /opt/airflow/dags
[2025-11-24T13:05:31.377+0000] {manager.py:824} INFO - There are 1 files in /opt/airflow/dags
[2025-11-24T13:05:31.694+0000] {manager.py:997} INFO - 
================================================================================
DAG File Processing Stats

File Path                                    PID  Runtime      # DAGs    # Errors  Last Runtime    Last Run      Last # of DB Queries
-----------------------------------------  -----  ---------  --------  ----------  --------------  ----------  ----------------------
/opt/airflow/dags/driven_data_pipeline.py     65  0.03s             0           0                                                   0
================================================================================
[2025-11-24T13:06:01.930+0000] {manager.py:997} INFO - 
================================================================================
DAG File Processing Stats

File Path                                  PID    Runtime      # DAGs    # Errors  Last Runtime    Last Run               Last # of DB Queries
-----------------------------------------  -----  ---------  --------  ----------  --------------  -------------------  ----------------------
/opt/airflow/dags/driven_data_pipeline.py                           1           0  0.81s           2025-11-24T13:05:32                      45
================================================================================
[2025-11-24T13:06:32.420+0000] {manager.py:997} INFO - 
================================================================================
DAG File Processing Stats

File Path                                  PID    Runtime      # DAGs    # Errors  Last Runtime    Last Run               Last # of DB Queries
-----------------------------------------  -----  ---------  --------  ----------  --------------  -------------------  ----------------------
/opt/airflow/dags/driven_data_pipeline.py                           1           0  0.31s           2025-11-24T13:06:03                      12
================================================================================
[2025-11-24T13:07:02.931+0000] {manager.py:997} INFO - 
================================================================================
DAG File Processing Stats

File Path                                  PID    Runtime      # DAGs    # Errors  Last Runtime    Last Run               Last # of DB Queries
-----------------------------------------  -----  ---------  --------  ----------  --------------  -------------------  ----------------------
/opt/airflow/dags/driven_data_pipeline.py                           1           0  0.21s           2025-11-24T13:06:33                      12
================================================================================
[2025-11-24T13:07:33.288+0000] {manager.py:997} INFO - 
================================================================================
DAG File Processing Stats

File Path                                  PID    Runtime      # DAGs    # Errors  Last Runtime    Last Run               Last # of DB Queries
-----------------------------------------  -----  ---------  --------  ----------  --------------  -------------------  ----------------------
/opt/airflow/dags/driven_data_pipeline.py                           1           0  0.40s           2025-11-24T13:07:04                      12
================================================================================
[2025-11-24T13:08:03.949+0000] {manager.py:997} INFO - 
================================================================================
DAG File Processing Stats

File Path                                  PID    Runtime      # DAGs    # Errors  Last Runtime    Last Run               Last # of DB Queries
-----------------------------------------  -----  ---------  --------  ----------  --------------  -------------------  ----------------------
/opt/airflow/dags/driven_data_pipeline.py                           1           0  0.14s           2025-11-24T13:07:34                      12
================================================================================
[2025-11-24T13:08:34.373+0000] {manager.py:997} INFO - 
================================================================================
DAG File Processing Stats

File Path                                  PID    Runtime      # DAGs    # Errors  Last Runtime    Last Run               Last # of DB Queries
-----------------------------------------  -----  ---------  --------  ----------  --------------  -------------------  ----------------------
/opt/airflow/dags/driven_data_pipeline.py                           1           0  0.16s           2025-11-24T13:08:05                      12
================================================================================
[2025-11-24T13:09:04.680+0000] {manager.py:997} INFO - 
================================================================================
DAG File Processing Stats

File Path                                  PID    Runtime      # DAGs    # Errors  Last Runtime    Last Run               Last # of DB Queries
-----------------------------------------  -----  ---------  --------  ----------  --------------  -------------------  ----------------------
/opt/airflow/dags/driven_data_pipeline.py                           1           0  0.62s           2025-11-24T13:08:36                      12
================================================================================
[2025-11-24T13:09:34.742+0000] {manager.py:997} INFO - 
================================================================================
DAG File Processing Stats

File Path                                  PID    Runtime      # DAGs    # Errors  Last Runtime    Last Run               Last # of DB Queries
-----------------------------------------  -----  ---------  --------  ----------  --------------  -------------------  ----------------------
/opt/airflow/dags/driven_data_pipeline.py                           1           0  0.21s           2025-11-24T13:09:06                      12
================================================================================
[2025-11-24T13:10:05.055+0000] {manager.py:997} INFO - 
================================================================================
DAG File Processing Stats

File Path                                  PID    Runtime      # DAGs    # Errors  Last Runtime    Last Run               Last # of DB Queries
-----------------------------------------  -----  ---------  --------  ----------  --------------  -------------------  ----------------------
/opt/airflow/dags/driven_data_pipeline.py                           1           0  1.29s           2025-11-24T13:09:37                      12
================================================================================
[2025-11-24T13:10:31.376+0000] {manager.py:821} INFO - Searching for files in /opt/airflow/dags
[2025-11-24T13:10:31.411+0000] {manager.py:824} INFO - There are 1 files in /opt/airflow/dags
[2025-11-24T13:10:35.472+0000] {manager.py:997} INFO - 
================================================================================
DAG File Processing Stats

File Path                                  PID    Runtime      # DAGs    # Errors  Last Runtime    Last Run               Last # of DB Queries
-----------------------------------------  -----  ---------  --------  ----------  --------------  -------------------  ----------------------
/opt/airflow/dags/driven_data_pipeline.py                           1           0  0.35s           2025-11-24T13:10:08                      12
================================================================================
[2025-11-24T13:11:05.967+0000] {manager.py:997} INFO - 
================================================================================
DAG File Processing Stats

File Path                                  PID    Runtime      # DAGs    # Errors  Last Runtime    Last Run               Last # of DB Queries
-----------------------------------------  -----  ---------  --------  ----------  --------------  -------------------  ----------------------
/opt/airflow/dags/driven_data_pipeline.py                           1           0  0.35s           2025-11-24T13:10:38                      12
================================================================================
[2025-11-24T13:11:36.611+0000] {manager.py:997} INFO - 
================================================================================
DAG File Processing Stats

File Path                                  PID    Runtime      # DAGs    # Errors  Last Runtime    Last Run               Last # of DB Queries
-----------------------------------------  -----  ---------  --------  ----------  --------------  -------------------  ----------------------
/opt/airflow/dags/driven_data_pipeline.py                           1           0  0.16s           2025-11-24T13:11:09                      12
================================================================================
[2025-11-24T13:12:06.993+0000] {manager.py:997} INFO - 
================================================================================
DAG File Processing Stats

File Path                                  PID    Runtime      # DAGs    # Errors  Last Runtime    Last Run               Last # of DB Queries
-----------------------------------------  -----  ---------  --------  ----------  --------------  -------------------  ----------------------
/opt/airflow/dags/driven_data_pipeline.py                           1           0  0.19s           2025-11-24T13:11:39                      12
================================================================================
[2025-11-24T13:12:37.260+0000] {manager.py:997} INFO - 
================================================================================
DAG File Processing Stats

File Path                                  PID    Runtime      # DAGs    # Errors  Last Runtime    Last Run               Last # of DB Queries
-----------------------------------------  -----  ---------  --------  ----------  --------------  -------------------  ----------------------
/opt/airflow/dags/driven_data_pipeline.py                           1           0  1.09s           2025-11-24T13:12:11                      12
================================================================================
[2025-11-24T13:13:07.268+0000] {manager.py:997} INFO - 
================================================================================
DAG File Processing Stats

File Path                                  PID    Runtime      # DAGs    # Errors  Last Runtime    Last Run               Last # of DB Queries
-----------------------------------------  -----  ---------  --------  ----------  --------------  -------------------  ----------------------
/opt/airflow/dags/driven_data_pipeline.py                           1           0  0.43s           2025-11-24T13:12:41                      12
================================================================================
[2025-11-24T13:13:38.261+0000] {manager.py:997} INFO - 
================================================================================
DAG File Processing Stats

File Path                                  PID    Runtime      # DAGs    # Errors  Last Runtime    Last Run               Last # of DB Queries
-----------------------------------------  -----  ---------  --------  ----------  --------------  -------------------  ----------------------
/opt/airflow/dags/driven_data_pipeline.py                           1           0  0.48s           2025-11-24T13:13:12                      12
================================================================================
[2025-11-24T13:14:08.601+0000] {manager.py:997} INFO - 
================================================================================
DAG File Processing Stats

File Path                                  PID    Runtime      # DAGs    # Errors  Last Runtime    Last Run               Last # of DB Queries
-----------------------------------------  -----  ---------  --------  ----------  --------------  -------------------  ----------------------
/opt/airflow/dags/driven_data_pipeline.py                           1           0  0.18s           2025-11-24T13:13:43                      12
================================================================================
[2025-11-24T13:14:39.227+0000] {manager.py:997} INFO - 
================================================================================
DAG File Processing Stats

File Path                                  PID    Runtime      # DAGs    # Errors  Last Runtime    Last Run               Last # of DB Queries
-----------------------------------------  -----  ---------  --------  ----------  --------------  -------------------  ----------------------
/opt/airflow/dags/driven_data_pipeline.py                           1           0  0.24s           2025-11-24T13:14:13                      12
================================================================================
[2025-11-24T13:15:09.603+0000] {manager.py:997} INFO - 
================================================================================
DAG File Processing Stats

File Path                                  PID    Runtime      # DAGs    # Errors  Last Runtime    Last Run               Last # of DB Queries
-----------------------------------------  -----  ---------  --------  ----------  --------------  -------------------  ----------------------
/opt/airflow/dags/driven_data_pipeline.py                           1           0  0.19s           2025-11-24T13:14:44                      12
================================================================================
[2025-11-24T13:15:31.938+0000] {manager.py:821} INFO - Searching for files in /opt/airflow/dags
[2025-11-24T13:15:31.968+0000] {manager.py:824} INFO - There are 1 files in /opt/airflow/dags
[2025-11-24T13:15:40.057+0000] {manager.py:997} INFO - 
================================================================================
DAG File Processing Stats

File Path                                  PID    Runtime      # DAGs    # Errors  Last Runtime    Last Run               Last # of DB Queries
-----------------------------------------  -----  ---------  --------  ----------  --------------  -------------------  ----------------------
/opt/airflow/dags/driven_data_pipeline.py                           1           0  0.48s           2025-11-24T13:15:15                      12
================================================================================
[2025-11-24T13:16:10.071+0000] {manager.py:997} INFO - 
================================================================================
DAG File Processing Stats

File Path                                  PID    Runtime      # DAGs    # Errors  Last Runtime    Last Run               Last # of DB Queries
-----------------------------------------  -----  ---------  --------  ----------  --------------  -------------------  ----------------------
/opt/airflow/dags/driven_data_pipeline.py                           1           0  0.43s           2025-11-24T13:15:45                      12
================================================================================
[2025-11-24T13:16:40.422+0000] {manager.py:997} INFO - 
================================================================================
DAG File Processing Stats

File Path                                  PID    Runtime      # DAGs    # Errors  Last Runtime    Last Run               Last # of DB Queries
-----------------------------------------  -----  ---------  --------  ----------  --------------  -------------------  ----------------------
/opt/airflow/dags/driven_data_pipeline.py                           1           0  0.41s           2025-11-24T13:16:16                      12
================================================================================
[2025-11-24T13:17:10.535+0000] {manager.py:997} INFO - 
================================================================================
DAG File Processing Stats

File Path                                  PID    Runtime      # DAGs    # Errors  Last Runtime    Last Run               Last # of DB Queries
-----------------------------------------  -----  ---------  --------  ----------  --------------  -------------------  ----------------------
/opt/airflow/dags/driven_data_pipeline.py                           1           0  0.29s           2025-11-24T13:16:47                      12
================================================================================
[2025-11-24T13:17:40.541+0000] {manager.py:997} INFO - 
================================================================================
DAG File Processing Stats

File Path                                  PID    Runtime      # DAGs    # Errors  Last Runtime    Last Run               Last # of DB Queries
-----------------------------------------  -----  ---------  --------  ----------  --------------  -------------------  ----------------------
/opt/airflow/dags/driven_data_pipeline.py                           1           0  0.22s           2025-11-24T13:17:17                      12
================================================================================
[2025-11-24T13:18:11.088+0000] {manager.py:997} INFO - 
================================================================================
DAG File Processing Stats

File Path                                  PID    Runtime      # DAGs    # Errors  Last Runtime    Last Run               Last # of DB Queries
-----------------------------------------  -----  ---------  --------  ----------  --------------  -------------------  ----------------------
/opt/airflow/dags/driven_data_pipeline.py                           1           0  0.47s           2025-11-24T13:17:48                      12
================================================================================
[2025-11-24T13:33:29.505+0000] {manager.py:821} INFO - Searching for files in /opt/airflow/dags
[2025-11-24T13:33:30.841+0000] {manager.py:824} INFO - There are 1 files in /opt/airflow/dags
[2025-11-24T13:33:31.175+0000] {manager.py:997} INFO - 
================================================================================
DAG File Processing Stats

File Path                                    PID  Runtime      # DAGs    # Errors  Last Runtime    Last Run               Last # of DB Queries
-----------------------------------------  -----  ---------  --------  ----------  --------------  -------------------  ----------------------
/opt/airflow/dags/driven_data_pipeline.py    257  0.05s             1           0  1.45s           2025-11-24T13:18:19                      12
================================================================================
[2025-11-24T13:34:04.420+0000] {manager.py:997} INFO - 
================================================================================
DAG File Processing Stats

File Path                                  PID    Runtime      # DAGs    # Errors  Last Runtime    Last Run               Last # of DB Queries
-----------------------------------------  -----  ---------  --------  ----------  --------------  -------------------  ----------------------
/opt/airflow/dags/driven_data_pipeline.py                           1           0  2.32s           2025-11-24T13:33:33                      12
================================================================================
[2025-11-24T14:00:02.831+0000] {manager.py:997} INFO - 
================================================================================
DAG File Processing Stats

File Path                                    PID  Runtime      # DAGs    # Errors  Last Runtime    Last Run               Last # of DB Queries
-----------------------------------------  -----  ---------  --------  ----------  --------------  -------------------  ----------------------
/opt/airflow/dags/driven_data_pipeline.py    264  1552.50s          1           0  2.32s           2025-11-24T13:33:33                      12
================================================================================
[2025-11-24T14:00:04.906+0000] {manager.py:821} INFO - Searching for files in /opt/airflow/dags
[2025-11-24T14:00:05.541+0000] {manager.py:824} INFO - There are 1 files in /opt/airflow/dags
[2025-11-24T14:00:05.934+0000] {manager.py:1366} ERROR - Processor for /opt/airflow/dags/driven_data_pipeline.py with PID 264 started at 2025-11-24T13:34:10.032198+00:00 has timed out, killing it.
[2025-11-24T14:00:35.208+0000] {manager.py:997} INFO - 
================================================================================
DAG File Processing Stats

File Path                                  PID    Runtime      # DAGs    # Errors  Last Runtime    Last Run               Last # of DB Queries
-----------------------------------------  -----  ---------  --------  ----------  --------------  -------------------  ----------------------
/opt/airflow/dags/driven_data_pipeline.py                           0           1  1555.90s        2025-11-24T14:00:05                       0
================================================================================
[2025-11-24T14:01:51.961+0000] {manager.py:1366} ERROR - Processor for /opt/airflow/dags/driven_data_pipeline.py with PID 271 started at 2025-11-24T14:00:53.193365+00:00 has timed out, killing it.
[2025-11-24T14:01:52.204+0000] {manager.py:997} INFO - 
================================================================================
DAG File Processing Stats

File Path                                  PID    Runtime      # DAGs    # Errors  Last Runtime    Last Run               Last # of DB Queries
-----------------------------------------  -----  ---------  --------  ----------  --------------  -------------------  ----------------------
/opt/airflow/dags/driven_data_pipeline.py                           0           1  58.77s          2025-11-24T14:01:51                       0
================================================================================
[2025-11-24T14:02:23.229+0000] {manager.py:997} INFO - 
================================================================================
DAG File Processing Stats

File Path                                    PID  Runtime      # DAGs    # Errors  Last Runtime    Last Run               Last # of DB Queries
-----------------------------------------  -----  ---------  --------  ----------  --------------  -------------------  ----------------------
/opt/airflow/dags/driven_data_pipeline.py    278  0.13s             0           1  58.77s          2025-11-24T14:01:51                       0
================================================================================
[2025-11-24T14:15:22.933+0000] {manager.py:821} INFO - Searching for files in /opt/airflow/dags
[2025-11-24T14:15:23.329+0000] {manager.py:824} INFO - There are 1 files in /opt/airflow/dags
[2025-11-24T14:15:24.680+0000] {manager.py:1366} ERROR - Processor for /opt/airflow/dags/driven_data_pipeline.py with PID 278 started at 2025-11-24T14:02:22.854517+00:00 has timed out, killing it.
[2025-11-24T14:15:24.709+0000] {manager.py:997} INFO - 
================================================================================
DAG File Processing Stats

File Path                                  PID    Runtime      # DAGs    # Errors  Last Runtime    Last Run               Last # of DB Queries
-----------------------------------------  -----  ---------  --------  ----------  --------------  -------------------  ----------------------
/opt/airflow/dags/driven_data_pipeline.py                           0           1  781.83s         2025-11-24T14:15:24                       0
================================================================================
[2025-11-24T14:16:04.972+0000] {manager.py:997} INFO - 
================================================================================
DAG File Processing Stats

File Path                                    PID  Runtime      # DAGs    # Errors  Last Runtime    Last Run               Last # of DB Queries
-----------------------------------------  -----  ---------  --------  ----------  --------------  -------------------  ----------------------
/opt/airflow/dags/driven_data_pipeline.py    292  6.42s             0           1  781.83s         2025-11-24T14:15:24                       0
================================================================================
[2025-11-24T15:18:56.918+0000] {manager.py:821} INFO - Searching for files in /opt/airflow/dags
[2025-11-24T15:18:57.407+0000] {manager.py:824} INFO - There are 1 files in /opt/airflow/dags
[2025-11-24T15:18:57.884+0000] {manager.py:997} INFO - 
================================================================================
DAG File Processing Stats

File Path                                    PID  Runtime      # DAGs    # Errors  Last Runtime    Last Run               Last # of DB Queries
-----------------------------------------  -----  ---------  --------  ----------  --------------  -------------------  ----------------------
/opt/airflow/dags/driven_data_pipeline.py    305  0.11s             1           0  34.08s          2025-11-24T14:16:31                      34
================================================================================
[2025-11-24T16:20:06.802+0000] {manager.py:821} INFO - Searching for files in /opt/airflow/dags
[2025-11-24T16:20:07.287+0000] {manager.py:824} INFO - There are 1 files in /opt/airflow/dags
[2025-11-24T16:20:07.723+0000] {manager.py:997} INFO - 
================================================================================
DAG File Processing Stats

File Path                                    PID  Runtime      # DAGs    # Errors  Last Runtime    Last Run               Last # of DB Queries
-----------------------------------------  -----  ---------  --------  ----------  --------------  -------------------  ----------------------
/opt/airflow/dags/driven_data_pipeline.py    311  0.15s             1           0  0.93s           2025-11-24T15:18:58                      12
================================================================================
[2025-11-24T17:21:15.860+0000] {manager.py:821} INFO - Searching for files in /opt/airflow/dags
[2025-11-24T17:21:16.050+0000] {manager.py:824} INFO - There are 1 files in /opt/airflow/dags
[2025-11-24T17:21:16.258+0000] {manager.py:997} INFO - 
================================================================================
DAG File Processing Stats

File Path                                    PID  Runtime      # DAGs    # Errors  Last Runtime    Last Run               Last # of DB Queries
-----------------------------------------  -----  ---------  --------  ----------  --------------  -------------------  ----------------------
/opt/airflow/dags/driven_data_pipeline.py    318  0.05s             1           0  0.68s           2025-11-24T16:20:08                      12
================================================================================
[2025-11-24T18:22:23.547+0000] {manager.py:821} INFO - Searching for files in /opt/airflow/dags
[2025-11-24T18:22:23.757+0000] {manager.py:824} INFO - There are 1 files in /opt/airflow/dags
[2025-11-24T18:22:24.032+0000] {manager.py:997} INFO - 
================================================================================
DAG File Processing Stats

File Path                                    PID  Runtime      # DAGs    # Errors  Last Runtime    Last Run               Last # of DB Queries
-----------------------------------------  -----  ---------  --------  ----------  --------------  -------------------  ----------------------
/opt/airflow/dags/driven_data_pipeline.py    325  0.07s             1           0  0.64s           2025-11-24T17:21:16                      12
================================================================================
[2025-11-24T19:23:31.877+0000] {manager.py:821} INFO - Searching for files in /opt/airflow/dags
[2025-11-24T19:23:32.379+0000] {manager.py:824} INFO - There are 1 files in /opt/airflow/dags
[2025-11-24T19:23:32.814+0000] {manager.py:997} INFO - 
================================================================================
DAG File Processing Stats

File Path                                    PID  Runtime      # DAGs    # Errors  Last Runtime    Last Run               Last # of DB Queries
-----------------------------------------  -----  ---------  --------  ----------  --------------  -------------------  ----------------------
/opt/airflow/dags/driven_data_pipeline.py    331  0.10s             1           0  0.68s           2025-11-24T18:22:24                      12
================================================================================
[2025-11-24T20:21:19.607+0000] {manager.py:821} INFO - Searching for files in /opt/airflow/dags
[2025-11-24T20:21:19.954+0000] {manager.py:824} INFO - There are 1 files in /opt/airflow/dags
[2025-11-24T20:21:20.195+0000] {manager.py:997} INFO - 
================================================================================
DAG File Processing Stats

File Path                                    PID  Runtime      # DAGs    # Errors  Last Runtime    Last Run               Last # of DB Queries
-----------------------------------------  -----  ---------  --------  ----------  --------------  -------------------  ----------------------
/opt/airflow/dags/driven_data_pipeline.py    338  0.06s             1           0  0.69s           2025-11-24T19:23:33                      12
================================================================================
[2025-11-24T20:24:40.814+0000] {manager.py:997} INFO - 
================================================================================
DAG File Processing Stats

File Path                                    PID  Runtime      # DAGs    # Errors  Last Runtime    Last Run               Last # of DB Queries
-----------------------------------------  -----  ---------  --------  ----------  --------------  -------------------  ----------------------
/opt/airflow/dags/driven_data_pipeline.py    345  0.19s             1           0  0.58s           2025-11-24T20:21:20                      12
================================================================================
[2025-11-24T20:25:17.329+0000] {manager.py:997} INFO - 
================================================================================
DAG File Processing Stats

File Path                                    PID  Runtime      # DAGs    # Errors  Last Runtime    Last Run               Last # of DB Queries
-----------------------------------------  -----  ---------  --------  ----------  --------------  -------------------  ----------------------
/opt/airflow/dags/driven_data_pipeline.py    353  0.51s             1           0  0.86s           2025-11-24T20:24:41                      12
================================================================================
[2025-11-24T21:26:12.031+0000] {manager.py:821} INFO - Searching for files in /opt/airflow/dags
[2025-11-24T21:26:12.051+0000] {manager.py:824} INFO - There are 1 files in /opt/airflow/dags
[2025-11-24T21:26:23.520+0000] {manager.py:997} INFO - 
================================================================================
DAG File Processing Stats

File Path                                  PID    Runtime      # DAGs    # Errors  Last Runtime    Last Run               Last # of DB Queries
-----------------------------------------  -----  ---------  --------  ----------  --------------  -------------------  ----------------------
/opt/airflow/dags/driven_data_pipeline.py                           1           0  0.18s           2025-11-24T21:26:12                      12
================================================================================
[2025-11-24T22:41:08.370+0000] {manager.py:821} INFO - Searching for files in /opt/airflow/dags
[2025-11-24T22:41:08.416+0000] {manager.py:824} INFO - There are 1 files in /opt/airflow/dags
[2025-11-24T22:42:01.358+0000] {manager.py:997} INFO - 
================================================================================
DAG File Processing Stats

File Path                                    PID  Runtime      # DAGs    # Errors  Last Runtime    Last Run               Last # of DB Queries
-----------------------------------------  -----  ---------  --------  ----------  --------------  -------------------  ----------------------
/opt/airflow/dags/driven_data_pipeline.py    362  0.02s             1           0  0.60s           2025-11-24T22:41:09                      12
================================================================================
[2025-11-24T23:08:49.216+0000] {manager.py:821} INFO - Searching for files in /opt/airflow/dags
[2025-11-24T23:08:49.764+0000] {manager.py:824} INFO - There are 1 files in /opt/airflow/dags
[2025-11-24T23:08:50.277+0000] {manager.py:997} INFO - 
================================================================================
DAG File Processing Stats

File Path                                    PID  Runtime      # DAGs    # Errors  Last Runtime    Last Run               Last # of DB Queries
-----------------------------------------  -----  ---------  --------  ----------  --------------  -------------------  ----------------------
/opt/airflow/dags/driven_data_pipeline.py    376  0.08s             1           0  0.61s           2025-11-24T22:42:01                      12
================================================================================
[2025-11-24T23:09:20.705+0000] {manager.py:997} INFO - 
================================================================================
DAG File Processing Stats

File Path                                  PID    Runtime      # DAGs    # Errors  Last Runtime    Last Run               Last # of DB Queries
-----------------------------------------  -----  ---------  --------  ----------  --------------  -------------------  ----------------------
/opt/airflow/dags/driven_data_pipeline.py                           1           0  1.64s           2025-11-24T23:08:51                      12
================================================================================
[2025-11-24T23:09:51.032+0000] {manager.py:997} INFO - 
================================================================================
DAG File Processing Stats

File Path                                  PID    Runtime      # DAGs    # Errors  Last Runtime    Last Run               Last # of DB Queries
-----------------------------------------  -----  ---------  --------  ----------  --------------  -------------------  ----------------------
/opt/airflow/dags/driven_data_pipeline.py                           1           0  0.21s           2025-11-24T23:09:22                      12
================================================================================
[2025-11-24T23:10:21.374+0000] {manager.py:997} INFO - 
================================================================================
DAG File Processing Stats

File Path                                  PID    Runtime      # DAGs    # Errors  Last Runtime    Last Run               Last # of DB Queries
-----------------------------------------  -----  ---------  --------  ----------  --------------  -------------------  ----------------------
/opt/airflow/dags/driven_data_pipeline.py                           1           0  0.16s           2025-11-24T23:09:53                      12
================================================================================
[2025-11-24T23:10:51.820+0000] {manager.py:997} INFO - 
================================================================================
DAG File Processing Stats

File Path                                  PID    Runtime      # DAGs    # Errors  Last Runtime    Last Run               Last # of DB Queries
-----------------------------------------  -----  ---------  --------  ----------  --------------  -------------------  ----------------------
/opt/airflow/dags/driven_data_pipeline.py                           1           0  0.14s           2025-11-24T23:10:23                      12
================================================================================
[2025-11-24T23:11:22.254+0000] {manager.py:997} INFO - 
================================================================================
DAG File Processing Stats

File Path                                  PID    Runtime      # DAGs    # Errors  Last Runtime    Last Run               Last # of DB Queries
-----------------------------------------  -----  ---------  --------  ----------  --------------  -------------------  ----------------------
/opt/airflow/dags/driven_data_pipeline.py                           1           0  0.14s           2025-11-24T23:10:54                      12
================================================================================
[2025-11-24T23:11:52.604+0000] {manager.py:997} INFO - 
================================================================================
DAG File Processing Stats

File Path                                  PID    Runtime      # DAGs    # Errors  Last Runtime    Last Run               Last # of DB Queries
-----------------------------------------  -----  ---------  --------  ----------  --------------  -------------------  ----------------------
/opt/airflow/dags/driven_data_pipeline.py                           1           0  0.17s           2025-11-24T23:11:24                      12
================================================================================
[2025-11-24T23:12:23.048+0000] {manager.py:997} INFO - 
================================================================================
DAG File Processing Stats

File Path                                  PID    Runtime      # DAGs    # Errors  Last Runtime    Last Run               Last # of DB Queries
-----------------------------------------  -----  ---------  --------  ----------  --------------  -------------------  ----------------------
/opt/airflow/dags/driven_data_pipeline.py                           1           0  0.16s           2025-11-24T23:11:54                      12
================================================================================
[2025-11-24T23:12:53.392+0000] {manager.py:997} INFO - 
================================================================================
DAG File Processing Stats

File Path                                  PID    Runtime      # DAGs    # Errors  Last Runtime    Last Run               Last # of DB Queries
-----------------------------------------  -----  ---------  --------  ----------  --------------  -------------------  ----------------------
/opt/airflow/dags/driven_data_pipeline.py                           1           0  0.14s           2025-11-24T23:12:25                      12
================================================================================
[2025-11-24T23:13:23.841+0000] {manager.py:997} INFO - 
================================================================================
DAG File Processing Stats

File Path                                  PID    Runtime      # DAGs    # Errors  Last Runtime    Last Run               Last # of DB Queries
-----------------------------------------  -----  ---------  --------  ----------  --------------  -------------------  ----------------------
/opt/airflow/dags/driven_data_pipeline.py                           1           0  0.22s           2025-11-24T23:12:55                      12
================================================================================
[2025-11-24T23:13:49.237+0000] {manager.py:821} INFO - Searching for files in /opt/airflow/dags
[2025-11-24T23:13:49.254+0000] {manager.py:824} INFO - There are 1 files in /opt/airflow/dags
[2025-11-24T23:13:54.243+0000] {manager.py:997} INFO - 
================================================================================
DAG File Processing Stats

File Path                                  PID    Runtime      # DAGs    # Errors  Last Runtime    Last Run               Last # of DB Queries
-----------------------------------------  -----  ---------  --------  ----------  --------------  -------------------  ----------------------
/opt/airflow/dags/driven_data_pipeline.py                           1           0  0.15s           2025-11-24T23:13:26                      12
================================================================================
[2025-11-24T23:14:24.608+0000] {manager.py:997} INFO - 
================================================================================
DAG File Processing Stats

File Path                                  PID    Runtime      # DAGs    # Errors  Last Runtime    Last Run               Last # of DB Queries
-----------------------------------------  -----  ---------  --------  ----------  --------------  -------------------  ----------------------
/opt/airflow/dags/driven_data_pipeline.py                           1           0  0.28s           2025-11-24T23:13:56                      12
================================================================================
[2025-11-24T23:14:54.860+0000] {manager.py:997} INFO - 
================================================================================
DAG File Processing Stats

File Path                                  PID    Runtime      # DAGs    # Errors  Last Runtime    Last Run               Last # of DB Queries
-----------------------------------------  -----  ---------  --------  ----------  --------------  -------------------  ----------------------
/opt/airflow/dags/driven_data_pipeline.py                           1           0  0.14s           2025-11-24T23:14:26                      12
================================================================================
[2025-11-24T23:15:25.256+0000] {manager.py:997} INFO - 
================================================================================
DAG File Processing Stats

File Path                                  PID    Runtime      # DAGs    # Errors  Last Runtime    Last Run               Last # of DB Queries
-----------------------------------------  -----  ---------  --------  ----------  --------------  -------------------  ----------------------
/opt/airflow/dags/driven_data_pipeline.py                           1           0  0.23s           2025-11-24T23:14:57                      12
================================================================================
[2025-11-24T23:15:55.584+0000] {manager.py:997} INFO - 
================================================================================
DAG File Processing Stats

File Path                                  PID    Runtime      # DAGs    # Errors  Last Runtime    Last Run               Last # of DB Queries
-----------------------------------------  -----  ---------  --------  ----------  --------------  -------------------  ----------------------
/opt/airflow/dags/driven_data_pipeline.py                           1           0  0.17s           2025-11-24T23:15:27                      12
================================================================================
[2025-11-24T23:16:25.898+0000] {manager.py:997} INFO - 
================================================================================
DAG File Processing Stats

File Path                                  PID    Runtime      # DAGs    # Errors  Last Runtime    Last Run               Last # of DB Queries
-----------------------------------------  -----  ---------  --------  ----------  --------------  -------------------  ----------------------
/opt/airflow/dags/driven_data_pipeline.py                           1           0  0.16s           2025-11-24T23:15:57                      12
================================================================================
[2025-11-24T23:16:56.223+0000] {manager.py:997} INFO - 
================================================================================
DAG File Processing Stats

File Path                                  PID    Runtime      # DAGs    # Errors  Last Runtime    Last Run               Last # of DB Queries
-----------------------------------------  -----  ---------  --------  ----------  --------------  -------------------  ----------------------
/opt/airflow/dags/driven_data_pipeline.py                           1           0  0.17s           2025-11-24T23:16:28                      12
================================================================================
[2025-11-24T23:17:26.555+0000] {manager.py:997} INFO - 
================================================================================
DAG File Processing Stats

File Path                                  PID    Runtime      # DAGs    # Errors  Last Runtime    Last Run               Last # of DB Queries
-----------------------------------------  -----  ---------  --------  ----------  --------------  -------------------  ----------------------
/opt/airflow/dags/driven_data_pipeline.py                           1           0  0.24s           2025-11-24T23:16:58                      12
================================================================================
[2025-11-24T23:17:56.959+0000] {manager.py:997} INFO - 
================================================================================
DAG File Processing Stats

File Path                                  PID    Runtime      # DAGs    # Errors  Last Runtime    Last Run               Last # of DB Queries
-----------------------------------------  -----  ---------  --------  ----------  --------------  -------------------  ----------------------
/opt/airflow/dags/driven_data_pipeline.py                           1           0  0.16s           2025-11-24T23:17:28                      12
================================================================================
[2025-11-24T23:18:27.228+0000] {manager.py:997} INFO - 
================================================================================
DAG File Processing Stats

File Path                                  PID    Runtime      # DAGs    # Errors  Last Runtime    Last Run               Last # of DB Queries
-----------------------------------------  -----  ---------  --------  ----------  --------------  -------------------  ----------------------
/opt/airflow/dags/driven_data_pipeline.py                           1           0  0.18s           2025-11-24T23:17:59                      12
================================================================================
[2025-11-24T23:18:49.553+0000] {manager.py:821} INFO - Searching for files in /opt/airflow/dags
[2025-11-24T23:18:49.576+0000] {manager.py:824} INFO - There are 1 files in /opt/airflow/dags
[2025-11-24T23:18:57.656+0000] {manager.py:997} INFO - 
================================================================================
DAG File Processing Stats

File Path                                  PID    Runtime      # DAGs    # Errors  Last Runtime    Last Run               Last # of DB Queries
-----------------------------------------  -----  ---------  --------  ----------  --------------  -------------------  ----------------------
/opt/airflow/dags/driven_data_pipeline.py                           1           0  0.15s           2025-11-24T23:18:29                      12
================================================================================
[2025-11-24T23:19:27.924+0000] {manager.py:997} INFO - 
================================================================================
DAG File Processing Stats

File Path                                  PID    Runtime      # DAGs    # Errors  Last Runtime    Last Run               Last # of DB Queries
-----------------------------------------  -----  ---------  --------  ----------  --------------  -------------------  ----------------------
/opt/airflow/dags/driven_data_pipeline.py                           1           0  0.16s           2025-11-24T23:18:59                      12
================================================================================
[2025-11-24T23:19:58.308+0000] {manager.py:997} INFO - 
================================================================================
DAG File Processing Stats

File Path                                  PID    Runtime      # DAGs    # Errors  Last Runtime    Last Run               Last # of DB Queries
-----------------------------------------  -----  ---------  --------  ----------  --------------  -------------------  ----------------------
/opt/airflow/dags/driven_data_pipeline.py                           1           0  0.15s           2025-11-24T23:19:30                      12
================================================================================
[2025-11-24T23:20:28.549+0000] {manager.py:997} INFO - 
================================================================================
DAG File Processing Stats

File Path                                  PID    Runtime      # DAGs    # Errors  Last Runtime    Last Run               Last # of DB Queries
-----------------------------------------  -----  ---------  --------  ----------  --------------  -------------------  ----------------------
/opt/airflow/dags/driven_data_pipeline.py                           1           0  0.14s           2025-11-24T23:20:00                      12
================================================================================
[2025-11-24T23:20:58.955+0000] {manager.py:997} INFO - 
================================================================================
DAG File Processing Stats

File Path                                  PID    Runtime      # DAGs    # Errors  Last Runtime    Last Run               Last # of DB Queries
-----------------------------------------  -----  ---------  --------  ----------  --------------  -------------------  ----------------------
/opt/airflow/dags/driven_data_pipeline.py                           1           0  0.36s           2025-11-24T23:20:30                      12
================================================================================
[2025-11-24T23:21:29.296+0000] {manager.py:997} INFO - 
================================================================================
DAG File Processing Stats

File Path                                  PID    Runtime      # DAGs    # Errors  Last Runtime    Last Run               Last # of DB Queries
-----------------------------------------  -----  ---------  --------  ----------  --------------  -------------------  ----------------------
/opt/airflow/dags/driven_data_pipeline.py                           1           0  0.16s           2025-11-24T23:21:01                      12
================================================================================
[2025-11-24T23:21:59.723+0000] {manager.py:997} INFO - 
================================================================================
DAG File Processing Stats

File Path                                  PID    Runtime      # DAGs    # Errors  Last Runtime    Last Run               Last # of DB Queries
-----------------------------------------  -----  ---------  --------  ----------  --------------  -------------------  ----------------------
/opt/airflow/dags/driven_data_pipeline.py                           1           0  0.14s           2025-11-24T23:21:31                      12
================================================================================
[2025-11-24T23:22:30.050+0000] {manager.py:997} INFO - 
================================================================================
DAG File Processing Stats

File Path                                  PID    Runtime      # DAGs    # Errors  Last Runtime    Last Run               Last # of DB Queries
-----------------------------------------  -----  ---------  --------  ----------  --------------  -------------------  ----------------------
/opt/airflow/dags/driven_data_pipeline.py                           1           0  0.14s           2025-11-24T23:22:01                      12
================================================================================
[2025-11-24T23:23:00.444+0000] {manager.py:997} INFO - 
================================================================================
DAG File Processing Stats

File Path                                  PID    Runtime      # DAGs    # Errors  Last Runtime    Last Run               Last # of DB Queries
-----------------------------------------  -----  ---------  --------  ----------  --------------  -------------------  ----------------------
/opt/airflow/dags/driven_data_pipeline.py                           1           0  0.22s           2025-11-24T23:22:32                      12
================================================================================
[2025-11-24T23:23:30.924+0000] {manager.py:997} INFO - 
================================================================================
DAG File Processing Stats

File Path                                  PID    Runtime      # DAGs    # Errors  Last Runtime    Last Run               Last # of DB Queries
-----------------------------------------  -----  ---------  --------  ----------  --------------  -------------------  ----------------------
/opt/airflow/dags/driven_data_pipeline.py                           1           0  0.22s           2025-11-24T23:23:02                      12
================================================================================
[2025-11-24T23:23:49.694+0000] {manager.py:821} INFO - Searching for files in /opt/airflow/dags
[2025-11-24T23:23:49.727+0000] {manager.py:824} INFO - There are 1 files in /opt/airflow/dags
[2025-11-24T23:24:01.288+0000] {manager.py:997} INFO - 
================================================================================
DAG File Processing Stats

File Path                                  PID    Runtime      # DAGs    # Errors  Last Runtime    Last Run               Last # of DB Queries
-----------------------------------------  -----  ---------  --------  ----------  --------------  -------------------  ----------------------
/opt/airflow/dags/driven_data_pipeline.py                           1           0  0.49s           2025-11-24T23:23:33                      12
================================================================================
[2025-11-24T23:24:31.337+0000] {manager.py:997} INFO - 
================================================================================
DAG File Processing Stats

File Path                                  PID    Runtime      # DAGs    # Errors  Last Runtime    Last Run               Last # of DB Queries
-----------------------------------------  -----  ---------  --------  ----------  --------------  -------------------  ----------------------
/opt/airflow/dags/driven_data_pipeline.py                           1           0  0.19s           2025-11-24T23:24:04                      12
================================================================================
[2025-11-24T23:25:01.449+0000] {manager.py:997} INFO - 
================================================================================
DAG File Processing Stats

File Path                                  PID    Runtime      # DAGs    # Errors  Last Runtime    Last Run               Last # of DB Queries
-----------------------------------------  -----  ---------  --------  ----------  --------------  -------------------  ----------------------
/opt/airflow/dags/driven_data_pipeline.py                           1           0  0.15s           2025-11-24T23:24:34                      12
================================================================================
[2025-11-24T23:25:31.894+0000] {manager.py:997} INFO - 
================================================================================
DAG File Processing Stats

File Path                                  PID    Runtime      # DAGs    # Errors  Last Runtime    Last Run               Last # of DB Queries
-----------------------------------------  -----  ---------  --------  ----------  --------------  -------------------  ----------------------
/opt/airflow/dags/driven_data_pipeline.py                           1           0  0.20s           2025-11-24T23:25:04                      12
================================================================================
[2025-11-24T23:26:02.233+0000] {manager.py:997} INFO - 
================================================================================
DAG File Processing Stats

File Path                                  PID    Runtime      # DAGs    # Errors  Last Runtime    Last Run               Last # of DB Queries
-----------------------------------------  -----  ---------  --------  ----------  --------------  -------------------  ----------------------
/opt/airflow/dags/driven_data_pipeline.py                           1           0  0.16s           2025-11-24T23:25:35                      12
================================================================================
[2025-11-24T23:26:32.643+0000] {manager.py:997} INFO - 
================================================================================
DAG File Processing Stats

File Path                                  PID    Runtime      # DAGs    # Errors  Last Runtime    Last Run               Last # of DB Queries
-----------------------------------------  -----  ---------  --------  ----------  --------------  -------------------  ----------------------
/opt/airflow/dags/driven_data_pipeline.py                           1           0  0.24s           2025-11-24T23:26:05                      12
================================================================================
[2025-11-24T23:27:02.971+0000] {manager.py:997} INFO - 
================================================================================
DAG File Processing Stats

File Path                                  PID    Runtime      # DAGs    # Errors  Last Runtime    Last Run               Last # of DB Queries
-----------------------------------------  -----  ---------  --------  ----------  --------------  -------------------  ----------------------
/opt/airflow/dags/driven_data_pipeline.py                           1           0  0.17s           2025-11-24T23:26:35                      12
================================================================================
[2025-11-24T23:27:33.279+0000] {manager.py:997} INFO - 
================================================================================
DAG File Processing Stats

File Path                                  PID    Runtime      # DAGs    # Errors  Last Runtime    Last Run               Last # of DB Queries
-----------------------------------------  -----  ---------  --------  ----------  --------------  -------------------  ----------------------
/opt/airflow/dags/driven_data_pipeline.py                           1           0  0.14s           2025-11-24T23:27:06                      12
================================================================================
[2025-11-24T23:28:03.700+0000] {manager.py:997} INFO - 
================================================================================
DAG File Processing Stats

File Path                                  PID    Runtime      # DAGs    # Errors  Last Runtime    Last Run               Last # of DB Queries
-----------------------------------------  -----  ---------  --------  ----------  --------------  -------------------  ----------------------
/opt/airflow/dags/driven_data_pipeline.py                           1           0  0.15s           2025-11-24T23:27:36                      12
================================================================================
[2025-11-24T23:28:34.052+0000] {manager.py:997} INFO - 
================================================================================
DAG File Processing Stats

File Path                                  PID    Runtime      # DAGs    # Errors  Last Runtime    Last Run               Last # of DB Queries
-----------------------------------------  -----  ---------  --------  ----------  --------------  -------------------  ----------------------
/opt/airflow/dags/driven_data_pipeline.py                           1           0  0.15s           2025-11-24T23:28:06                      12
================================================================================
[2025-11-24T23:28:50.225+0000] {manager.py:821} INFO - Searching for files in /opt/airflow/dags
[2025-11-24T23:28:50.258+0000] {manager.py:824} INFO - There are 1 files in /opt/airflow/dags
[2025-11-24T23:29:04.411+0000] {manager.py:997} INFO - 
================================================================================
DAG File Processing Stats

File Path                                  PID    Runtime      # DAGs    # Errors  Last Runtime    Last Run               Last # of DB Queries
-----------------------------------------  -----  ---------  --------  ----------  --------------  -------------------  ----------------------
/opt/airflow/dags/driven_data_pipeline.py                           1           0  0.14s           2025-11-24T23:28:37                      12
================================================================================
[2025-11-24T23:29:34.791+0000] {manager.py:997} INFO - 
================================================================================
DAG File Processing Stats

File Path                                  PID    Runtime      # DAGs    # Errors  Last Runtime    Last Run               Last # of DB Queries
-----------------------------------------  -----  ---------  --------  ----------  --------------  -------------------  ----------------------
/opt/airflow/dags/driven_data_pipeline.py                           1           0  0.16s           2025-11-24T23:29:07                      12
================================================================================
[2025-11-24T23:30:05.214+0000] {manager.py:997} INFO - 
================================================================================
DAG File Processing Stats

File Path                                  PID    Runtime      # DAGs    # Errors  Last Runtime    Last Run               Last # of DB Queries
-----------------------------------------  -----  ---------  --------  ----------  --------------  -------------------  ----------------------
/opt/airflow/dags/driven_data_pipeline.py                           1           0  0.14s           2025-11-24T23:29:37                      12
================================================================================
[2025-11-24T23:30:35.541+0000] {manager.py:997} INFO - 
================================================================================
DAG File Processing Stats

File Path                                  PID    Runtime      # DAGs    # Errors  Last Runtime    Last Run               Last # of DB Queries
-----------------------------------------  -----  ---------  --------  ----------  --------------  -------------------  ----------------------
/opt/airflow/dags/driven_data_pipeline.py                           1           0  0.13s           2025-11-24T23:30:08                      12
================================================================================
[2025-11-24T23:31:06.008+0000] {manager.py:997} INFO - 
================================================================================
DAG File Processing Stats

File Path                                  PID    Runtime      # DAGs    # Errors  Last Runtime    Last Run               Last # of DB Queries
-----------------------------------------  -----  ---------  --------  ----------  --------------  -------------------  ----------------------
/opt/airflow/dags/driven_data_pipeline.py                           1           0  0.18s           2025-11-24T23:30:38                      12
================================================================================
[2025-11-24T23:31:36.380+0000] {manager.py:997} INFO - 
================================================================================
DAG File Processing Stats

File Path                                  PID    Runtime      # DAGs    # Errors  Last Runtime    Last Run               Last # of DB Queries
-----------------------------------------  -----  ---------  --------  ----------  --------------  -------------------  ----------------------
/opt/airflow/dags/driven_data_pipeline.py                           1           0  0.14s           2025-11-24T23:31:09                      12
================================================================================
[2025-11-24T23:32:06.713+0000] {manager.py:997} INFO - 
================================================================================
DAG File Processing Stats

File Path                                  PID    Runtime      # DAGs    # Errors  Last Runtime    Last Run               Last # of DB Queries
-----------------------------------------  -----  ---------  --------  ----------  --------------  -------------------  ----------------------
/opt/airflow/dags/driven_data_pipeline.py                           1           0  0.17s           2025-11-24T23:31:39                      12
================================================================================
[2025-11-24T23:32:37.173+0000] {manager.py:997} INFO - 
================================================================================
DAG File Processing Stats

File Path                                  PID    Runtime      # DAGs    # Errors  Last Runtime    Last Run               Last # of DB Queries
-----------------------------------------  -----  ---------  --------  ----------  --------------  -------------------  ----------------------
/opt/airflow/dags/driven_data_pipeline.py                           1           0  0.19s           2025-11-24T23:32:09                      12
================================================================================
[2025-11-24T23:33:07.525+0000] {manager.py:997} INFO - 
================================================================================
DAG File Processing Stats

File Path                                  PID    Runtime      # DAGs    # Errors  Last Runtime    Last Run               Last # of DB Queries
-----------------------------------------  -----  ---------  --------  ----------  --------------  -------------------  ----------------------
/opt/airflow/dags/driven_data_pipeline.py                           1           0  0.15s           2025-11-24T23:32:40                      12
================================================================================
[2025-11-24T23:33:37.918+0000] {manager.py:997} INFO - 
================================================================================
DAG File Processing Stats

File Path                                  PID    Runtime      # DAGs    # Errors  Last Runtime    Last Run               Last # of DB Queries
-----------------------------------------  -----  ---------  --------  ----------  --------------  -------------------  ----------------------
/opt/airflow/dags/driven_data_pipeline.py                           1           0  0.15s           2025-11-24T23:33:10                      12
================================================================================
[2025-11-24T23:33:51.090+0000] {manager.py:821} INFO - Searching for files in /opt/airflow/dags
[2025-11-24T23:33:51.120+0000] {manager.py:824} INFO - There are 1 files in /opt/airflow/dags
[2025-11-24T23:34:08.314+0000] {manager.py:997} INFO - 
================================================================================
DAG File Processing Stats

File Path                                  PID    Runtime      # DAGs    # Errors  Last Runtime    Last Run               Last # of DB Queries
-----------------------------------------  -----  ---------  --------  ----------  --------------  -------------------  ----------------------
/opt/airflow/dags/driven_data_pipeline.py                           1           0  0.14s           2025-11-24T23:33:41                      12
================================================================================
[2025-11-24T23:34:38.664+0000] {manager.py:997} INFO - 
================================================================================
DAG File Processing Stats

File Path                                  PID    Runtime      # DAGs    # Errors  Last Runtime    Last Run               Last # of DB Queries
-----------------------------------------  -----  ---------  --------  ----------  --------------  -------------------  ----------------------
/opt/airflow/dags/driven_data_pipeline.py                           1           0  0.15s           2025-11-24T23:34:11                      12
================================================================================
[2025-11-24T23:35:09.030+0000] {manager.py:997} INFO - 
================================================================================
DAG File Processing Stats

File Path                                  PID    Runtime      # DAGs    # Errors  Last Runtime    Last Run               Last # of DB Queries
-----------------------------------------  -----  ---------  --------  ----------  --------------  -------------------  ----------------------
/opt/airflow/dags/driven_data_pipeline.py                           1           0  0.16s           2025-11-24T23:34:41                      12
================================================================================
[2025-11-24T23:35:39.431+0000] {manager.py:997} INFO - 
================================================================================
DAG File Processing Stats

File Path                                  PID    Runtime      # DAGs    # Errors  Last Runtime    Last Run               Last # of DB Queries
-----------------------------------------  -----  ---------  --------  ----------  --------------  -------------------  ----------------------
/opt/airflow/dags/driven_data_pipeline.py                           1           0  0.15s           2025-11-24T23:35:12                      12
================================================================================
[2025-11-24T23:36:09.750+0000] {manager.py:997} INFO - 
================================================================================
DAG File Processing Stats

File Path                                  PID    Runtime      # DAGs    # Errors  Last Runtime    Last Run               Last # of DB Queries
-----------------------------------------  -----  ---------  --------  ----------  --------------  -------------------  ----------------------
/opt/airflow/dags/driven_data_pipeline.py                           1           0  0.20s           2025-11-24T23:35:42                      12
================================================================================
[2025-11-24T23:36:40.275+0000] {manager.py:997} INFO - 
================================================================================
DAG File Processing Stats

File Path                                  PID    Runtime      # DAGs    # Errors  Last Runtime    Last Run               Last # of DB Queries
-----------------------------------------  -----  ---------  --------  ----------  --------------  -------------------  ----------------------
/opt/airflow/dags/driven_data_pipeline.py                           1           0  0.18s           2025-11-24T23:36:12                      12
================================================================================
[2025-11-24T23:37:10.622+0000] {manager.py:997} INFO - 
================================================================================
DAG File Processing Stats

File Path                                  PID    Runtime      # DAGs    # Errors  Last Runtime    Last Run               Last # of DB Queries
-----------------------------------------  -----  ---------  --------  ----------  --------------  -------------------  ----------------------
/opt/airflow/dags/driven_data_pipeline.py                           1           0  0.15s           2025-11-24T23:36:43                      12
================================================================================
[2025-11-24T23:37:41.033+0000] {manager.py:997} INFO - 
================================================================================
DAG File Processing Stats

File Path                                  PID    Runtime      # DAGs    # Errors  Last Runtime    Last Run               Last # of DB Queries
-----------------------------------------  -----  ---------  --------  ----------  --------------  -------------------  ----------------------
/opt/airflow/dags/driven_data_pipeline.py                           1           0  0.20s           2025-11-24T23:37:13                      12
================================================================================
[2025-11-24T23:38:11.465+0000] {manager.py:997} INFO - 
================================================================================
DAG File Processing Stats

File Path                                  PID    Runtime      # DAGs    # Errors  Last Runtime    Last Run               Last # of DB Queries
-----------------------------------------  -----  ---------  --------  ----------  --------------  -------------------  ----------------------
/opt/airflow/dags/driven_data_pipeline.py                           1           0  0.14s           2025-11-24T23:37:44                      12
================================================================================
[2025-11-24T23:38:41.794+0000] {manager.py:997} INFO - 
================================================================================
DAG File Processing Stats

File Path                                  PID    Runtime      # DAGs    # Errors  Last Runtime    Last Run               Last # of DB Queries
-----------------------------------------  -----  ---------  --------  ----------  --------------  -------------------  ----------------------
/opt/airflow/dags/driven_data_pipeline.py                           1           0  0.15s           2025-11-24T23:38:14                      12
================================================================================
[2025-11-24T23:38:51.981+0000] {manager.py:821} INFO - Searching for files in /opt/airflow/dags
[2025-11-24T23:38:52.011+0000] {manager.py:824} INFO - There are 1 files in /opt/airflow/dags
[2025-11-24T23:39:12.505+0000] {manager.py:997} INFO - 
================================================================================
DAG File Processing Stats

File Path                                  PID    Runtime      # DAGs    # Errors  Last Runtime    Last Run               Last # of DB Queries
-----------------------------------------  -----  ---------  --------  ----------  --------------  -------------------  ----------------------
/opt/airflow/dags/driven_data_pipeline.py                           1           0  0.15s           2025-11-24T23:38:44                      12
================================================================================
[2025-11-24T23:39:42.947+0000] {manager.py:997} INFO - 
================================================================================
DAG File Processing Stats

File Path                                  PID    Runtime      # DAGs    # Errors  Last Runtime    Last Run               Last # of DB Queries
-----------------------------------------  -----  ---------  --------  ----------  --------------  -------------------  ----------------------
/opt/airflow/dags/driven_data_pipeline.py                           1           0  0.23s           2025-11-24T23:39:15                      12
================================================================================
[2025-11-24T23:40:13.431+0000] {manager.py:997} INFO - 
================================================================================
DAG File Processing Stats

File Path                                  PID    Runtime      # DAGs    # Errors  Last Runtime    Last Run               Last # of DB Queries
-----------------------------------------  -----  ---------  --------  ----------  --------------  -------------------  ----------------------
/opt/airflow/dags/driven_data_pipeline.py                           1           0  0.18s           2025-11-24T23:39:46                      12
================================================================================
[2025-11-24T23:40:43.759+0000] {manager.py:997} INFO - 
================================================================================
DAG File Processing Stats

File Path                                  PID    Runtime      # DAGs    # Errors  Last Runtime    Last Run               Last # of DB Queries
-----------------------------------------  -----  ---------  --------  ----------  --------------  -------------------  ----------------------
/opt/airflow/dags/driven_data_pipeline.py                           1           0  0.23s           2025-11-24T23:40:16                      12
================================================================================
[2025-11-24T23:41:14.112+0000] {manager.py:997} INFO - 
================================================================================
DAG File Processing Stats

File Path                                  PID    Runtime      # DAGs    # Errors  Last Runtime    Last Run               Last # of DB Queries
-----------------------------------------  -----  ---------  --------  ----------  --------------  -------------------  ----------------------
/opt/airflow/dags/driven_data_pipeline.py                           1           0  0.15s           2025-11-24T23:40:46                      12
================================================================================
[2025-11-24T23:41:44.556+0000] {manager.py:997} INFO - 
================================================================================
DAG File Processing Stats

File Path                                  PID    Runtime      # DAGs    # Errors  Last Runtime    Last Run               Last # of DB Queries
-----------------------------------------  -----  ---------  --------  ----------  --------------  -------------------  ----------------------
/opt/airflow/dags/driven_data_pipeline.py                           1           0  0.14s           2025-11-24T23:41:17                      12
================================================================================
[2025-11-24T23:42:14.894+0000] {manager.py:997} INFO - 
================================================================================
DAG File Processing Stats

File Path                                  PID    Runtime      # DAGs    # Errors  Last Runtime    Last Run               Last # of DB Queries
-----------------------------------------  -----  ---------  --------  ----------  --------------  -------------------  ----------------------
/opt/airflow/dags/driven_data_pipeline.py                           1           0  0.27s           2025-11-24T23:41:47                      12
================================================================================
[2025-11-24T23:42:45.254+0000] {manager.py:997} INFO - 
================================================================================
DAG File Processing Stats

File Path                                  PID    Runtime      # DAGs    # Errors  Last Runtime    Last Run               Last # of DB Queries
-----------------------------------------  -----  ---------  --------  ----------  --------------  -------------------  ----------------------
/opt/airflow/dags/driven_data_pipeline.py                           1           0  0.17s           2025-11-24T23:42:18                      12
================================================================================
[2025-11-24T23:43:15.638+0000] {manager.py:997} INFO - 
================================================================================
DAG File Processing Stats

File Path                                  PID    Runtime      # DAGs    # Errors  Last Runtime    Last Run               Last # of DB Queries
-----------------------------------------  -----  ---------  --------  ----------  --------------  -------------------  ----------------------
/opt/airflow/dags/driven_data_pipeline.py                           1           0  0.34s           2025-11-24T23:42:48                      12
================================================================================
[2025-11-24T23:43:46.141+0000] {manager.py:997} INFO - 
================================================================================
DAG File Processing Stats

File Path                                  PID    Runtime      # DAGs    # Errors  Last Runtime    Last Run               Last # of DB Queries
-----------------------------------------  -----  ---------  --------  ----------  --------------  -------------------  ----------------------
/opt/airflow/dags/driven_data_pipeline.py                           1           0  0.23s           2025-11-24T23:43:18                      12
================================================================================
[2025-11-24T23:43:52.320+0000] {manager.py:821} INFO - Searching for files in /opt/airflow/dags
[2025-11-24T23:43:52.345+0000] {manager.py:824} INFO - There are 1 files in /opt/airflow/dags
[2025-11-24T23:44:16.597+0000] {manager.py:997} INFO - 
================================================================================
DAG File Processing Stats

File Path                                  PID    Runtime      # DAGs    # Errors  Last Runtime    Last Run               Last # of DB Queries
-----------------------------------------  -----  ---------  --------  ----------  --------------  -------------------  ----------------------
/opt/airflow/dags/driven_data_pipeline.py                           1           0  0.45s           2025-11-24T23:43:49                      12
================================================================================
[2025-11-24T23:44:46.911+0000] {manager.py:997} INFO - 
================================================================================
DAG File Processing Stats

File Path                                  PID    Runtime      # DAGs    # Errors  Last Runtime    Last Run               Last # of DB Queries
-----------------------------------------  -----  ---------  --------  ----------  --------------  -------------------  ----------------------
/opt/airflow/dags/driven_data_pipeline.py                           1           0  0.19s           2025-11-24T23:44:19                      12
================================================================================
[2025-11-24T23:45:17.248+0000] {manager.py:997} INFO - 
================================================================================
DAG File Processing Stats

File Path                                  PID    Runtime      # DAGs    # Errors  Last Runtime    Last Run               Last # of DB Queries
-----------------------------------------  -----  ---------  --------  ----------  --------------  -------------------  ----------------------
/opt/airflow/dags/driven_data_pipeline.py                           1           0  0.15s           2025-11-24T23:44:50                      12
================================================================================
[2025-11-24T23:45:47.560+0000] {manager.py:997} INFO - 
================================================================================
DAG File Processing Stats

File Path                                  PID    Runtime      # DAGs    # Errors  Last Runtime    Last Run               Last # of DB Queries
-----------------------------------------  -----  ---------  --------  ----------  --------------  -------------------  ----------------------
/opt/airflow/dags/driven_data_pipeline.py                           1           0  0.15s           2025-11-24T23:45:20                      12
================================================================================
[2025-11-24T23:46:18.016+0000] {manager.py:997} INFO - 
================================================================================
DAG File Processing Stats

File Path                                  PID    Runtime      # DAGs    # Errors  Last Runtime    Last Run               Last # of DB Queries
-----------------------------------------  -----  ---------  --------  ----------  --------------  -------------------  ----------------------
/opt/airflow/dags/driven_data_pipeline.py                           1           0  0.16s           2025-11-24T23:45:50                      12
================================================================================
[2025-11-24T23:46:48.327+0000] {manager.py:997} INFO - 
================================================================================
DAG File Processing Stats

File Path                                  PID    Runtime      # DAGs    # Errors  Last Runtime    Last Run               Last # of DB Queries
-----------------------------------------  -----  ---------  --------  ----------  --------------  -------------------  ----------------------
/opt/airflow/dags/driven_data_pipeline.py                           1           0  0.19s           2025-11-24T23:46:21                      12
================================================================================
[2025-11-24T23:47:18.636+0000] {manager.py:997} INFO - 
================================================================================
DAG File Processing Stats

File Path                                  PID    Runtime      # DAGs    # Errors  Last Runtime    Last Run               Last # of DB Queries
-----------------------------------------  -----  ---------  --------  ----------  --------------  -------------------  ----------------------
/opt/airflow/dags/driven_data_pipeline.py                           1           0  0.15s           2025-11-24T23:46:51                      12
================================================================================
[2025-11-24T23:47:49.109+0000] {manager.py:997} INFO - 
================================================================================
DAG File Processing Stats

File Path                                  PID    Runtime      # DAGs    # Errors  Last Runtime    Last Run               Last # of DB Queries
-----------------------------------------  -----  ---------  --------  ----------  --------------  -------------------  ----------------------
/opt/airflow/dags/driven_data_pipeline.py                           1           0  0.16s           2025-11-24T23:47:21                      12
================================================================================
[2025-11-24T23:48:19.418+0000] {manager.py:997} INFO - 
================================================================================
DAG File Processing Stats

File Path                                  PID    Runtime      # DAGs    # Errors  Last Runtime    Last Run               Last # of DB Queries
-----------------------------------------  -----  ---------  --------  ----------  --------------  -------------------  ----------------------
/opt/airflow/dags/driven_data_pipeline.py                           1           0  0.14s           2025-11-24T23:47:52                      12
================================================================================
[2025-11-24T23:48:49.900+0000] {manager.py:997} INFO - 
================================================================================
DAG File Processing Stats

File Path                                  PID    Runtime      # DAGs    # Errors  Last Runtime    Last Run               Last # of DB Queries
-----------------------------------------  -----  ---------  --------  ----------  --------------  -------------------  ----------------------
/opt/airflow/dags/driven_data_pipeline.py                           1           0  0.22s           2025-11-24T23:48:22                      12
================================================================================
[2025-11-24T23:48:52.928+0000] {manager.py:821} INFO - Searching for files in /opt/airflow/dags
[2025-11-24T23:48:52.949+0000] {manager.py:824} INFO - There are 1 files in /opt/airflow/dags
[2025-11-24T23:49:20.312+0000] {manager.py:997} INFO - 
================================================================================
DAG File Processing Stats

File Path                                  PID    Runtime      # DAGs    # Errors  Last Runtime    Last Run               Last # of DB Queries
-----------------------------------------  -----  ---------  --------  ----------  --------------  -------------------  ----------------------
/opt/airflow/dags/driven_data_pipeline.py                           1           0  0.16s           2025-11-24T23:48:53                      12
================================================================================
[2025-11-24T23:49:50.725+0000] {manager.py:997} INFO - 
================================================================================
DAG File Processing Stats

File Path                                  PID    Runtime      # DAGs    # Errors  Last Runtime    Last Run               Last # of DB Queries
-----------------------------------------  -----  ---------  --------  ----------  --------------  -------------------  ----------------------
/opt/airflow/dags/driven_data_pipeline.py                           1           0  0.14s           2025-11-24T23:49:23                      12
================================================================================
[2025-11-24T23:50:21.113+0000] {manager.py:997} INFO - 
================================================================================
DAG File Processing Stats

File Path                                  PID    Runtime      # DAGs    # Errors  Last Runtime    Last Run               Last # of DB Queries
-----------------------------------------  -----  ---------  --------  ----------  --------------  -------------------  ----------------------
/opt/airflow/dags/driven_data_pipeline.py                           1           0  0.27s           2025-11-24T23:49:54                      12
================================================================================
[2025-11-24T23:50:51.450+0000] {manager.py:997} INFO - 
================================================================================
DAG File Processing Stats

File Path                                  PID    Runtime      # DAGs    # Errors  Last Runtime    Last Run               Last # of DB Queries
-----------------------------------------  -----  ---------  --------  ----------  --------------  -------------------  ----------------------
/opt/airflow/dags/driven_data_pipeline.py                           1           0  0.16s           2025-11-24T23:50:24                      12
================================================================================
[2025-11-24T23:51:21.893+0000] {manager.py:997} INFO - 
================================================================================
DAG File Processing Stats

File Path                                  PID    Runtime      # DAGs    # Errors  Last Runtime    Last Run               Last # of DB Queries
-----------------------------------------  -----  ---------  --------  ----------  --------------  -------------------  ----------------------
/opt/airflow/dags/driven_data_pipeline.py                           1           0  0.14s           2025-11-24T23:50:54                      12
================================================================================
[2025-11-24T23:51:52.214+0000] {manager.py:997} INFO - 
================================================================================
DAG File Processing Stats

File Path                                  PID    Runtime      # DAGs    # Errors  Last Runtime    Last Run               Last # of DB Queries
-----------------------------------------  -----  ---------  --------  ----------  --------------  -------------------  ----------------------
/opt/airflow/dags/driven_data_pipeline.py                           1           0  0.17s           2025-11-24T23:51:25                      12
================================================================================
[2025-11-24T23:52:22.664+0000] {manager.py:997} INFO - 
================================================================================
DAG File Processing Stats

File Path                                  PID    Runtime      # DAGs    # Errors  Last Runtime    Last Run               Last # of DB Queries
-----------------------------------------  -----  ---------  --------  ----------  --------------  -------------------  ----------------------
/opt/airflow/dags/driven_data_pipeline.py                           1           0  0.15s           2025-11-24T23:51:55                      12
================================================================================
[2025-11-24T23:52:53.009+0000] {manager.py:997} INFO - 
================================================================================
DAG File Processing Stats

File Path                                  PID    Runtime      # DAGs    # Errors  Last Runtime    Last Run               Last # of DB Queries
-----------------------------------------  -----  ---------  --------  ----------  --------------  -------------------  ----------------------
/opt/airflow/dags/driven_data_pipeline.py                           1           0  0.14s           2025-11-24T23:52:25                      12
================================================================================
[2025-11-24T23:53:23.416+0000] {manager.py:997} INFO - 
================================================================================
DAG File Processing Stats

File Path                                  PID    Runtime      # DAGs    # Errors  Last Runtime    Last Run               Last # of DB Queries
-----------------------------------------  -----  ---------  --------  ----------  --------------  -------------------  ----------------------
/opt/airflow/dags/driven_data_pipeline.py                           1           0  0.21s           2025-11-24T23:52:56                      12
================================================================================
[2025-11-24T23:53:53.863+0000] {manager.py:821} INFO - Searching for files in /opt/airflow/dags
[2025-11-24T23:53:53.886+0000] {manager.py:824} INFO - There are 1 files in /opt/airflow/dags
[2025-11-24T23:53:53.899+0000] {manager.py:997} INFO - 
================================================================================
DAG File Processing Stats

File Path                                  PID    Runtime      # DAGs    # Errors  Last Runtime    Last Run               Last # of DB Queries
-----------------------------------------  -----  ---------  --------  ----------  --------------  -------------------  ----------------------
/opt/airflow/dags/driven_data_pipeline.py                           1           0  0.20s           2025-11-24T23:53:26                      12
================================================================================
[2025-11-24T23:54:24.293+0000] {manager.py:997} INFO - 
================================================================================
DAG File Processing Stats

File Path                                  PID    Runtime      # DAGs    # Errors  Last Runtime    Last Run               Last # of DB Queries
-----------------------------------------  -----  ---------  --------  ----------  --------------  -------------------  ----------------------
/opt/airflow/dags/driven_data_pipeline.py                           1           0  0.70s           2025-11-24T23:53:57                      12
================================================================================
[2025-11-24T23:54:54.325+0000] {manager.py:997} INFO - 
================================================================================
DAG File Processing Stats

File Path                                  PID    Runtime      # DAGs    # Errors  Last Runtime    Last Run               Last # of DB Queries
-----------------------------------------  -----  ---------  --------  ----------  --------------  -------------------  ----------------------
/opt/airflow/dags/driven_data_pipeline.py                           1           0  0.17s           2025-11-24T23:54:28                      12
================================================================================
[2025-11-24T23:55:24.642+0000] {manager.py:997} INFO - 
================================================================================
DAG File Processing Stats

File Path                                  PID    Runtime      # DAGs    # Errors  Last Runtime    Last Run               Last # of DB Queries
-----------------------------------------  -----  ---------  --------  ----------  --------------  -------------------  ----------------------
/opt/airflow/dags/driven_data_pipeline.py                           1           0  0.20s           2025-11-24T23:54:58                      12
================================================================================
[2025-11-24T23:55:54.982+0000] {manager.py:997} INFO - 
================================================================================
DAG File Processing Stats

File Path                                  PID    Runtime      # DAGs    # Errors  Last Runtime    Last Run               Last # of DB Queries
-----------------------------------------  -----  ---------  --------  ----------  --------------  -------------------  ----------------------
/opt/airflow/dags/driven_data_pipeline.py                           1           0  0.16s           2025-11-24T23:55:28                      12
================================================================================
[2025-11-24T23:56:25.419+0000] {manager.py:997} INFO - 
================================================================================
DAG File Processing Stats

File Path                                  PID    Runtime      # DAGs    # Errors  Last Runtime    Last Run               Last # of DB Queries
-----------------------------------------  -----  ---------  --------  ----------  --------------  -------------------  ----------------------
/opt/airflow/dags/driven_data_pipeline.py                           1           0  0.14s           2025-11-24T23:55:59                      12
================================================================================
[2025-11-24T23:56:55.776+0000] {manager.py:997} INFO - 
================================================================================
DAG File Processing Stats

File Path                                  PID    Runtime      # DAGs    # Errors  Last Runtime    Last Run               Last # of DB Queries
-----------------------------------------  -----  ---------  --------  ----------  --------------  -------------------  ----------------------
/opt/airflow/dags/driven_data_pipeline.py                           1           0  0.14s           2025-11-24T23:56:29                      12
================================================================================
[2025-11-24T23:57:26.186+0000] {manager.py:997} INFO - 
================================================================================
DAG File Processing Stats

File Path                                  PID    Runtime      # DAGs    # Errors  Last Runtime    Last Run               Last # of DB Queries
-----------------------------------------  -----  ---------  --------  ----------  --------------  -------------------  ----------------------
/opt/airflow/dags/driven_data_pipeline.py                           1           0  0.20s           2025-11-24T23:57:00                      12
================================================================================
[2025-11-24T23:57:56.558+0000] {manager.py:997} INFO - 
================================================================================
DAG File Processing Stats

File Path                                  PID    Runtime      # DAGs    # Errors  Last Runtime    Last Run               Last # of DB Queries
-----------------------------------------  -----  ---------  --------  ----------  --------------  -------------------  ----------------------
/opt/airflow/dags/driven_data_pipeline.py                           1           0  0.18s           2025-11-24T23:57:30                      12
================================================================================
[2025-11-24T23:58:27.000+0000] {manager.py:997} INFO - 
================================================================================
DAG File Processing Stats

File Path                                  PID    Runtime      # DAGs    # Errors  Last Runtime    Last Run               Last # of DB Queries
-----------------------------------------  -----  ---------  --------  ----------  --------------  -------------------  ----------------------
/opt/airflow/dags/driven_data_pipeline.py                           1           0  0.16s           2025-11-24T23:58:00                      12
================================================================================
[2025-11-24T23:58:54.307+0000] {manager.py:821} INFO - Searching for files in /opt/airflow/dags
[2025-11-24T23:58:54.339+0000] {manager.py:824} INFO - There are 1 files in /opt/airflow/dags
[2025-11-24T23:58:57.385+0000] {manager.py:997} INFO - 
================================================================================
DAG File Processing Stats

File Path                                  PID    Runtime      # DAGs    # Errors  Last Runtime    Last Run               Last # of DB Queries
-----------------------------------------  -----  ---------  --------  ----------  --------------  -------------------  ----------------------
/opt/airflow/dags/driven_data_pipeline.py                           1           0  0.17s           2025-11-24T23:58:31                      12
================================================================================
[2025-11-24T23:59:27.759+0000] {manager.py:997} INFO - 
================================================================================
DAG File Processing Stats

File Path                                  PID    Runtime      # DAGs    # Errors  Last Runtime    Last Run               Last # of DB Queries
-----------------------------------------  -----  ---------  --------  ----------  --------------  -------------------  ----------------------
/opt/airflow/dags/driven_data_pipeline.py                           1           0  0.16s           2025-11-24T23:59:01                      12
================================================================================
[2025-11-24T23:59:58.147+0000] {manager.py:997} INFO - 
================================================================================
DAG File Processing Stats

File Path                                  PID    Runtime      # DAGs    # Errors  Last Runtime    Last Run               Last # of DB Queries
-----------------------------------------  -----  ---------  --------  ----------  --------------  -------------------  ----------------------
/opt/airflow/dags/driven_data_pipeline.py                           1           0  0.14s           2025-11-24T23:59:31                      12
================================================================================
[2025-11-25T00:00:28.630+0000] {manager.py:997} INFO - 
================================================================================
DAG File Processing Stats

File Path                                  PID    Runtime      # DAGs    # Errors  Last Runtime    Last Run               Last # of DB Queries
-----------------------------------------  -----  ---------  --------  ----------  --------------  -------------------  ----------------------
/opt/airflow/dags/driven_data_pipeline.py                           1           0  0.15s           2025-11-25T00:00:02                      12
================================================================================
[2025-11-25T00:00:58.965+0000] {manager.py:997} INFO - 
================================================================================
DAG File Processing Stats

File Path                                  PID    Runtime      # DAGs    # Errors  Last Runtime    Last Run               Last # of DB Queries
-----------------------------------------  -----  ---------  --------  ----------  --------------  -------------------  ----------------------
/opt/airflow/dags/driven_data_pipeline.py                           1           0  0.21s           2025-11-25T00:00:32                      12
================================================================================
[2025-11-25T00:01:29.301+0000] {manager.py:997} INFO - 
================================================================================
DAG File Processing Stats

File Path                                  PID    Runtime      # DAGs    # Errors  Last Runtime    Last Run               Last # of DB Queries
-----------------------------------------  -----  ---------  --------  ----------  --------------  -------------------  ----------------------
/opt/airflow/dags/driven_data_pipeline.py                           1           0  0.14s           2025-11-25T00:01:03                      12
================================================================================
[2025-11-25T00:01:59.679+0000] {manager.py:997} INFO - 
================================================================================
DAG File Processing Stats

File Path                                  PID    Runtime      # DAGs    # Errors  Last Runtime    Last Run               Last # of DB Queries
-----------------------------------------  -----  ---------  --------  ----------  --------------  -------------------  ----------------------
/opt/airflow/dags/driven_data_pipeline.py                           1           0  0.14s           2025-11-25T00:01:33                      12
================================================================================
[2025-11-25T00:02:30.051+0000] {manager.py:997} INFO - 
================================================================================
DAG File Processing Stats

File Path                                  PID    Runtime      # DAGs    # Errors  Last Runtime    Last Run               Last # of DB Queries
-----------------------------------------  -----  ---------  --------  ----------  --------------  -------------------  ----------------------
/opt/airflow/dags/driven_data_pipeline.py                           1           0  0.14s           2025-11-25T00:02:03                      12
================================================================================
[2025-11-25T00:03:00.456+0000] {manager.py:997} INFO - 
================================================================================
DAG File Processing Stats

File Path                                  PID    Runtime      # DAGs    # Errors  Last Runtime    Last Run               Last # of DB Queries
-----------------------------------------  -----  ---------  --------  ----------  --------------  -------------------  ----------------------
/opt/airflow/dags/driven_data_pipeline.py                           1           0  0.15s           2025-11-25T00:02:34                      12
================================================================================
[2025-11-25T00:03:30.821+0000] {manager.py:997} INFO - 
================================================================================
DAG File Processing Stats

File Path                                  PID    Runtime      # DAGs    # Errors  Last Runtime    Last Run               Last # of DB Queries
-----------------------------------------  -----  ---------  --------  ----------  --------------  -------------------  ----------------------
/opt/airflow/dags/driven_data_pipeline.py                           1           0  0.14s           2025-11-25T00:03:04                      12
================================================================================
[2025-11-25T00:03:55.125+0000] {manager.py:821} INFO - Searching for files in /opt/airflow/dags
[2025-11-25T00:03:55.166+0000] {manager.py:824} INFO - There are 1 files in /opt/airflow/dags
[2025-11-25T00:04:01.254+0000] {manager.py:997} INFO - 
================================================================================
DAG File Processing Stats

File Path                                  PID    Runtime      # DAGs    # Errors  Last Runtime    Last Run               Last # of DB Queries
-----------------------------------------  -----  ---------  --------  ----------  --------------  -------------------  ----------------------
/opt/airflow/dags/driven_data_pipeline.py                           1           0  0.22s           2025-11-25T00:03:35                      12
================================================================================
[2025-11-25T00:04:31.662+0000] {manager.py:997} INFO - 
================================================================================
DAG File Processing Stats

File Path                                  PID    Runtime      # DAGs    # Errors  Last Runtime    Last Run               Last # of DB Queries
-----------------------------------------  -----  ---------  --------  ----------  --------------  -------------------  ----------------------
/opt/airflow/dags/driven_data_pipeline.py                           1           0  0.19s           2025-11-25T00:04:05                      12
================================================================================
[2025-11-25T00:05:02.046+0000] {manager.py:997} INFO - 
================================================================================
DAG File Processing Stats

File Path                                  PID    Runtime      # DAGs    # Errors  Last Runtime    Last Run               Last # of DB Queries
-----------------------------------------  -----  ---------  --------  ----------  --------------  -------------------  ----------------------
/opt/airflow/dags/driven_data_pipeline.py                           1           0  0.14s           2025-11-25T00:04:35                      12
================================================================================
[2025-11-25T00:05:32.372+0000] {manager.py:997} INFO - 
================================================================================
DAG File Processing Stats

File Path                                  PID    Runtime      # DAGs    # Errors  Last Runtime    Last Run               Last # of DB Queries
-----------------------------------------  -----  ---------  --------  ----------  --------------  -------------------  ----------------------
/opt/airflow/dags/driven_data_pipeline.py                           1           0  0.15s           2025-11-25T00:05:06                      12
================================================================================
[2025-11-25T00:06:02.780+0000] {manager.py:997} INFO - 
================================================================================
DAG File Processing Stats

File Path                                  PID    Runtime      # DAGs    # Errors  Last Runtime    Last Run               Last # of DB Queries
-----------------------------------------  -----  ---------  --------  ----------  --------------  -------------------  ----------------------
/opt/airflow/dags/driven_data_pipeline.py                           1           0  0.15s           2025-11-25T00:05:36                      12
================================================================================
[2025-11-25T00:06:33.102+0000] {manager.py:997} INFO - 
================================================================================
DAG File Processing Stats

File Path                                  PID    Runtime      # DAGs    # Errors  Last Runtime    Last Run               Last # of DB Queries
-----------------------------------------  -----  ---------  --------  ----------  --------------  -------------------  ----------------------
/opt/airflow/dags/driven_data_pipeline.py                           1           0  0.19s           2025-11-25T00:06:07                      12
================================================================================
[2025-11-25T00:07:03.544+0000] {manager.py:997} INFO - 
================================================================================
DAG File Processing Stats

File Path                                  PID    Runtime      # DAGs    # Errors  Last Runtime    Last Run               Last # of DB Queries
-----------------------------------------  -----  ---------  --------  ----------  --------------  -------------------  ----------------------
/opt/airflow/dags/driven_data_pipeline.py                           1           0  0.17s           2025-11-25T00:06:37                      12
================================================================================
[2025-11-25T00:07:33.855+0000] {manager.py:997} INFO - 
================================================================================
DAG File Processing Stats

File Path                                  PID    Runtime      # DAGs    # Errors  Last Runtime    Last Run               Last # of DB Queries
-----------------------------------------  -----  ---------  --------  ----------  --------------  -------------------  ----------------------
/opt/airflow/dags/driven_data_pipeline.py                           1           0  0.20s           2025-11-25T00:07:07                      12
================================================================================
[2025-11-25T00:08:04.160+0000] {manager.py:997} INFO - 
================================================================================
DAG File Processing Stats

File Path                                  PID    Runtime      # DAGs    # Errors  Last Runtime    Last Run               Last # of DB Queries
-----------------------------------------  -----  ---------  --------  ----------  --------------  -------------------  ----------------------
/opt/airflow/dags/driven_data_pipeline.py                           1           0  0.17s           2025-11-25T00:07:38                      12
================================================================================
[2025-11-25T00:08:34.614+0000] {manager.py:997} INFO - 
================================================================================
DAG File Processing Stats

File Path                                  PID    Runtime      # DAGs    # Errors  Last Runtime    Last Run               Last # of DB Queries
-----------------------------------------  -----  ---------  --------  ----------  --------------  -------------------  ----------------------
/opt/airflow/dags/driven_data_pipeline.py                           1           0  0.15s           2025-11-25T00:08:08                      12
================================================================================
[2025-11-25T00:08:55.867+0000] {manager.py:821} INFO - Searching for files in /opt/airflow/dags
[2025-11-25T00:08:55.899+0000] {manager.py:824} INFO - There are 1 files in /opt/airflow/dags
[2025-11-25T00:09:05.017+0000] {manager.py:997} INFO - 
================================================================================
DAG File Processing Stats

File Path                                  PID    Runtime      # DAGs    # Errors  Last Runtime    Last Run               Last # of DB Queries
-----------------------------------------  -----  ---------  --------  ----------  --------------  -------------------  ----------------------
/opt/airflow/dags/driven_data_pipeline.py                           1           0  0.18s           2025-11-25T00:08:38                      12
================================================================================
[2025-11-25T00:09:35.444+0000] {manager.py:997} INFO - 
================================================================================
DAG File Processing Stats

File Path                                  PID    Runtime      # DAGs    # Errors  Last Runtime    Last Run               Last # of DB Queries
-----------------------------------------  -----  ---------  --------  ----------  --------------  -------------------  ----------------------
/opt/airflow/dags/driven_data_pipeline.py                           1           0  0.16s           2025-11-25T00:09:09                      12
================================================================================
[2025-11-25T00:10:05.820+0000] {manager.py:997} INFO - 
================================================================================
DAG File Processing Stats

File Path                                  PID    Runtime      # DAGs    # Errors  Last Runtime    Last Run               Last # of DB Queries
-----------------------------------------  -----  ---------  --------  ----------  --------------  -------------------  ----------------------
/opt/airflow/dags/driven_data_pipeline.py                           1           0  0.19s           2025-11-25T00:09:39                      12
================================================================================
[2025-11-25T00:10:36.210+0000] {manager.py:997} INFO - 
================================================================================
DAG File Processing Stats

File Path                                  PID    Runtime      # DAGs    # Errors  Last Runtime    Last Run               Last # of DB Queries
-----------------------------------------  -----  ---------  --------  ----------  --------------  -------------------  ----------------------
/opt/airflow/dags/driven_data_pipeline.py                           1           0  0.19s           2025-11-25T00:10:10                      12
================================================================================
[2025-11-25T00:11:06.606+0000] {manager.py:997} INFO - 
================================================================================
DAG File Processing Stats

File Path                                  PID    Runtime      # DAGs    # Errors  Last Runtime    Last Run               Last # of DB Queries
-----------------------------------------  -----  ---------  --------  ----------  --------------  -------------------  ----------------------
/opt/airflow/dags/driven_data_pipeline.py                           1           0  0.21s           2025-11-25T00:10:40                      12
================================================================================
[2025-11-25T00:11:37.066+0000] {manager.py:997} INFO - 
================================================================================
DAG File Processing Stats

File Path                                  PID    Runtime      # DAGs    # Errors  Last Runtime    Last Run               Last # of DB Queries
-----------------------------------------  -----  ---------  --------  ----------  --------------  -------------------  ----------------------
/opt/airflow/dags/driven_data_pipeline.py                           1           0  0.21s           2025-11-25T00:11:10                      12
================================================================================
[2025-11-25T00:12:07.518+0000] {manager.py:997} INFO - 
================================================================================
DAG File Processing Stats

File Path                                  PID    Runtime      # DAGs    # Errors  Last Runtime    Last Run               Last # of DB Queries
-----------------------------------------  -----  ---------  --------  ----------  --------------  -------------------  ----------------------
/opt/airflow/dags/driven_data_pipeline.py                           1           0  0.15s           2025-11-25T00:11:41                      12
================================================================================
[2025-11-25T00:12:37.840+0000] {manager.py:997} INFO - 
================================================================================
DAG File Processing Stats

File Path                                  PID    Runtime      # DAGs    # Errors  Last Runtime    Last Run               Last # of DB Queries
-----------------------------------------  -----  ---------  --------  ----------  --------------  -------------------  ----------------------
/opt/airflow/dags/driven_data_pipeline.py                           1           0  0.31s           2025-11-25T00:12:11                      12
================================================================================
[2025-11-25T00:13:08.148+0000] {manager.py:997} INFO - 
================================================================================
DAG File Processing Stats

File Path                                  PID    Runtime      # DAGs    # Errors  Last Runtime    Last Run               Last # of DB Queries
-----------------------------------------  -----  ---------  --------  ----------  --------------  -------------------  ----------------------
/opt/airflow/dags/driven_data_pipeline.py                           1           0  0.18s           2025-11-25T00:12:42                      12
================================================================================
[2025-11-25T00:13:38.448+0000] {manager.py:997} INFO - 
================================================================================
DAG File Processing Stats

File Path                                  PID    Runtime      # DAGs    # Errors  Last Runtime    Last Run               Last # of DB Queries
-----------------------------------------  -----  ---------  --------  ----------  --------------  -------------------  ----------------------
/opt/airflow/dags/driven_data_pipeline.py                           1           0  0.15s           2025-11-25T00:13:12                      12
================================================================================
[2025-11-25T00:13:56.772+0000] {manager.py:821} INFO - Searching for files in /opt/airflow/dags
[2025-11-25T00:13:56.808+0000] {manager.py:824} INFO - There are 1 files in /opt/airflow/dags
[2025-11-25T00:14:08.954+0000] {manager.py:997} INFO - 
================================================================================
DAG File Processing Stats

File Path                                  PID    Runtime      # DAGs    # Errors  Last Runtime    Last Run               Last # of DB Queries
-----------------------------------------  -----  ---------  --------  ----------  --------------  -------------------  ----------------------
/opt/airflow/dags/driven_data_pipeline.py                           1           0  0.19s           2025-11-25T00:13:42                      12
================================================================================
[2025-11-25T00:14:39.327+0000] {manager.py:997} INFO - 
================================================================================
DAG File Processing Stats

File Path                                  PID    Runtime      # DAGs    # Errors  Last Runtime    Last Run               Last # of DB Queries
-----------------------------------------  -----  ---------  --------  ----------  --------------  -------------------  ----------------------
/opt/airflow/dags/driven_data_pipeline.py                           1           0  0.14s           2025-11-25T00:14:13                      12
================================================================================
[2025-11-25T00:15:09.686+0000] {manager.py:997} INFO - 
================================================================================
DAG File Processing Stats

File Path                                  PID    Runtime      # DAGs    # Errors  Last Runtime    Last Run               Last # of DB Queries
-----------------------------------------  -----  ---------  --------  ----------  --------------  -------------------  ----------------------
/opt/airflow/dags/driven_data_pipeline.py                           1           0  0.15s           2025-11-25T00:14:43                      12
================================================================================
[2025-11-25T00:15:40.050+0000] {manager.py:997} INFO - 
================================================================================
DAG File Processing Stats

File Path                                  PID    Runtime      # DAGs    # Errors  Last Runtime    Last Run               Last # of DB Queries
-----------------------------------------  -----  ---------  --------  ----------  --------------  -------------------  ----------------------
/opt/airflow/dags/driven_data_pipeline.py                           1           0  0.22s           2025-11-25T00:15:13                      12
================================================================================
